Date-time CET-CEST (DD/MM/YYYY HH:mm),DMA 1 (L/s),DMA 2 (L/s)
1/1/2021 0:00,NaN,NaN
1/1/2021 1:00,NaN,NaN
1/1/2021 2:00,NaN,NaN
1/1/2021 3:00,NaN,NaN
1/1/2021 4:00,NaN,NaN
1/1/2021 5:00,NaN,NaN
1/1/2021 6:00,NaN,NaN
1/1/2021 7:00,NaN,NaN
1/1/2021 8:00,NaN,NaN
1/1/2021 9:00,NaN,NaN
1/1/2021 10:00,NaN,NaN
1/1/2021 11:00,NaN,NaN
1/1/2021 12:00,NaN,NaN
1/1/2021 13:00,NaN,NaN
1/1/2021 14:00,NaN,NaN
1/1/2021 15:00,NaN,NaN
1/1/2021 16:00,8.75,10.15
1/1/2021 17:00,5.45,9.17
1/1/2021 18:00,5.86,9.18
1/1/2021 19:00,5.84,9.7
1/1/2021 20:00,5.83,9.85
1/1/2021 21:00,5.81,9.3
1/1/2021 22:00,4.81,8.93
1/1/2021 23:00,4.41,8.56
2/1/2021 0:00,3.36,8.16
2/1/2021 1:00,2.38,7.87
2/1/2021 2:00,3.24,7.76
2/1/2021 3:00,3.14,7.66
2/1/2021 4:00,2.79,7.74
2/1/2021 5:00,3.8,7.86
2/1/2021 6:00,4.58,8.14
2/1/2021 7:00,5.84,8.89
2/1/2021 8:00,6.69,9.99
2/1/2021 9:00,7.88,11.08
2/1/2021 10:00,8.08,11.15
2/1/2021 11:00,7.61,10.99
2/1/2021 12:00,7.05,10.8
2/1/2021 13:00,6.74,10.53
2/1/2021 14:00,6.4,10.11
2/1/2021 15:00,5.81,9.67
2/1/2021 16:00,5.08,9.83
2/1/2021 17:00,4.97,9.35
2/1/2021 18:00,4.51,9.37
2/1/2021 19:00,5.88,9.97
2/1/2021 20:00,6.19,9.88
2/1/2021 21:00,5.54,9.11
2/1/2021 22:00,5.01,9.12
2/1/2021 23:00,4.51,8.73
3/1/2021 0:00,4.15,8.16
3/1/2021 1:00,3.75,7.93
3/1/2021 2:00,3.69,7.75
3/1/2021 3:00,3.57,7.64
3/1/2021 4:00,3.59,7.6
3/1/2021 5:00,3.71,7.79
3/1/2021 6:00,4.26,7.77
3/1/2021 7:00,5.9,8.59
3/1/2021 8:00,5.49,10.03
3/1/2021 9:00,7.56,11.54
3/1/2021 10:00,8.14,11.78
3/1/2021 11:00,7.79,11.45
3/1/2021 12:00,6.88,11.76
3/1/2021 13:00,7.43,11.14
3/1/2021 14:00,7.09,9.94
3/1/2021 15:00,6.51,9.84
3/1/2021 16:00,5.91,9.52
3/1/2021 17:00,6.68,9.77
3/1/2021 18:00,6.8,9.97
3/1/2021 19:00,7.27,10.15
3/1/2021 20:00,7.33,10.16
3/1/2021 21:00,6.49,9.31
3/1/2021 22:00,6.04,9.29
3/1/2021 23:00,4.72,8.52
4/1/2021 0:00,3.96,7.99
4/1/2021 1:00,2.92,7.77
4/1/2021 2:00,3.18,7.7
4/1/2021 3:00,3.63,7.67
4/1/2021 4:00,3.17,7.66
4/1/2021 5:00,4.04,7.89
4/1/2021 6:00,5.3,8.77
4/1/2021 7:00,7.46,9.57
4/1/2021 8:00,10.2,10.21
4/1/2021 9:00,10.44,10.12
4/1/2021 10:00,11.23,10.35
4/1/2021 11:00,10.03,9.87
4/1/2021 12:00,8.53,9.85
4/1/2021 13:00,8.86,9.94
4/1/2021 14:00,8.46,9.58
4/1/2021 15:00,8.13,9.49
4/1/2021 16:00,6.14,9.23
4/1/2021 17:00,6.68,9.42
4/1/2021 18:00,5.8,9.39
4/1/2021 19:00,7.5,10
4/1/2021 20:00,7.43,9.93
4/1/2021 21:00,6.63,9.35
4/1/2021 22:00,5.98,8.77
4/1/2021 23:00,5.17,8.5
5/1/2021 0:00,4.58,8.07
5/1/2021 1:00,4.44,7.73
5/1/2021 2:00,10.44,7.74
5/1/2021 3:00,4.97,7.92
5/1/2021 4:00,4.22,7.83
5/1/2021 5:00,4.79,8.03
5/1/2021 6:00,5.67,8.54
5/1/2021 7:00,6.53,9.76
5/1/2021 8:00,9.29,10.3
5/1/2021 9:00,8.86,10.31
5/1/2021 10:00,NaN,10.73
5/1/2021 11:00,8.18,10.75
5/1/2021 12:00,8.13,10.3
5/1/2021 13:00,8.27,9.73
5/1/2021 14:00,8.9,9.61
5/1/2021 15:00,8.72,9.72
5/1/2021 16:00,7.98,9.17
5/1/2021 17:00,7.17,9.63
5/1/2021 18:00,6.63,9.67
5/1/2021 19:00,7.36,10.09
5/1/2021 20:00,6.9,9.78
5/1/2021 21:00,5.85,9.21
5/1/2021 22:00,4.77,8.96
5/1/2021 23:00,3.91,8.38
6/1/2021 0:00,3.52,8.16
6/1/2021 1:00,2.76,7.8
6/1/2021 2:00,3.88,7.75
6/1/2021 3:00,4.78,7.74
6/1/2021 4:00,4.64,7.77
6/1/2021 5:00,4.39,7.74
6/1/2021 6:00,4.89,7.93
6/1/2021 7:00,6.08,8.8
6/1/2021 8:00,8.55,9.83
6/1/2021 9:00,8.48,11.04
6/1/2021 10:00,7.95,11.39
6/1/2021 11:00,8.06,11.14
6/1/2021 12:00,6.73,10.56
6/1/2021 13:00,6.78,10.44
6/1/2021 14:00,6.14,9.9
6/1/2021 15:00,6.05,9.57
6/1/2021 16:00,5.91,9.2
6/1/2021 17:00,5.72,9.61
6/1/2021 18:00,6.23,9.75
6/1/2021 19:00,6.77,10.29
6/1/2021 20:00,6.6,10.22
6/1/2021 21:00,5.5,9.5
6/1/2021 22:00,4.64,8.79
6/1/2021 23:00,4.13,8.86
7/1/2021 0:00,4.16,8.17
7/1/2021 1:00,4.01,7.82
7/1/2021 2:00,4.58,7.66
7/1/2021 3:00,4.12,7.86
7/1/2021 4:00,3.95,7.87
7/1/2021 5:00,3.12,8.25
7/1/2021 6:00,4.66,9.31
7/1/2021 7:00,7.47,10.57
7/1/2021 8:00,8.43,10.63
7/1/2021 9:00,8.47,10.54
7/1/2021 10:00,7.58,9.99
7/1/2021 11:00,7.77,9.41
7/1/2021 12:00,8.72,9.26
7/1/2021 13:00,9.05,9.24
7/1/2021 14:00,9.69,9.39
7/1/2021 15:00,9.47,9.43
7/1/2021 16:00,7.69,9.77
7/1/2021 17:00,7.34,9.29
7/1/2021 18:00,6.09,9.56
7/1/2021 19:00,6.1,10.28
7/1/2021 20:00,6.46,9.79
7/1/2021 21:00,5.69,9.68
7/1/2021 22:00,4.13,8.66
7/1/2021 23:00,3.52,8.42
8/1/2021 0:00,3.16,8.07
8/1/2021 1:00,3.85,7.76
8/1/2021 2:00,4.07,7.61
8/1/2021 3:00,4.55,7.61
8/1/2021 4:00,4.3,7.67
8/1/2021 5:00,4.29,7.89
8/1/2021 6:00,5.15,8.83
8/1/2021 7:00,7.55,10.04
8/1/2021 8:00,8.93,10.45
8/1/2021 9:00,9.9,10.03
8/1/2021 10:00,8.46,9.79
8/1/2021 11:00,7.63,9.49
8/1/2021 12:00,7.94,9.68
8/1/2021 13:00,8.61,9.64
8/1/2021 14:00,8.29,9.59
8/1/2021 15:00,8.05,9.52
8/1/2021 16:00,6.6,9.27
8/1/2021 17:00,7.64,9.19
8/1/2021 18:00,6.52,9.62
8/1/2021 19:00,7.5,9.92
8/1/2021 20:00,7.33,9.97
8/1/2021 21:00,6.31,9.45
8/1/2021 22:00,5.29,9.18
8/1/2021 23:00,4.49,8.34
9/1/2021 0:00,3.75,8.06
9/1/2021 1:00,3.55,7.78
9/1/2021 2:00,4.18,7.67
9/1/2021 3:00,3.17,7.71
9/1/2021 4:00,2.74,7.65
9/1/2021 5:00,2.58,8.27
9/1/2021 6:00,3.36,NaN
9/1/2021 7:00,6.07,9.26
9/1/2021 8:00,7.76,10.35
9/1/2021 9:00,8.65,11.48
9/1/2021 10:00,9.27,11.5
9/1/2021 11:00,8.51,11.64
9/1/2021 12:00,7.89,10.4
9/1/2021 13:00,7.41,10.57
9/1/2021 14:00,6.4,10.41
9/1/2021 15:00,6.56,9.8
9/1/2021 16:00,5.74,9.99
9/1/2021 17:00,5.55,9.84
9/1/2021 18:00,5.7,9.98
9/1/2021 19:00,6.52,9.62
9/1/2021 20:00,6.7,10
9/1/2021 21:00,6.48,9.45
9/1/2021 22:00,5.29,9.02
9/1/2021 23:00,4.78,8.71
10/1/2021 0:00,4.53,8.18
10/1/2021 1:00,3.88,7.91
10/1/2021 2:00,4.12,7.72
10/1/2021 3:00,4.18,7.72
10/1/2021 4:00,3.74,7.7
10/1/2021 5:00,4,7.71
10/1/2021 6:00,4.35,7.97
10/1/2021 7:00,5.77,8.59
10/1/2021 8:00,6.26,9.95
10/1/2021 9:00,6.7,11.21
10/1/2021 10:00,7.42,10.94
10/1/2021 11:00,6.96,11.12
10/1/2021 12:00,7.23,11.79
10/1/2021 13:00,7.31,11.18
10/1/2021 14:00,7.17,10.32
10/1/2021 15:00,6.77,10.01
10/1/2021 16:00,6.9,9.82
10/1/2021 17:00,6.35,10.25
10/1/2021 18:00,6.56,10.18
10/1/2021 19:00,7.35,10.42
10/1/2021 20:00,7.64,10.64
10/1/2021 21:00,6.52,9.72
10/1/2021 22:00,5.09,9.13
10/1/2021 23:00,4.44,8.81
11/1/2021 0:00,3.29,8.13
11/1/2021 1:00,2.31,7.81
11/1/2021 2:00,3,7.76
11/1/2021 3:00,3.53,7.88
11/1/2021 4:00,3.21,8.02
11/1/2021 5:00,4.27,8.34
11/1/2021 6:00,5.19,9.3
11/1/2021 7:00,9.01,10.46
11/1/2021 8:00,10.07,10.5
11/1/2021 9:00,9.55,10.15
11/1/2021 10:00,9.3,9.94
11/1/2021 11:00,8.92,9.3
11/1/2021 12:00,9.21,9.57
11/1/2021 13:00,9.01,9.82
11/1/2021 14:00,8.59,9.47
11/1/2021 15:00,10.64,9.2
11/1/2021 16:00,7.12,9.23
11/1/2021 17:00,6.68,9.37
11/1/2021 18:00,6.17,9.65
11/1/2021 19:00,6.51,10.19
11/1/2021 20:00,6.93,10.26
11/1/2021 21:00,6.54,9.73
11/1/2021 22:00,5.63,9.04
11/1/2021 23:00,4.21,8.46
12/1/2021 0:00,4.21,7.99
12/1/2021 1:00,3.78,7.93
12/1/2021 2:00,10.75,7.78
12/1/2021 3:00,4.42,7.81
12/1/2021 4:00,3.81,7.84
12/1/2021 5:00,4.22,8.2
12/1/2021 6:00,6.04,8.97
12/1/2021 7:00,8.4,10.52
12/1/2021 8:00,8.99,10.64
12/1/2021 9:00,9.13,10.27
12/1/2021 10:00,8.78,10.04
12/1/2021 11:00,7.62,9.67
12/1/2021 12:00,7.81,9.29
12/1/2021 13:00,8.67,9.54
12/1/2021 14:00,8.72,9.45
12/1/2021 15:00,NaN,9.45
12/1/2021 16:00,NaN,9.17
12/1/2021 17:00,NaN,9.28
12/1/2021 18:00,NaN,9.89
12/1/2021 19:00,NaN,10.65
12/1/2021 20:00,NaN,11.05
12/1/2021 21:00,NaN,11.01
12/1/2021 22:00,NaN,NaN
12/1/2021 23:00,NaN,NaN
13/01/2021 00:00,NaN,NaN
13/01/2021 01:00,NaN,NaN
13/01/2021 02:00,NaN,NaN
13/01/2021 03:00,NaN,NaN
13/01/2021 04:00,4.18,9.75
13/01/2021 05:00,5.27,8.07
13/01/2021 06:00,6.01,8.98
13/01/2021 07:00,9.81,10.52
13/01/2021 08:00,9.77,10.76
13/01/2021 09:00,9.32,10.44
13/01/2021 10:00,8.99,10.47
13/01/2021 11:00,8.6,9.95
13/01/2021 12:00,8.32,9.79
13/01/2021 13:00,8.02,9.72
13/01/2021 14:00,8.14,9.92
13/01/2021 15:00,8.18,9.5
13/01/2021 16:00,7.02,10.01
13/01/2021 17:00,7.37,9.72
13/01/2021 18:00,7.52,9.61
13/01/2021 19:00,7.42,10.4
13/01/2021 20:00,7.75,10.11
13/01/2021 21:00,6.04,9.89
13/01/2021 22:00,4.75,8.93
13/01/2021 23:00,4.46,8.65
14/01/2021 00:00,4.4,8.07
14/01/2021 01:00,4.9,7.85
14/01/2021 02:00,4.28,7.78
14/01/2021 03:00,4.01,7.75
14/01/2021 04:00,3.88,7.83
14/01/2021 05:00,2.75,8.06
14/01/2021 06:00,4.19,9.13
14/01/2021 07:00,8.81,10.62
14/01/2021 08:00,8.87,10.91
14/01/2021 09:00,8.61,9.76
14/01/2021 10:00,8,10.08
14/01/2021 11:00,8.6,9.31
14/01/2021 12:00,8.08,9.53
14/01/2021 13:00,8.86,9.71
14/01/2021 14:00,9.21,9.99
14/01/2021 15:00,9.25,9.56
14/01/2021 16:00,7.49,9.24
14/01/2021 17:00,6.84,9.63
14/01/2021 18:00,6.75,10.04
14/01/2021 19:00,7.01,10.27
14/01/2021 20:00,7.33,10.26
14/01/2021 21:00,6.47,9.69
14/01/2021 22:00,3.9,9.01
14/01/2021 23:00,3.36,8.49
15/01/2021 00:00,3.06,8.06
15/01/2021 01:00,4.02,7.89
15/01/2021 02:00,4.3,7.93
15/01/2021 03:00,4.97,7.81
15/01/2021 04:00,4.73,7.84
15/01/2021 05:00,4.68,8.16
15/01/2021 06:00,6.13,9.16
15/01/2021 07:00,9.29,10.42
15/01/2021 08:00,8.94,10.39
15/01/2021 09:00,9.6,10.26
15/01/2021 10:00,9.02,9.52
15/01/2021 11:00,7.97,9.23
15/01/2021 12:00,7.86,9.46
15/01/2021 13:00,8.31,10.1
15/01/2021 14:00,9.18,9.76
15/01/2021 15:00,9.53,9.87
15/01/2021 16:00,9.21,9.58
15/01/2021 17:00,9.18,9.11
15/01/2021 18:00,6.67,9.93
15/01/2021 19:00,7.09,9.88
15/01/2021 20:00,7.33,9.94
15/01/2021 21:00,6.5,9.7
15/01/2021 22:00,5.83,9.14
15/01/2021 23:00,5.12,8.72
16/01/2021 00:00,4.69,8.21
16/01/2021 01:00,4.28,7.94
16/01/2021 02:00,5.08,7.82
16/01/2021 03:00,3.51,7.84
16/01/2021 04:00,3.12,8.04
16/01/2021 05:00,3.19,8.32
16/01/2021 06:00,4.35,8.4
16/01/2021 07:00,6.4,9.68
16/01/2021 08:00,7.85,10.84
16/01/2021 09:00,8.56,11.3
16/01/2021 10:00,8.8,11.15
16/01/2021 11:00,8.8,10.14
16/01/2021 12:00,7.99,10.76
16/01/2021 13:00,7.94,10.53
16/01/2021 14:00,NaN,10.46
16/01/2021 15:00,NaN,10.36
16/01/2021 16:00,NaN,10.18
16/01/2021 17:00,NaN,NaN
16/01/2021 18:00,NaN,NaN
16/01/2021 19:00,NaN,NaN
16/01/2021 20:00,NaN,NaN
16/01/2021 21:00,NaN,NaN
16/01/2021 22:00,NaN,NaN
16/01/2021 23:00,NaN,NaN
17/01/2021 00:00,NaN,NaN
17/01/2021 01:00,NaN,NaN
17/01/2021 02:00,NaN,NaN
17/01/2021 03:00,NaN,NaN
17/01/2021 04:00,NaN,NaN
17/01/2021 05:00,NaN,NaN
17/01/2021 06:00,NaN,NaN
17/01/2021 07:00,NaN,NaN
17/01/2021 08:00,NaN,NaN
17/01/2021 09:00,NaN,NaN
17/01/2021 10:00,NaN,NaN
17/01/2021 11:00,NaN,NaN
17/01/2021 12:00,NaN,NaN
17/01/2021 13:00,NaN,NaN
17/01/2021 14:00,NaN,NaN
17/01/2021 15:00,NaN,NaN
17/01/2021 16:00,NaN,NaN
17/01/2021 17:00,NaN,NaN
17/01/2021 18:00,NaN,NaN
17/01/2021 19:00,NaN,NaN
17/01/2021 20:00,NaN,NaN
17/01/2021 21:00,NaN,NaN
17/01/2021 22:00,NaN,NaN
17/01/2021 23:00,NaN,NaN
18/01/2021 00:00,NaN,NaN
18/01/2021 01:00,NaN,NaN
18/01/2021 02:00,NaN,NaN
18/01/2021 03:00,NaN,NaN
18/01/2021 04:00,NaN,NaN
18/01/2021 05:00,NaN,NaN
18/01/2021 06:00,NaN,NaN
18/01/2021 07:00,NaN,NaN
18/01/2021 08:00,NaN,NaN
18/01/2021 09:00,NaN,NaN
18/01/2021 10:00,NaN,NaN
18/01/2021 11:00,NaN,NaN
18/01/2021 12:00,NaN,NaN
18/01/2021 13:00,NaN,NaN
18/01/2021 14:00,NaN,NaN
18/01/2021 15:00,NaN,NaN
18/01/2021 16:00,6.52,9.89
18/01/2021 17:00,6.73,9.55
18/01/2021 18:00,6.48,9.96
18/01/2021 19:00,8.22,10.67
18/01/2021 20:00,9.22,10.44
18/01/2021 21:00,7.4,10.06
18/01/2021 22:00,5.89,9.29
18/01/2021 23:00,5.01,8.79
19/01/2021 00:00,4.26,8.35
19/01/2021 01:00,4.43,8.09
19/01/2021 02:00,11.2,7.99
19/01/2021 03:00,4.41,8.07
19/01/2021 04:00,3.2,8.06
19/01/2021 05:00,3.1,8.49
19/01/2021 06:00,4.37,9.3
19/01/2021 07:00,8.23,10.91
19/01/2021 08:00,8.79,10.9
19/01/2021 09:00,8.63,10.78
19/01/2021 10:00,8.34,10.3
19/01/2021 11:00,8.8,10.41
19/01/2021 12:00,8.69,10.11
19/01/2021 13:00,9.19,10.13
19/01/2021 14:00,9.08,9.94
19/01/2021 15:00,8.7,9.97
19/01/2021 16:00,7.91,9.58
19/01/2021 17:00,6.88,9.65
19/01/2021 18:00,6.56,10.34
19/01/2021 19:00,7.16,10.85
19/01/2021 20:00,6.92,10.75
19/01/2021 21:00,4.75,10.21
19/01/2021 22:00,3.68,9.36
19/01/2021 23:00,3.6,8.88
20/01/2021 00:00,3.4,8.4
20/01/2021 01:00,4.15,8.23
20/01/2021 02:00,4.59,8.03
20/01/2021 03:00,6.88,8.33
20/01/2021 04:00,6.95,8.29
20/01/2021 05:00,5.76,8.38
20/01/2021 06:00,7,9.34
20/01/2021 07:00,10.1,10.68
20/01/2021 08:00,NaN,10.77
20/01/2021 09:00,10.2,10.15
20/01/2021 10:00,9.65,10.08
20/01/2021 11:00,9.27,10.1
20/01/2021 12:00,9.03,10.02
20/01/2021 13:00,9.88,10.08
20/01/2021 14:00,10.54,10.11
20/01/2021 15:00,9.97,9.54
20/01/2021 16:00,7.46,9.56
20/01/2021 17:00,7.92,9.56
20/01/2021 18:00,7.83,9.97
20/01/2021 19:00,8.59,10.43
20/01/2021 20:00,8.28,10.65
20/01/2021 21:00,7.8,9.78
20/01/2021 22:00,6.65,8.87
20/01/2021 23:00,5.69,8.93
21/01/2021 00:00,5.53,8.18
21/01/2021 01:00,5.28,7.98
21/01/2021 02:00,4.54,8.05
21/01/2021 03:00,3.88,8.25
21/01/2021 04:00,2.71,8.32
21/01/2021 05:00,4.02,8.37
21/01/2021 06:00,5.45,9.24
21/01/2021 07:00,10.3,10.6
21/01/2021 08:00,9.32,10.69
21/01/2021 09:00,9.66,10.45
21/01/2021 10:00,9.22,10.27
21/01/2021 11:00,9.45,9.98
21/01/2021 12:00,8.81,9.74
21/01/2021 13:00,9.38,9.78
21/01/2021 14:00,9.14,9.86
21/01/2021 15:00,NaN,9.41
21/01/2021 16:00,NaN,9.28
21/01/2021 17:00,NaN,NaN
21/01/2021 18:00,NaN,NaN
21/01/2021 19:00,NaN,NaN
21/01/2021 20:00,NaN,NaN
21/01/2021 21:00,NaN,NaN
21/01/2021 22:00,NaN,NaN
21/01/2021 23:00,NaN,NaN
22/01/2021 00:00,NaN,8.83
22/01/2021 01:00,NaN,8.02
22/01/2021 02:00,NaN,7.89
22/01/2021 03:00,NaN,7.91
22/01/2021 04:00,3.95,7.93
22/01/2021 05:00,4.49,8.15
22/01/2021 06:00,5.64,8.98
22/01/2021 07:00,8.18,10.4
22/01/2021 08:00,8.38,10.72
22/01/2021 09:00,8.32,10.36
22/01/2021 10:00,7.61,10.09
22/01/2021 11:00,8.11,9.47
22/01/2021 12:00,8.42,9.76
22/01/2021 13:00,8.03,9.87
22/01/2021 14:00,8.97,10.08
22/01/2021 15:00,8.44,9.71
22/01/2021 16:00,6.94,9.47
22/01/2021 17:00,6.86,9.19
22/01/2021 18:00,5.98,9.73
22/01/2021 19:00,6.58,10.11
22/01/2021 20:00,6.92,10.49
22/01/2021 21:00,5.93,9.53
22/01/2021 22:00,5.04,8.87
22/01/2021 23:00,3.95,8.83
23/01/2021 00:00,3.2,8.26
23/01/2021 01:00,2.76,8.11
23/01/2021 02:00,3.56,7.92
23/01/2021 03:00,4.25,7.85
23/01/2021 04:00,3.99,7.98
23/01/2021 05:00,3.82,8.24
23/01/2021 06:00,4.59,8.33
23/01/2021 07:00,6.93,9.51
23/01/2021 08:00,7.91,10.32
23/01/2021 09:00,8.24,11
23/01/2021 10:00,8.64,11.21
23/01/2021 11:00,7.85,10.92
23/01/2021 12:00,7.56,10.81
23/01/2021 13:00,6.89,10.55
23/01/2021 14:00,6.93,10.25
23/01/2021 15:00,6,10.19
23/01/2021 16:00,5.25,10.15
23/01/2021 17:00,6.02,9.86
23/01/2021 18:00,6.14,9.69
23/01/2021 19:00,6.32,10.05
23/01/2021 20:00,6.58,10.1
23/01/2021 21:00,5.93,9.74
23/01/2021 22:00,5.33,9.17
23/01/2021 23:00,4.76,8.85
24/01/2021 00:00,4.46,8.59
24/01/2021 01:00,3.85,8.28
24/01/2021 02:00,4,8.23
24/01/2021 03:00,3.83,8.1
24/01/2021 04:00,3.74,8.07
24/01/2021 05:00,2.93,7.98
24/01/2021 06:00,3.16,8.22
24/01/2021 07:00,4.98,8.92
24/01/2021 08:00,6.51,10.47
24/01/2021 09:00,7.48,11.89
24/01/2021 10:00,7.15,11.62
24/01/2021 11:00,7.54,11.29
24/01/2021 12:00,7.75,11.27
24/01/2021 13:00,8.35,10.73
24/01/2021 14:00,7.63,10.76
24/01/2021 15:00,6.75,9.94
24/01/2021 16:00,5.97,10.08
24/01/2021 17:00,6.1,9.98
24/01/2021 18:00,6.1,10.34
24/01/2021 19:00,6.07,10.71
24/01/2021 20:00,6.11,10.49
24/01/2021 21:00,5.24,9.89
24/01/2021 22:00,5.29,9.14
24/01/2021 23:00,3.65,8.87
25/01/2021 00:00,4.01,8.32
25/01/2021 01:00,4.17,8.16
25/01/2021 02:00,4.49,8
25/01/2021 03:00,4.95,8.03
25/01/2021 04:00,4.69,8.12
25/01/2021 05:00,5.21,8.52
25/01/2021 06:00,5.56,9.52
25/01/2021 07:00,8.37,10.77
25/01/2021 08:00,9.11,10.98
25/01/2021 09:00,9.81,10.79
25/01/2021 10:00,9.52,10.19
25/01/2021 11:00,9,9.95
25/01/2021 12:00,8.69,9.92
25/01/2021 13:00,8.63,9.91
25/01/2021 14:00,8.57,9.6
25/01/2021 15:00,7.67,9.69
25/01/2021 16:00,6.91,9.18
25/01/2021 17:00,7.71,9.7
25/01/2021 18:00,7.64,9.59
25/01/2021 19:00,7.74,10.3
25/01/2021 20:00,7.72,10.32
25/01/2021 21:00,6.78,9.47
25/01/2021 22:00,5.22,8.92
25/01/2021 23:00,5.34,8.59
26/01/2021 00:00,4.99,8.03
26/01/2021 01:00,4.69,7.81
26/01/2021 02:00,10.54,7.83
26/01/2021 03:00,3.82,7.81
26/01/2021 04:00,3.26,8.1
26/01/2021 05:00,3.78,8.26
26/01/2021 06:00,5.24,9.2
26/01/2021 07:00,9.58,10.42
26/01/2021 08:00,9.66,10.83
26/01/2021 09:00,9.61,10.6
26/01/2021 10:00,9.63,9.79
26/01/2021 11:00,8.83,10.31
26/01/2021 12:00,9.19,11.06
26/01/2021 13:00,9.65,11.57
26/01/2021 14:00,9.31,11.29
26/01/2021 15:00,8.29,10.86
26/01/2021 16:00,6.2,10.89
26/01/2021 17:00,7.04,10.93
26/01/2021 18:00,6.88,11.27
26/01/2021 19:00,7.38,12.18
26/01/2021 20:00,7.45,11.81
26/01/2021 21:00,6.62,11.33
26/01/2021 22:00,5.45,10.52
26/01/2021 23:00,4.9,10.01
27/01/2021 00:00,4.78,9.7
27/01/2021 01:00,4.47,9.46
27/01/2021 02:00,4.71,9.33
27/01/2021 03:00,5.2,9.39
27/01/2021 04:00,4.7,9.57
27/01/2021 05:00,5.02,9.62
27/01/2021 06:00,6.36,10.62
27/01/2021 07:00,8.78,12.07
27/01/2021 08:00,9.24,12.13
27/01/2021 09:00,9.63,12.08
27/01/2021 10:00,8.76,11.27
27/01/2021 11:00,8.53,10.92
27/01/2021 12:00,8.08,10.9
27/01/2021 13:00,8.77,11.27
27/01/2021 14:00,9,11.07
27/01/2021 15:00,9.05,11.19
27/01/2021 16:00,8.16,10.82
27/01/2021 17:00,7.45,11.19
27/01/2021 18:00,8.06,11.56
27/01/2021 19:00,8.1,12.25
27/01/2021 20:00,8.07,11.91
27/01/2021 21:00,6.31,11.06
27/01/2021 22:00,4.55,10.63
27/01/2021 23:00,4.06,10.13
28/01/2021 00:00,3.68,9.55
28/01/2021 01:00,3.18,9.47
28/01/2021 02:00,4.07,9.3
28/01/2021 03:00,4.74,9.32
28/01/2021 04:00,4.53,9.37
28/01/2021 05:00,4.61,9.61
28/01/2021 06:00,5.61,10.49
28/01/2021 07:00,9.64,11.9
28/01/2021 08:00,9.51,11.85
28/01/2021 09:00,10.05,11.86
28/01/2021 10:00,8.97,11.29
28/01/2021 11:00,8.69,11.02
28/01/2021 12:00,8.32,11.01
28/01/2021 13:00,8.87,11.28
28/01/2021 14:00,9.48,11.15
28/01/2021 15:00,9.11,10.89
28/01/2021 16:00,7.85,10.96
28/01/2021 17:00,7.09,9.71
28/01/2021 18:00,7.02,9.67
28/01/2021 19:00,7.04,9.97
28/01/2021 20:00,7.43,10.27
28/01/2021 21:00,6.87,9.2
28/01/2021 22:00,5.75,8.65
28/01/2021 23:00,4.73,8.52
29/01/2021 00:00,3.92,8.08
29/01/2021 01:00,3.78,7.69
29/01/2021 02:00,4.19,7.73
29/01/2021 03:00,4.76,7.76
29/01/2021 04:00,3.63,8.05
29/01/2021 05:00,3.58,8.52
29/01/2021 06:00,4.97,9.08
29/01/2021 07:00,8.62,10.37
29/01/2021 08:00,8.6,10.55
29/01/2021 09:00,8.72,10.21
29/01/2021 10:00,9.74,9.57
29/01/2021 11:00,9.89,9.43
29/01/2021 12:00,10.22,9.3
29/01/2021 13:00,10.76,9.46
29/01/2021 14:00,10.24,9.42
29/01/2021 15:00,8.94,9.17
29/01/2021 16:00,7.21,9.12
29/01/2021 17:00,6.53,9.36
29/01/2021 18:00,6.43,9.53
29/01/2021 19:00,7.35,10.2
29/01/2021 20:00,6.56,10.17
29/01/2021 21:00,5.82,9.03
29/01/2021 22:00,3.9,8.77
29/01/2021 23:00,4.23,8.47
30/01/2021 00:00,4.33,8.03
30/01/2021 01:00,3.95,7.74
30/01/2021 02:00,4.92,7.72
30/01/2021 03:00,4.91,7.67
30/01/2021 04:00,3.73,7.95
30/01/2021 05:00,4.39,7.86
30/01/2021 06:00,6.45,8.12
30/01/2021 07:00,8.31,9.3
30/01/2021 08:00,8.49,10.52
30/01/2021 09:00,8.86,10.84
30/01/2021 10:00,8.25,11.19
30/01/2021 11:00,8.02,10.41
30/01/2021 12:00,6.84,10.53
30/01/2021 13:00,6.85,10.74
30/01/2021 14:00,7.02,10.28
30/01/2021 15:00,6.13,9.72
30/01/2021 16:00,5.54,9.95
30/01/2021 17:00,5.48,10.18
30/01/2021 18:00,6.23,10.19
30/01/2021 19:00,6.44,9.96
30/01/2021 20:00,6.99,9.75
30/01/2021 21:00,6.37,9.05
30/01/2021 22:00,5.51,8.6
30/01/2021 23:00,5,8.47
31/01/2021 00:00,4.07,8.25
31/01/2021 01:00,3.88,7.9
31/01/2021 02:00,3.78,7.66
31/01/2021 03:00,3.53,7.65
31/01/2021 04:00,2.85,7.6
31/01/2021 05:00,2.99,7.74
31/01/2021 06:00,4.05,8
31/01/2021 07:00,5.98,8.66
31/01/2021 08:00,6.24,10.28
31/01/2021 09:00,6.93,11.19
31/01/2021 10:00,7.94,11.46
31/01/2021 11:00,8,10.99
31/01/2021 12:00,7.34,11.71
31/01/2021 13:00,7.46,10.5
31/01/2021 14:00,7.11,10.2
31/01/2021 15:00,6.37,9.41
31/01/2021 16:00,5.69,9.9
31/01/2021 17:00,5.1,9.98
31/01/2021 18:00,5.42,10.27
31/01/2021 19:00,5.87,10.28
31/01/2021 20:00,6.2,10.8
31/01/2021 21:00,5.45,9.73
31/01/2021 22:00,5.31,8.88
31/01/2021 23:00,5.26,8.5
1/2/2021 0:00,4.05,7.93
1/2/2021 1:00,4.23,7.74
1/2/2021 2:00,4.49,7.68
1/2/2021 3:00,5.31,7.77
1/2/2021 4:00,5.25,8
1/2/2021 5:00,5.36,8.25
1/2/2021 6:00,6.65,9.14
1/2/2021 7:00,9.22,10.72
1/2/2021 8:00,10.41,10.72
1/2/2021 9:00,9.47,10.47
1/2/2021 10:00,9.11,10.17
1/2/2021 11:00,8.44,9.66
1/2/2021 12:00,8.33,9.64
1/2/2021 13:00,9.32,9.87
1/2/2021 14:00,8.68,9.9
1/2/2021 15:00,7.93,9.45
1/2/2021 16:00,8.51,9.43
1/2/2021 17:00,10.93,9.29
1/2/2021 18:00,7.32,9.49
1/2/2021 19:00,7.87,10.03
1/2/2021 20:00,7.47,10.52
1/2/2021 21:00,6.54,9.58
1/2/2021 22:00,4.67,9.11
1/2/2021 23:00,4.61,8.49
2/2/2021 0:00,3.87,7.93
2/2/2021 1:00,2.97,7.71
2/2/2021 2:00,10.64,7.64
2/2/2021 3:00,3.59,7.63
2/2/2021 4:00,2.54,7.72
2/2/2021 5:00,3.88,8.01
2/2/2021 6:00,5.18,8.72
2/2/2021 7:00,8.65,10.49
2/2/2021 8:00,9.81,10.56
2/2/2021 9:00,9.16,10
2/2/2021 10:00,9.04,9.65
2/2/2021 11:00,9.23,9.35
2/2/2021 12:00,9.32,9.28
2/2/2021 13:00,8.33,9.46
2/2/2021 14:00,8.53,9.29
2/2/2021 15:00,8.08,9.3
2/2/2021 16:00,7.09,9.43
2/2/2021 17:00,6.29,9.08
2/2/2021 18:00,7.06,9.81
2/2/2021 19:00,7.15,10.01
2/2/2021 20:00,7.21,10.52
2/2/2021 21:00,6.88,9.7
2/2/2021 22:00,4.6,8.87
2/2/2021 23:00,4.84,8.39
3/2/2021 0:00,4.37,8.03
3/2/2021 1:00,4.45,7.77
3/2/2021 2:00,4.73,7.68
3/2/2021 3:00,5.5,7.79
3/2/2021 4:00,5,7.76
3/2/2021 5:00,4.96,8.22
3/2/2021 6:00,4.86,8.86
3/2/2021 7:00,7.48,10.41
3/2/2021 8:00,8.77,10.34
3/2/2021 9:00,8.82,10.03
3/2/2021 10:00,8.4,9.85
3/2/2021 11:00,7.83,9.43
3/2/2021 12:00,8.18,9.3
3/2/2021 13:00,9.45,9.44
3/2/2021 14:00,9.75,9.42
3/2/2021 15:00,9.92,9.47
3/2/2021 16:00,8.09,9.22
3/2/2021 17:00,7.24,9.12
3/2/2021 18:00,6.95,9.7
3/2/2021 19:00,7.19,10.38
3/2/2021 20:00,6.82,10.33
3/2/2021 21:00,6.29,9.67
3/2/2021 22:00,4.44,8.86
3/2/2021 23:00,3.81,8.4
4/2/2021 0:00,3.48,7.92
4/2/2021 1:00,4.26,7.71
4/2/2021 2:00,3.98,7.73
4/2/2021 3:00,5.06,7.79
4/2/2021 4:00,4.25,7.85
4/2/2021 5:00,4.26,7.89
4/2/2021 6:00,5.58,9.14
4/2/2021 7:00,8.65,10.58
4/2/2021 8:00,9.57,10.3
4/2/2021 9:00,9.66,10.15
4/2/2021 10:00,9.73,9.43
4/2/2021 11:00,10.2,9.65
4/2/2021 12:00,9.04,9.26
4/2/2021 13:00,8.61,9.68
4/2/2021 14:00,8.3,9.65
4/2/2021 15:00,7.84,9.44
4/2/2021 16:00,7.09,9.16
4/2/2021 17:00,6.03,9.52
4/2/2021 18:00,6.49,9.94
4/2/2021 19:00,7.81,10.46
4/2/2021 20:00,7.07,9.93
4/2/2021 21:00,6.28,9.79
4/2/2021 22:00,5.23,8.88
4/2/2021 23:00,5.02,8.42
5/2/2021 0:00,4.43,8.04
5/2/2021 1:00,4.12,7.78
5/2/2021 2:00,4.43,7.76
5/2/2021 3:00,4.91,7.65
5/2/2021 4:00,4.65,7.76
5/2/2021 5:00,3.74,7.94
5/2/2021 6:00,4.65,9.07
5/2/2021 7:00,7.48,10.72
5/2/2021 8:00,8.44,10.21
5/2/2021 9:00,8.32,10.53
5/2/2021 10:00,8.11,9.66
5/2/2021 11:00,8,9.32
5/2/2021 12:00,8.66,9.42
5/2/2021 13:00,8.41,9.65
5/2/2021 14:00,9.53,9.55
5/2/2021 15:00,9.06,9.3
5/2/2021 16:00,8.56,9.2
5/2/2021 17:00,6.9,9.52
5/2/2021 18:00,6.37,9.54
5/2/2021 19:00,6.62,10.13
5/2/2021 20:00,6.57,10.18
5/2/2021 21:00,5.49,9.48
5/2/2021 22:00,3.65,8.93
5/2/2021 23:00,3.7,8.45
6/2/2021 0:00,3.59,8.07
6/2/2021 1:00,3.73,7.93
6/2/2021 2:00,3.8,7.64
6/2/2021 3:00,4.21,7.73
6/2/2021 4:00,3.68,7.96
6/2/2021 5:00,3.67,8.01
6/2/2021 6:00,4.47,8.19
6/2/2021 7:00,6.61,9.28
6/2/2021 8:00,8.09,10.44
6/2/2021 9:00,8.19,10.89
6/2/2021 10:00,8.22,10.67
6/2/2021 11:00,7.36,10.34
6/2/2021 12:00,6.11,10.29
6/2/2021 13:00,6.52,10.31
6/2/2021 14:00,6.87,10.1
6/2/2021 15:00,6.43,9.63
6/2/2021 16:00,6.16,9.45
6/2/2021 17:00,5.2,9.73
6/2/2021 18:00,5.69,9.73
6/2/2021 19:00,6.1,9.85
6/2/2021 20:00,6.36,9.95
6/2/2021 21:00,5.64,9.18
6/2/2021 22:00,5.5,8.93
6/2/2021 23:00,4.93,8.6
7/2/2021 0:00,4.01,8.33
7/2/2021 1:00,3.73,7.83
7/2/2021 2:00,3.45,7.69
7/2/2021 3:00,3.26,7.63
7/2/2021 4:00,3.48,7.69
7/2/2021 5:00,3.14,7.73
7/2/2021 6:00,2.96,7.9
7/2/2021 7:00,4.67,8.83
7/2/2021 8:00,6.51,10.35
7/2/2021 9:00,8.03,11.88
7/2/2021 10:00,8.25,11.51
7/2/2021 11:00,7.62,11.35
7/2/2021 12:00,8.3,10.95
7/2/2021 13:00,7.95,10.13
7/2/2021 14:00,7.39,10.15
7/2/2021 15:00,6.4,9.8
7/2/2021 16:00,6.09,10.06
7/2/2021 17:00,6.15,9.92
7/2/2021 18:00,6.67,10.28
7/2/2021 19:00,6.04,10.58
7/2/2021 20:00,6.14,10.8
7/2/2021 21:00,5.9,9.99
7/2/2021 22:00,4.55,8.99
7/2/2021 23:00,4.17,8.59
8/2/2021 0:00,3.48,8.01
8/2/2021 1:00,4.01,7.81
8/2/2021 2:00,4.52,7.73
8/2/2021 3:00,4.81,7.67
8/2/2021 4:00,4.27,7.74
8/2/2021 5:00,4.13,8
8/2/2021 6:00,5.5,9.25
8/2/2021 7:00,8.16,10.7
8/2/2021 8:00,8.84,10.58
8/2/2021 9:00,9.79,10.59
8/2/2021 10:00,9.89,10.4
8/2/2021 11:00,10.33,9.68
8/2/2021 12:00,12.33,9.48
8/2/2021 13:00,9.08,9.61
8/2/2021 14:00,9.63,9.62
8/2/2021 15:00,8.55,9.58
8/2/2021 16:00,6.69,9.22
8/2/2021 17:00,7.46,9.1
8/2/2021 18:00,7.71,9.65
8/2/2021 19:00,8.19,10.25
8/2/2021 20:00,7.65,10.28
8/2/2021 21:00,6.84,9.67
8/2/2021 22:00,5,9.05
8/2/2021 23:00,5.63,8.61
9/2/2021 0:00,5.29,7.94
9/2/2021 1:00,5.01,7.88
9/2/2021 2:00,12.13,7.71
9/2/2021 3:00,4.33,7.78
9/2/2021 4:00,3.8,7.68
9/2/2021 5:00,3.31,7.96
9/2/2021 6:00,4.58,8.95
9/2/2021 7:00,8.18,10.51
9/2/2021 8:00,8.89,10.31
9/2/2021 9:00,8.69,9.44
9/2/2021 10:00,9.42,9.61
9/2/2021 11:00,8.73,9.58
9/2/2021 12:00,8.77,9.17
9/2/2021 13:00,9.43,9.41
9/2/2021 14:00,8.82,9.63
9/2/2021 15:00,8.09,9.18
9/2/2021 16:00,6.79,9.3
9/2/2021 17:00,5.46,9.16
9/2/2021 18:00,5.71,9.45
9/2/2021 19:00,6.2,10.29
9/2/2021 20:00,6.33,10.01
9/2/2021 21:00,4.67,9.38
9/2/2021 22:00,4.28,8.83
9/2/2021 23:00,4.47,8.53
10/2/2021 0:00,3.78,7.95
10/2/2021 1:00,3.87,7.76
10/2/2021 2:00,4.05,7.65
10/2/2021 3:00,5.22,7.66
10/2/2021 4:00,4.51,7.61
10/2/2021 5:00,4.17,8.04
10/2/2021 6:00,4.95,8.85
10/2/2021 7:00,8.27,10.54
10/2/2021 8:00,8.64,10.16
10/2/2021 9:00,8.38,9.8
10/2/2021 10:00,9.21,9.34
10/2/2021 11:00,9.14,9.23
10/2/2021 12:00,8.72,9.48
10/2/2021 13:00,8.35,9.71
10/2/2021 14:00,8.65,9.35
10/2/2021 15:00,8.38,9.42
10/2/2021 16:00,6.8,8.91
10/2/2021 17:00,7.13,9.07
10/2/2021 18:00,7.52,9.41
10/2/2021 19:00,6.82,10.2
10/2/2021 20:00,6.74,9.96
10/2/2021 21:00,6.12,9.57
10/2/2021 22:00,5.19,9.16
10/2/2021 23:00,4.55,8.64
11/2/2021 0:00,3.32,7.89
11/2/2021 1:00,2.29,7.73
11/2/2021 2:00,3.23,7.65
11/2/2021 3:00,3.48,7.82
11/2/2021 4:00,3.07,7.65
11/2/2021 5:00,4.19,7.91
11/2/2021 6:00,5.58,8.7
11/2/2021 7:00,9.04,10.34
11/2/2021 8:00,8.66,10.55
11/2/2021 9:00,9.8,10.15
11/2/2021 10:00,8.94,9.55
11/2/2021 11:00,8.15,9.37
11/2/2021 12:00,8.27,9.64
11/2/2021 13:00,9.16,9.57
11/2/2021 14:00,8.58,9.23
11/2/2021 15:00,8.12,8.99
11/2/2021 16:00,7.12,9.19
11/2/2021 17:00,6.31,9
11/2/2021 18:00,6.07,9.57
11/2/2021 19:00,7.49,9.98
11/2/2021 20:00,7.8,10.06
11/2/2021 21:00,8.07,NaN
11/2/2021 22:00,NaN,NaN
11/2/2021 23:00,NaN,NaN
12/2/2021 0:00,NaN,NaN
12/2/2021 1:00,NaN,NaN
12/2/2021 2:00,NaN,NaN
12/2/2021 3:00,NaN,NaN
12/2/2021 4:00,4.93,7.92
12/2/2021 5:00,3.48,7.89
12/2/2021 6:00,4.64,8.81
12/2/2021 7:00,8.39,10.05
12/2/2021 8:00,8.58,10.49
12/2/2021 9:00,8.39,10.23
12/2/2021 10:00,8.32,9.47
12/2/2021 11:00,8.53,9.53
12/2/2021 12:00,8.99,9.28
12/2/2021 13:00,9.47,9.38
12/2/2021 14:00,9.61,9.28
12/2/2021 15:00,8.95,9.49
12/2/2021 16:00,8.05,9.24
12/2/2021 17:00,6.35,9.42
12/2/2021 18:00,6.37,9.59
12/2/2021 19:00,6.34,9.85
12/2/2021 20:00,6.8,9.65
12/2/2021 21:00,5.75,9.51
12/2/2021 22:00,4.73,8.8
12/2/2021 23:00,4.46,8.33
13/02/2021 00:00,4.6,7.99
13/02/2021 01:00,4.73,7.81
13/02/2021 02:00,5.65,7.71
13/02/2021 03:00,5.71,7.65
13/02/2021 04:00,3.89,7.68
13/02/2021 05:00,4.08,7.78
13/02/2021 06:00,4.81,8.09
13/02/2021 07:00,6.66,9.19
13/02/2021 08:00,7.42,10.31
13/02/2021 09:00,6.47,10.8
13/02/2021 10:00,7.26,10.56
13/02/2021 11:00,7.15,10.02
13/02/2021 12:00,7.45,10.37
13/02/2021 13:00,8.74,10.47
13/02/2021 14:00,9.35,9.68
13/02/2021 15:00,8.75,9.61
13/02/2021 16:00,7.37,9.59
13/02/2021 17:00,6.1,9.38
13/02/2021 18:00,7.29,9.89
13/02/2021 19:00,7.56,9.88
13/02/2021 20:00,8.03,9.7
13/02/2021 21:00,7.38,9.22
13/02/2021 22:00,6.26,8.92
13/02/2021 23:00,5.58,8.48
14/02/2021 00:00,5.13,8.23
14/02/2021 01:00,5.02,7.93
14/02/2021 02:00,4.35,7.8
14/02/2021 03:00,3.99,7.69
14/02/2021 04:00,3.85,7.76
14/02/2021 05:00,4.14,7.71
14/02/2021 06:00,4.27,8.11
14/02/2021 07:00,7.32,9.11
14/02/2021 08:00,8.05,10.46
14/02/2021 09:00,9.39,11.78
14/02/2021 10:00,9.8,11.74
14/02/2021 11:00,9.04,11.32
14/02/2021 12:00,9.27,11.07
14/02/2021 13:00,8.32,11.04
14/02/2021 14:00,8.92,10.84
14/02/2021 15:00,9.05,9.8
14/02/2021 16:00,8.45,9.58
14/02/2021 17:00,7.05,9.74
14/02/2021 18:00,6.88,9.9
14/02/2021 19:00,7.7,10.56
14/02/2021 20:00,7.78,9.96
14/02/2021 21:00,7.18,9.28
14/02/2021 22:00,6.08,9.03
14/02/2021 23:00,5.25,8.49
15/02/2021 00:00,5.04,7.93
15/02/2021 01:00,5.06,7.69
15/02/2021 02:00,5.07,7.6
15/02/2021 03:00,6.2,7.74
15/02/2021 04:00,5.85,7.67
15/02/2021 05:00,6.17,8.31
15/02/2021 06:00,6.38,9.11
15/02/2021 07:00,9.41,10.24
15/02/2021 08:00,9.38,10.96
15/02/2021 09:00,9.88,10.72
15/02/2021 10:00,9.49,9.86
15/02/2021 11:00,8.44,9.74
15/02/2021 12:00,7.89,9.78
15/02/2021 13:00,8.45,9.95
15/02/2021 14:00,8.47,9.72
15/02/2021 15:00,9.21,9.36
15/02/2021 16:00,8.84,9.09
15/02/2021 17:00,7.31,9.68
15/02/2021 18:00,7.57,9.71
15/02/2021 19:00,7.85,10.19
15/02/2021 20:00,9.64,10.01
15/02/2021 21:00,6.78,9.36
15/02/2021 22:00,3.9,8.79
15/02/2021 23:00,3.9,8.37
16/02/2021 00:00,3.58,7.84
16/02/2021 01:00,3.13,7.83
16/02/2021 02:00,12.26,7.63
16/02/2021 03:00,5.06,7.63
16/02/2021 04:00,3.98,7.67
16/02/2021 05:00,NaN,7.67
16/02/2021 06:00,NaN,NaN
16/02/2021 07:00,NaN,NaN
16/02/2021 08:00,NaN,8.95
16/02/2021 09:00,NaN,10.56
16/02/2021 10:00,NaN,9.86
16/02/2021 11:00,NaN,9.62
16/02/2021 12:00,5.04,9.56
16/02/2021 13:00,9.25,9.71
16/02/2021 14:00,9.82,9.57
16/02/2021 15:00,8.51,9.47
16/02/2021 16:00,7.27,9.16
16/02/2021 17:00,5.5,9.31
16/02/2021 18:00,6.52,9.81
16/02/2021 19:00,7.7,9.95
16/02/2021 20:00,7.26,10.22
16/02/2021 21:00,6.59,9.28
16/02/2021 22:00,4.51,8.96
16/02/2021 23:00,4.38,8.45
17/02/2021 00:00,3.83,7.99
17/02/2021 01:00,3.56,7.76
17/02/2021 02:00,3.8,7.67
17/02/2021 03:00,4.08,7.59
17/02/2021 04:00,3.26,7.64
17/02/2021 05:00,2.93,7.79
17/02/2021 06:00,4.47,8.5
17/02/2021 07:00,8.14,10.08
17/02/2021 08:00,9.36,9.77
17/02/2021 09:00,9.48,NaN
17/02/2021 10:00,NaN,NaN
17/02/2021 11:00,NaN,NaN
17/02/2021 12:00,9.21,9.4
17/02/2021 13:00,8.71,9.74
17/02/2021 14:00,9.4,9.56
17/02/2021 15:00,8.14,9.49
17/02/2021 16:00,6.43,9.27
17/02/2021 17:00,6.06,9.34
17/02/2021 18:00,6.44,9.87
17/02/2021 19:00,6.46,10.15
17/02/2021 20:00,6.51,10.26
17/02/2021 21:00,5.7,9.58
17/02/2021 22:00,4.51,9.24
17/02/2021 23:00,4.56,8.45
18/02/2021 00:00,4.16,8
18/02/2021 01:00,3.68,7.82
18/02/2021 02:00,4.52,7.96
18/02/2021 03:00,4.97,7.89
18/02/2021 04:00,4.19,7.84
18/02/2021 05:00,4.22,7.98
18/02/2021 06:00,5.84,8.9
18/02/2021 07:00,8.61,10.37
18/02/2021 08:00,8.89,10.71
18/02/2021 09:00,8.45,10.26
18/02/2021 10:00,8.74,9.83
18/02/2021 11:00,8.34,9.43
18/02/2021 12:00,8.28,9.41
18/02/2021 13:00,9.25,9.45
18/02/2021 14:00,8.55,9.71
18/02/2021 15:00,8.18,9.31
18/02/2021 16:00,6.42,9.37
18/02/2021 17:00,6.99,9.48
18/02/2021 18:00,6.47,9.61
18/02/2021 19:00,6.98,9.8
18/02/2021 20:00,6.42,10.2
18/02/2021 21:00,5.66,9.65
18/02/2021 22:00,4.44,8.87
18/02/2021 23:00,3.28,8.31
19/02/2021 00:00,3.16,8.66
19/02/2021 01:00,3.59,8.77
19/02/2021 02:00,3.78,8.9
19/02/2021 03:00,4.97,8.74
19/02/2021 04:00,4.25,7.84
19/02/2021 05:00,4.13,7.95
19/02/2021 06:00,5.7,9.17
19/02/2021 07:00,8.23,10.37
19/02/2021 08:00,8.17,10.46
19/02/2021 09:00,8.65,9.94
19/02/2021 10:00,7.88,9.38
19/02/2021 11:00,7.33,9.17
19/02/2021 12:00,7.73,9.36
19/02/2021 13:00,8.56,9.53
19/02/2021 14:00,9.32,9.69
19/02/2021 15:00,8.16,9.27
19/02/2021 16:00,6.23,9.13
19/02/2021 17:00,6.56,9.45
19/02/2021 18:00,6.31,9.67
19/02/2021 19:00,6.52,10.14
19/02/2021 20:00,7.13,10.01
19/02/2021 21:00,6.39,9.53
19/02/2021 22:00,5.81,8.84
19/02/2021 23:00,5.54,8.6
20/02/2021 00:00,4.37,8.15
20/02/2021 01:00,3.43,7.9
20/02/2021 02:00,3.5,7.73
20/02/2021 03:00,4.1,7.93
20/02/2021 04:00,2.85,7.86
20/02/2021 05:00,3.31,7.89
20/02/2021 06:00,5.06,8.42
20/02/2021 07:00,7.82,9.64
20/02/2021 08:00,8.14,10.65
20/02/2021 09:00,8.82,11.61
20/02/2021 10:00,8.85,10.96
20/02/2021 11:00,9.74,10.7
20/02/2021 12:00,7.75,10.18
20/02/2021 13:00,7.34,10.16
20/02/2021 14:00,7.47,10.04
20/02/2021 15:00,6.64,9.92
20/02/2021 16:00,5.43,9.95
20/02/2021 17:00,4.97,10.09
20/02/2021 18:00,5.22,9.85
20/02/2021 19:00,5.57,9.92
20/02/2021 20:00,6.16,10.43
20/02/2021 21:00,5.77,9.63
20/02/2021 22:00,5.13,9.11
20/02/2021 23:00,4.6,8.86
21/02/2021 00:00,4.11,8.33
21/02/2021 01:00,4.06,8.02
21/02/2021 02:00,3.95,7.94
21/02/2021 03:00,3.85,7.89
21/02/2021 04:00,4.03,7.87
21/02/2021 05:00,4.27,7.99
21/02/2021 06:00,4.76,8.36
21/02/2021 07:00,6.12,9.43
21/02/2021 08:00,6.35,10.49
21/02/2021 09:00,7.31,12.36
21/02/2021 10:00,6.76,11.57
21/02/2021 11:00,6.73,11.31
21/02/2021 12:00,6.74,11.07
21/02/2021 13:00,6.36,10.78
21/02/2021 14:00,5.58,10.3
21/02/2021 15:00,5.83,9.94
21/02/2021 16:00,6.14,9.69
21/02/2021 17:00,5.38,10.25
21/02/2021 18:00,6.27,10.5
21/02/2021 19:00,6.59,11.04
21/02/2021 20:00,6.99,10.71
21/02/2021 21:00,5.73,9.84
21/02/2021 22:00,4.91,9.29
21/02/2021 23:00,3.74,8.81
22/02/2021 00:00,2.71,8.35
22/02/2021 01:00,2.47,8.06
22/02/2021 02:00,2.86,8.02
22/02/2021 03:00,3.34,7.99
22/02/2021 04:00,4.04,8.17
22/02/2021 05:00,4.3,8.53
22/02/2021 06:00,5.35,9.42
22/02/2021 07:00,8.65,11.09
22/02/2021 08:00,8.73,11.07
22/02/2021 09:00,8.92,10.7
22/02/2021 10:00,9.62,9.97
22/02/2021 11:00,9.31,10.07
22/02/2021 12:00,7.8,10.03
22/02/2021 13:00,8.5,9.94
22/02/2021 14:00,8.25,9.77
22/02/2021 15:00,8.1,9.67
22/02/2021 16:00,6.7,9.77
22/02/2021 17:00,NaN,9.69
22/02/2021 18:00,6.06,10.23
22/02/2021 19:00,7.52,10.63
22/02/2021 20:00,8.14,10.51
22/02/2021 21:00,6.16,9.99
22/02/2021 22:00,5.45,9.23
22/02/2021 23:00,4.83,8.88
23/02/2021 00:00,3.94,8.28
23/02/2021 01:00,3.75,8.36
23/02/2021 02:00,12.83,8.03
23/02/2021 03:00,3.66,8.08
23/02/2021 04:00,2.23,8.18
23/02/2021 05:00,NaN,8.53
23/02/2021 06:00,4.27,9.72
23/02/2021 07:00,8.16,11.28
23/02/2021 08:00,8.93,11.27
23/02/2021 09:00,8.5,10.74
23/02/2021 10:00,8.89,10.23
23/02/2021 11:00,8.01,9.61
23/02/2021 12:00,8.97,9.9
23/02/2021 13:00,9.86,9.89
23/02/2021 14:00,9.94,10.01
23/02/2021 15:00,9.5,9.79
23/02/2021 16:00,7.74,9.98
23/02/2021 17:00,7.41,10.2
23/02/2021 18:00,6.3,10.72
23/02/2021 19:00,6.42,11.02
23/02/2021 20:00,5.9,10.81
23/02/2021 21:00,5.57,10.21
23/02/2021 22:00,3.03,9.43
23/02/2021 23:00,3.03,9.04
24/02/2021 00:00,3.58,8.45
24/02/2021 01:00,3.55,8.33
24/02/2021 02:00,3.82,8.35
24/02/2021 03:00,4.4,8.44
24/02/2021 04:00,4.09,8.53
24/02/2021 05:00,4.45,8.62
24/02/2021 06:00,4.33,9.64
24/02/2021 07:00,8.74,11.02
24/02/2021 08:00,10.22,11.36
24/02/2021 09:00,8.93,11.17
24/02/2021 10:00,8.52,10.47
24/02/2021 11:00,8.12,9.97
24/02/2021 12:00,7.68,9.82
24/02/2021 13:00,8.61,9.95
24/02/2021 14:00,7.54,10.43
24/02/2021 15:00,7.54,9.93
24/02/2021 16:00,6.19,10.02
24/02/2021 17:00,6.24,9.97
24/02/2021 18:00,7.15,10.38
24/02/2021 19:00,7.08,11.05
24/02/2021 20:00,7.01,11.02
24/02/2021 21:00,5.56,10.16
24/02/2021 22:00,5.19,9.33
24/02/2021 23:00,4.59,9.02
25/02/2021 00:00,4.56,8.68
25/02/2021 01:00,4.23,8.27
25/02/2021 02:00,3.69,8.34
25/02/2021 03:00,3.22,8.5
25/02/2021 04:00,3.21,8.63
25/02/2021 05:00,3.37,8.96
25/02/2021 06:00,4.73,9.41
25/02/2021 07:00,9.07,11.35
25/02/2021 08:00,9.44,11.61
25/02/2021 09:00,10.17,10.69
25/02/2021 10:00,8.81,10.56
25/02/2021 11:00,8.15,10.11
25/02/2021 12:00,8.83,10.35
25/02/2021 13:00,8.07,10.35
25/02/2021 14:00,7.72,10.08
25/02/2021 15:00,6.43,9.82
25/02/2021 16:00,5.47,9.78
25/02/2021 17:00,5.36,9.97
25/02/2021 18:00,5.76,10.6
25/02/2021 19:00,6.02,10.97
25/02/2021 20:00,6.39,11.06
25/02/2021 21:00,5.68,10.17
25/02/2021 22:00,4.2,9.43
25/02/2021 23:00,3.99,8.9
26/02/2021 00:00,4.2,8.39
26/02/2021 01:00,3.74,8.25
26/02/2021 02:00,4.17,8.27
26/02/2021 03:00,5.22,8.44
26/02/2021 04:00,4.42,8.48
26/02/2021 05:00,4.24,8.59
26/02/2021 06:00,5.1,9.61
26/02/2021 07:00,9.11,11.55
26/02/2021 08:00,8.66,11.86
26/02/2021 09:00,7.37,11.13
26/02/2021 10:00,7.14,10.83
26/02/2021 11:00,7.21,10.06
26/02/2021 12:00,7.33,10.6
26/02/2021 13:00,7.46,10.69
26/02/2021 14:00,8.12,10.5
26/02/2021 15:00,8.1,9.94
26/02/2021 16:00,6.51,9.96
26/02/2021 17:00,6.22,10.1
26/02/2021 18:00,6.48,10.48
26/02/2021 19:00,7.09,11.01
26/02/2021 20:00,7.4,10.38
26/02/2021 21:00,5.95,10.16
26/02/2021 22:00,4.67,9.2
26/02/2021 23:00,3.45,8.97
27/02/2021 00:00,2.42,8.44
27/02/2021 01:00,2.12,8.19
27/02/2021 02:00,2.84,8.17
27/02/2021 03:00,3.34,8.38
27/02/2021 04:00,2.5,8.39
27/02/2021 05:00,3.3,8.42
27/02/2021 06:00,4.54,8.87
27/02/2021 07:00,7.04,10.29
27/02/2021 08:00,7.77,11.86
27/02/2021 09:00,7.89,12.29
27/02/2021 10:00,7.75,11.34
27/02/2021 11:00,7.64,10.67
27/02/2021 12:00,6.8,10.89
27/02/2021 13:00,6.43,10.55
27/02/2021 14:00,6.21,10.46
27/02/2021 15:00,5.77,10.13
27/02/2021 16:00,5.03,10.56
27/02/2021 17:00,4.86,10.36
27/02/2021 18:00,5.73,10.81
27/02/2021 19:00,6.06,10.65
27/02/2021 20:00,6.52,10.52
27/02/2021 21:00,5.86,9.66
27/02/2021 22:00,4.82,9.4
27/02/2021 23:00,4.42,8.88
28/02/2021 00:00,3.73,8.55
28/02/2021 01:00,3.36,8.24
28/02/2021 02:00,3.47,8.23
28/02/2021 03:00,3.33,8.14
28/02/2021 04:00,3.26,8.16
28/02/2021 05:00,2.5,8.37
28/02/2021 06:00,3.1,8.63
28/02/2021 07:00,4.93,9.59
28/02/2021 08:00,6.13,11.14
28/02/2021 09:00,6.94,12.18
28/02/2021 10:00,6.74,12.11
28/02/2021 11:00,7.4,11.81
28/02/2021 12:00,7.04,11.79
28/02/2021 13:00,7,10.77
28/02/2021 14:00,7.27,10.52
28/02/2021 15:00,6.2,9.89
28/02/2021 16:00,5.55,10.12
28/02/2021 17:00,5.99,10.56
28/02/2021 18:00,6.24,11.06
28/02/2021 19:00,5.66,10.74
28/02/2021 20:00,5.64,10.93
28/02/2021 21:00,4.99,10.23
28/02/2021 22:00,4.07,9.3
28/02/2021 23:00,2.34,8.89
1/3/2021 0:00,2.17,8.44
1/3/2021 1:00,3.12,8.26
1/3/2021 2:00,3.47,8.2
1/3/2021 3:00,4.45,8.36
1/3/2021 4:00,3.86,8.43
1/3/2021 5:00,3.73,8.96
1/3/2021 6:00,4.52,9.74
1/3/2021 7:00,8.88,11.71
1/3/2021 8:00,8.79,11.64
1/3/2021 9:00,8.62,11.54
1/3/2021 10:00,7.96,10.93
1/3/2021 11:00,8.11,10.63
1/3/2021 12:00,8.3,10.85
1/3/2021 13:00,8.48,11.78
1/3/2021 14:00,7.49,10.96
1/3/2021 15:00,8.55,10.57
1/3/2021 16:00,6.53,10.49
1/3/2021 17:00,6.7,10.84
1/3/2021 18:00,6.89,10.63
1/3/2021 19:00,7.56,11.27
1/3/2021 20:00,7.68,11.26
1/3/2021 21:00,6.73,11.04
1/3/2021 22:00,5.13,9.95
1/3/2021 23:00,4.6,9.36
2/3/2021 0:00,3.94,8.99
2/3/2021 1:00,3.82,8.95
2/3/2021 2:00,12.22,8.77
2/3/2021 3:00,3.15,8.8
2/3/2021 4:00,2.5,9.01
2/3/2021 5:00,2.84,9.04
2/3/2021 6:00,4.76,10.59
2/3/2021 7:00,9.25,11.86
2/3/2021 8:00,8.76,11.73
2/3/2021 9:00,8.6,11.41
2/3/2021 10:00,8.44,11.15
2/3/2021 11:00,8.1,10.65
2/3/2021 12:00,8.82,10.52
2/3/2021 13:00,8.5,11.12
2/3/2021 14:00,8.07,10.7
2/3/2021 15:00,7.79,10.55
2/3/2021 16:00,7.29,10.18
2/3/2021 17:00,5.78,10.44
2/3/2021 18:00,5.91,10.97
2/3/2021 19:00,6.17,11.22
2/3/2021 20:00,6.99,11.52
2/3/2021 21:00,6.19,10.69
2/3/2021 22:00,4.88,9.95
2/3/2021 23:00,3.97,9.32
3/3/2021 0:00,3.66,8.99
3/3/2021 1:00,3.33,8.91
3/3/2021 2:00,3.6,8.65
3/3/2021 3:00,4.46,8.65
3/3/2021 4:00,4.25,8.93
3/3/2021 5:00,4.58,9.09
3/3/2021 6:00,6.35,10.19
3/3/2021 7:00,8.67,12.26
3/3/2021 8:00,8.57,11.81
3/3/2021 9:00,8.02,11.52
3/3/2021 10:00,7.68,10.6
3/3/2021 11:00,7.46,10.75
3/3/2021 12:00,7.92,10.46
3/3/2021 13:00,8.15,10.72
3/3/2021 14:00,8.37,10.95
3/3/2021 15:00,8.35,10.74
3/3/2021 16:00,6.6,10.48
3/3/2021 17:00,6.32,10.42
3/3/2021 18:00,6.12,10.79
3/3/2021 19:00,6.72,11.23
3/3/2021 20:00,7.94,11.25
3/3/2021 21:00,5.95,10.56
3/3/2021 22:00,3.1,10.02
3/3/2021 23:00,3.1,9.69
4/3/2021 0:00,2.25,9.09
4/3/2021 1:00,1.83,8.81
4/3/2021 2:00,2.83,8.75
4/3/2021 3:00,3.79,8.8
4/3/2021 4:00,3.86,8.9
4/3/2021 5:00,3.95,8.99
4/3/2021 6:00,5.18,10.22
4/3/2021 7:00,8.85,12.24
4/3/2021 8:00,8.79,11.84
4/3/2021 9:00,9.15,10.92
4/3/2021 10:00,9.74,10.71
4/3/2021 11:00,9.31,9.58
4/3/2021 12:00,9.36,10.1
4/3/2021 13:00,10.06,9.98
4/3/2021 14:00,10.22,10.19
4/3/2021 15:00,9.67,10.18
4/3/2021 16:00,7.56,9.9
4/3/2021 17:00,7.02,10.15
4/3/2021 18:00,6.19,10.46
4/3/2021 19:00,7.69,10.6
4/3/2021 20:00,7.82,10.68
4/3/2021 21:00,6.12,9.88
4/3/2021 22:00,NaN,9.37
4/3/2021 23:00,NaN,8.72
5/3/2021 0:00,NaN,8.63
5/3/2021 1:00,NaN,8.59
5/3/2021 2:00,NaN,NaN
5/3/2021 3:00,NaN,NaN
5/3/2021 4:00,3.18,8.62
5/3/2021 5:00,3.4,8.69
5/3/2021 6:00,4.53,9.76
5/3/2021 7:00,9.03,11.21
5/3/2021 8:00,8.49,11.29
5/3/2021 9:00,8.72,10.64
5/3/2021 10:00,9.17,10.1
5/3/2021 11:00,10.15,10.29
5/3/2021 12:00,10.88,10.46
5/3/2021 13:00,NaN,10.75
5/3/2021 14:00,NaN,10.41
5/3/2021 15:00,NaN,9.92
5/3/2021 16:00,NaN,10.56
5/3/2021 17:00,NaN,10.57
5/3/2021 18:00,NaN,NaN
5/3/2021 19:00,NaN,NaN
5/3/2021 20:00,NaN,NaN
5/3/2021 21:00,NaN,NaN
5/3/2021 22:00,NaN,NaN
5/3/2021 23:00,NaN,NaN
6/3/2021 0:00,NaN,NaN
6/3/2021 1:00,NaN,NaN
6/3/2021 2:00,NaN,NaN
6/3/2021 3:00,NaN,NaN
6/3/2021 4:00,NaN,NaN
6/3/2021 5:00,NaN,NaN
6/3/2021 6:00,NaN,NaN
6/3/2021 7:00,NaN,NaN
6/3/2021 8:00,NaN,NaN
6/3/2021 9:00,NaN,NaN
6/3/2021 10:00,NaN,NaN
6/3/2021 11:00,NaN,NaN
6/3/2021 12:00,NaN,NaN
6/3/2021 13:00,NaN,NaN
6/3/2021 14:00,NaN,NaN
6/3/2021 15:00,NaN,NaN
6/3/2021 16:00,NaN,NaN
6/3/2021 17:00,NaN,NaN
6/3/2021 18:00,NaN,NaN
6/3/2021 19:00,NaN,NaN
6/3/2021 20:00,NaN,NaN
6/3/2021 21:00,NaN,NaN
6/3/2021 22:00,NaN,NaN
6/3/2021 23:00,NaN,NaN
7/3/2021 0:00,NaN,NaN
7/3/2021 1:00,NaN,NaN
7/3/2021 2:00,NaN,NaN
7/3/2021 3:00,NaN,NaN
7/3/2021 4:00,NaN,NaN
7/3/2021 5:00,NaN,NaN
7/3/2021 6:00,NaN,NaN
7/3/2021 7:00,NaN,NaN
7/3/2021 8:00,NaN,NaN
7/3/2021 9:00,NaN,NaN
7/3/2021 10:00,NaN,NaN
7/3/2021 11:00,NaN,NaN
7/3/2021 12:00,NaN,NaN
7/3/2021 13:00,NaN,NaN
7/3/2021 14:00,NaN,NaN
7/3/2021 15:00,NaN,NaN
7/3/2021 16:00,NaN,NaN
7/3/2021 17:00,NaN,NaN
7/3/2021 18:00,NaN,NaN
7/3/2021 19:00,NaN,NaN
7/3/2021 20:00,NaN,NaN
7/3/2021 21:00,NaN,NaN
7/3/2021 22:00,NaN,NaN
7/3/2021 23:00,NaN,NaN
8/3/2021 0:00,NaN,NaN
8/3/2021 1:00,NaN,NaN
8/3/2021 2:00,NaN,NaN
8/3/2021 3:00,NaN,NaN
8/3/2021 4:00,3.7,9.12
8/3/2021 5:00,4.32,9.02
8/3/2021 6:00,5.72,9.75
8/3/2021 7:00,8.8,11.84
8/3/2021 8:00,9.5,11.37
8/3/2021 9:00,9.4,11.41
8/3/2021 10:00,10.09,10.84
8/3/2021 11:00,9.86,11.01
8/3/2021 12:00,10.03,10.9
8/3/2021 13:00,11.38,10.89
8/3/2021 14:00,8.58,10.73
8/3/2021 15:00,7.31,10.5
8/3/2021 16:00,7.25,10.28
8/3/2021 17:00,6.72,10.79
8/3/2021 18:00,6.98,10.95
8/3/2021 19:00,7.17,11.19
8/3/2021 20:00,6.99,11.53
8/3/2021 21:00,6.21,10.44
8/3/2021 22:00,4.54,9.72
8/3/2021 23:00,3.94,9.15
9/3/2021 0:00,2.96,8.84
9/3/2021 1:00,2.52,8.58
9/3/2021 2:00,12.37,8.61
9/3/2021 3:00,2.64,8.57
9/3/2021 4:00,1.88,8.63
9/3/2021 5:00,3.68,8.74
9/3/2021 6:00,5.64,9.56
9/3/2021 7:00,9.63,11.4
9/3/2021 8:00,9.56,11.91
9/3/2021 9:00,9.04,11.23
9/3/2021 10:00,9.17,10.95
9/3/2021 11:00,9.34,10.7
9/3/2021 12:00,8.81,11.34
9/3/2021 13:00,8.69,11.59
9/3/2021 14:00,7.95,10.98
9/3/2021 15:00,8.37,10.13
9/3/2021 16:00,6.05,10.14
9/3/2021 17:00,5.85,10.52
9/3/2021 18:00,6.48,10.56
9/3/2021 19:00,7.46,11.34
9/3/2021 20:00,7.77,10.94
9/3/2021 21:00,6.69,10.27
9/3/2021 22:00,4.89,9.53
9/3/2021 23:00,4.54,9.39
10/3/2021 0:00,4.32,8.73
10/3/2021 1:00,4.21,8.66
10/3/2021 2:00,4.56,8.5
10/3/2021 3:00,5.51,8.49
10/3/2021 4:00,4.43,8.51
10/3/2021 5:00,3.81,8.93
10/3/2021 6:00,4.77,9.98
10/3/2021 7:00,8.63,11.8
10/3/2021 8:00,8.91,11.84
10/3/2021 9:00,9.19,11.36
10/3/2021 10:00,8.3,11.03
10/3/2021 11:00,8.16,10.38
10/3/2021 12:00,8.05,10.68
10/3/2021 13:00,8.61,11.01
10/3/2021 14:00,8.84,10.71
10/3/2021 15:00,8.34,10.24
10/3/2021 16:00,7.44,10.32
10/3/2021 17:00,7.37,10.4
10/3/2021 18:00,6.42,10.6
10/3/2021 19:00,7.26,10.84
10/3/2021 20:00,6.87,10.81
10/3/2021 21:00,5.61,10.18
10/3/2021 22:00,3.28,9.43
10/3/2021 23:00,2.83,8.86
11/3/2021 0:00,2.35,8.59
11/3/2021 1:00,2.71,8.23
11/3/2021 2:00,4.22,8.54
11/3/2021 3:00,4.04,8.31
11/3/2021 4:00,3.81,8.42
11/3/2021 5:00,3.9,8.55
11/3/2021 6:00,5.66,9.69
11/3/2021 7:00,10.06,11.25
11/3/2021 8:00,10.23,10.94
11/3/2021 9:00,10.17,10.78
11/3/2021 10:00,9.99,10.2
11/3/2021 11:00,8.06,10.43
11/3/2021 12:00,9.12,10.2
11/3/2021 13:00,8.87,11.08
11/3/2021 14:00,9.22,10.23
11/3/2021 15:00,8.78,10.15
11/3/2021 16:00,9.04,10.09
11/3/2021 17:00,9.48,10.14
11/3/2021 18:00,8.53,10.7
11/3/2021 19:00,7.91,10.84
11/3/2021 20:00,7.96,10.77
11/3/2021 21:00,6.61,10.08
11/3/2021 22:00,5.13,9.35
11/3/2021 23:00,4.66,8.78
12/3/2021 0:00,3.9,8.58
12/3/2021 1:00,3.94,8.32
12/3/2021 2:00,3.69,8.28
12/3/2021 3:00,3.56,8.54
12/3/2021 4:00,3.23,8.44
12/3/2021 5:00,3.6,8.69
12/3/2021 6:00,4.24,9.65
12/3/2021 7:00,6.93,11.12
12/3/2021 8:00,8.89,10.96
12/3/2021 9:00,9.24,10.77
12/3/2021 10:00,9.2,10.12
12/3/2021 11:00,10.3,10.06
12/3/2021 12:00,10.75,9.7
12/3/2021 13:00,NaN,9.7
12/3/2021 14:00,NaN,NaN
12/3/2021 15:00,NaN,NaN
12/3/2021 16:00,NaN,NaN
12/3/2021 17:00,NaN,NaN
12/3/2021 18:00,NaN,NaN
12/3/2021 19:00,NaN,NaN
12/3/2021 20:00,NaN,NaN
12/3/2021 21:00,NaN,NaN
12/3/2021 22:00,NaN,NaN
12/3/2021 23:00,NaN,NaN
13/03/2021 00:00,NaN,NaN
13/03/2021 01:00,NaN,NaN
13/03/2021 02:00,NaN,NaN
13/03/2021 03:00,NaN,NaN
13/03/2021 04:00,NaN,NaN
13/03/2021 05:00,NaN,NaN
13/03/2021 06:00,NaN,NaN
13/03/2021 07:00,NaN,NaN
13/03/2021 08:00,NaN,NaN
13/03/2021 09:00,NaN,NaN
13/03/2021 10:00,NaN,NaN
13/03/2021 11:00,NaN,NaN
13/03/2021 12:00,NaN,NaN
13/03/2021 13:00,NaN,NaN
13/03/2021 14:00,NaN,NaN
13/03/2021 15:00,NaN,NaN
13/03/2021 16:00,NaN,NaN
13/03/2021 17:00,NaN,NaN
13/03/2021 18:00,NaN,NaN
13/03/2021 19:00,NaN,NaN
13/03/2021 20:00,NaN,NaN
13/03/2021 21:00,NaN,NaN
13/03/2021 22:00,NaN,NaN
13/03/2021 23:00,NaN,NaN
14/03/2021 00:00,NaN,NaN
14/03/2021 01:00,NaN,NaN
14/03/2021 02:00,NaN,NaN
14/03/2021 03:00,NaN,NaN
14/03/2021 04:00,NaN,NaN
14/03/2021 05:00,NaN,NaN
14/03/2021 06:00,NaN,NaN
14/03/2021 07:00,NaN,NaN
14/03/2021 08:00,NaN,NaN
14/03/2021 09:00,NaN,NaN
14/03/2021 10:00,NaN,NaN
14/03/2021 11:00,NaN,NaN
14/03/2021 12:00,NaN,NaN
14/03/2021 13:00,NaN,NaN
14/03/2021 14:00,NaN,NaN
14/03/2021 15:00,NaN,NaN
14/03/2021 16:00,NaN,NaN
14/03/2021 17:00,NaN,NaN
14/03/2021 18:00,NaN,NaN
14/03/2021 19:00,NaN,NaN
14/03/2021 20:00,NaN,NaN
14/03/2021 21:00,NaN,NaN
14/03/2021 22:00,NaN,NaN
14/03/2021 23:00,NaN,NaN
15/03/2021 00:00,NaN,NaN
15/03/2021 01:00,NaN,NaN
15/03/2021 02:00,NaN,NaN
15/03/2021 03:00,NaN,NaN
15/03/2021 04:00,NaN,8.66
15/03/2021 05:00,NaN,8.74
15/03/2021 06:00,NaN,9.64
15/03/2021 07:00,NaN,10.92
15/03/2021 08:00,9.47,11.64
15/03/2021 09:00,10.92,11.2
15/03/2021 10:00,11.58,10.75
15/03/2021 11:00,10.21,10.44
15/03/2021 12:00,8.68,10.51
15/03/2021 13:00,9.29,10.34
15/03/2021 14:00,10.01,10.27
15/03/2021 15:00,9.69,10.24
15/03/2021 16:00,8.44,NaN
15/03/2021 17:00,7.86,NaN
15/03/2021 18:00,NaN,NaN
15/03/2021 19:00,NaN,NaN
15/03/2021 20:00,NaN,NaN
15/03/2021 21:00,NaN,NaN
15/03/2021 22:00,NaN,NaN
15/03/2021 23:00,NaN,NaN
16/03/2021 00:00,NaN,NaN
16/03/2021 01:00,NaN,NaN
16/03/2021 02:00,NaN,NaN
16/03/2021 03:00,NaN,NaN
16/03/2021 04:00,NaN,8.84
16/03/2021 05:00,NaN,8.48
16/03/2021 06:00,NaN,9.5
16/03/2021 07:00,NaN,11.1
16/03/2021 08:00,11.41,11.29
16/03/2021 09:00,8.97,10.62
16/03/2021 10:00,8.81,10.73
16/03/2021 11:00,9.06,10.05
16/03/2021 12:00,9.82,10.59
16/03/2021 13:00,9.75,10.34
16/03/2021 14:00,10.03,10.22
16/03/2021 15:00,9.2,9.91
16/03/2021 16:00,7.04,9.96
16/03/2021 17:00,7.35,10.46
16/03/2021 18:00,7.69,10.21
16/03/2021 19:00,7.99,10.78
16/03/2021 20:00,8.23,10.91
16/03/2021 21:00,6.93,10.04
16/03/2021 22:00,5.9,9.42
16/03/2021 23:00,4.76,8.78
17/03/2021 00:00,4.33,8.44
17/03/2021 01:00,4.05,8.21
17/03/2021 02:00,3.64,8.17
17/03/2021 03:00,4.22,8.19
17/03/2021 04:00,3.63,8.44
17/03/2021 05:00,3.91,8.54
17/03/2021 06:00,4.67,9.36
17/03/2021 07:00,8.52,11.33
17/03/2021 08:00,9.66,11.38
17/03/2021 09:00,9.43,10.67
17/03/2021 10:00,10.18,10.36
17/03/2021 11:00,9.33,10.21
17/03/2021 12:00,9.29,10.17
17/03/2021 13:00,9.2,10.3
17/03/2021 14:00,9.13,10.44
17/03/2021 15:00,8.21,10.34
17/03/2021 16:00,7.07,9.57
17/03/2021 17:00,6.54,10.32
17/03/2021 18:00,6.52,10.41
17/03/2021 19:00,6.93,10.59
17/03/2021 20:00,7.05,10.32
17/03/2021 21:00,6.45,10.12
17/03/2021 22:00,3.95,9.34
17/03/2021 23:00,2.4,8.81
18/03/2021 00:00,2.26,8.55
18/03/2021 01:00,8.65,8.22
18/03/2021 02:00,5.27,8.15
18/03/2021 03:00,4.48,8.28
18/03/2021 04:00,4.46,8.4
18/03/2021 05:00,4.41,8.53
18/03/2021 06:00,5.76,9.58
18/03/2021 07:00,10.28,11.18
18/03/2021 08:00,9.87,11.3
18/03/2021 09:00,8.49,10.73
18/03/2021 10:00,8.55,10.92
18/03/2021 11:00,8.36,10.42
18/03/2021 12:00,8.04,10.45
18/03/2021 13:00,8.44,10.31
18/03/2021 14:00,8.53,9.92
18/03/2021 15:00,8.22,9.86
18/03/2021 16:00,7.21,9.6
18/03/2021 17:00,7.22,10.13
18/03/2021 18:00,7.32,10.29
18/03/2021 19:00,6.88,11.13
18/03/2021 20:00,7.48,10.63
18/03/2021 21:00,6.2,9.96
18/03/2021 22:00,4.74,9.18
18/03/2021 23:00,3.94,8.86
19/03/2021 00:00,2.96,8.38
19/03/2021 01:00,3.03,8.3
19/03/2021 02:00,2.96,8.29
19/03/2021 03:00,4.53,8.36
19/03/2021 04:00,5.11,8.43
19/03/2021 05:00,4.53,8.77
19/03/2021 06:00,5.84,9.58
19/03/2021 07:00,9.71,11.24
19/03/2021 08:00,9.91,11.36
19/03/2021 09:00,9.08,10.75
19/03/2021 10:00,8.45,10.48
19/03/2021 11:00,8.94,10.67
19/03/2021 12:00,8.78,10.45
19/03/2021 13:00,8.32,11.22
19/03/2021 14:00,8.43,10.42
19/03/2021 15:00,7.8,9.97
19/03/2021 16:00,6.71,10.06
19/03/2021 17:00,6.4,10.45
19/03/2021 18:00,7.01,10.52
19/03/2021 19:00,7.52,10.33
19/03/2021 20:00,7.4,10.77
19/03/2021 21:00,5.98,9.97
19/03/2021 22:00,5.61,9.17
19/03/2021 23:00,4.74,9.23
20/03/2021 00:00,4.47,8.67
20/03/2021 01:00,4.09,8.43
20/03/2021 02:00,5.23,8.17
20/03/2021 03:00,5.39,8.42
20/03/2021 04:00,3.02,8.4
20/03/2021 05:00,2.93,8.5
20/03/2021 06:00,3.83,8.91
20/03/2021 07:00,6.72,10.23
20/03/2021 08:00,7.98,11.21
20/03/2021 09:00,7.44,11.58
20/03/2021 10:00,7.35,11.63
20/03/2021 11:00,8.08,11.24
20/03/2021 12:00,7.72,11.23
20/03/2021 13:00,7.82,11.55
20/03/2021 14:00,7.51,11.27
20/03/2021 15:00,7.16,10.44
20/03/2021 16:00,7.01,11
20/03/2021 17:00,6.25,10.57
20/03/2021 18:00,5.83,10.81
20/03/2021 19:00,6.24,10.95
20/03/2021 20:00,5.99,10.9
20/03/2021 21:00,5.87,9.74
20/03/2021 22:00,3.7,9.14
20/03/2021 23:00,3.26,9.29
21/03/2021 00:00,3.93,8.66
21/03/2021 01:00,4.25,8.5
21/03/2021 02:00,4.04,8.36
21/03/2021 03:00,3.83,8.32
21/03/2021 04:00,4.04,8.35
21/03/2021 05:00,4.78,8.4
21/03/2021 06:00,5.14,8.85
21/03/2021 07:00,7.02,10.06
21/03/2021 08:00,8,10.89
21/03/2021 09:00,8.09,12.12
21/03/2021 10:00,8.79,12.03
21/03/2021 11:00,7.59,12.23
21/03/2021 12:00,7.65,11.83
21/03/2021 13:00,7.26,11.22
21/03/2021 14:00,7.6,10.82
21/03/2021 15:00,7.13,10.42
21/03/2021 16:00,6.17,10.68
21/03/2021 17:00,6.34,10.62
21/03/2021 18:00,NaN,NaN
21/03/2021 19:00,NaN,NaN
21/03/2021 20:00,NaN,NaN
21/03/2021 21:00,NaN,NaN
21/03/2021 22:00,NaN,NaN
21/03/2021 23:00,NaN,NaN
22/03/2021 00:00,NaN,8.95
22/03/2021 01:00,NaN,8.61
22/03/2021 02:00,NaN,8.36
22/03/2021 03:00,NaN,8.44
22/03/2021 04:00,3.53,8.57
22/03/2021 05:00,3.86,8.99
22/03/2021 06:00,5.74,9.8
22/03/2021 07:00,8.91,11.95
22/03/2021 08:00,9.65,12.29
22/03/2021 09:00,8.99,9.79
22/03/2021 10:00,9.21,8.86
22/03/2021 11:00,9.38,11.3
22/03/2021 12:00,9.66,10.86
22/03/2021 13:00,10.21,10.96
22/03/2021 14:00,10.51,10.65
22/03/2021 15:00,9.77,10.56
22/03/2021 16:00,8.59,10.06
22/03/2021 17:00,7.52,10.27
22/03/2021 18:00,7.34,10.44
22/03/2021 19:00,7.46,10.86
22/03/2021 20:00,8.17,10.89
22/03/2021 21:00,6.22,10.16
22/03/2021 22:00,5.11,9.5
22/03/2021 23:00,4.58,9.09
23/03/2021 00:00,4.04,8.73
23/03/2021 01:00,4.12,8.47
23/03/2021 02:00,15.91,8.45
23/03/2021 03:00,5.41,8.42
23/03/2021 04:00,4.5,8.46
23/03/2021 05:00,4.5,8.88
23/03/2021 06:00,6.52,10.12
23/03/2021 07:00,9.45,11.37
23/03/2021 08:00,10.21,11.89
23/03/2021 09:00,9.78,10.69
23/03/2021 10:00,9.49,11.22
23/03/2021 11:00,9.11,10.86
23/03/2021 12:00,8.22,11.16
23/03/2021 13:00,2.86,11.48
23/03/2021 14:00,NaN,11.05
23/03/2021 15:00,NaN,10.41
23/03/2021 16:00,NaN,10.21
23/03/2021 17:00,NaN,10.42
23/03/2021 18:00,NaN,10.78
23/03/2021 19:00,NaN,11.23
23/03/2021 20:00,NaN,11.06
23/03/2021 21:00,NaN,10.04
23/03/2021 22:00,NaN,9.48
23/03/2021 23:00,NaN,8.89
24/03/2021 00:00,NaN,8.67
24/03/2021 01:00,NaN,8.46
24/03/2021 02:00,NaN,8.58
24/03/2021 03:00,NaN,8.59
24/03/2021 04:00,NaN,8.63
24/03/2021 05:00,NaN,8.71
24/03/2021 06:00,NaN,9.92
24/03/2021 07:00,NaN,11.57
24/03/2021 08:00,NaN,11.46
24/03/2021 09:00,NaN,11.66
24/03/2021 10:00,NaN,12.08
24/03/2021 11:00,NaN,11.22
24/03/2021 12:00,NaN,11.17
24/03/2021 13:00,NaN,11.14
24/03/2021 14:00,NaN,10.75
24/03/2021 15:00,NaN,10.91
24/03/2021 16:00,NaN,10.72
24/03/2021 17:00,NaN,10.84
24/03/2021 18:00,NaN,11.93
24/03/2021 19:00,NaN,11.69
24/03/2021 20:00,NaN,11.61
24/03/2021 21:00,NaN,10.48
24/03/2021 22:00,NaN,9.76
24/03/2021 23:00,NaN,9.45
25/03/2021 00:00,NaN,9.06
25/03/2021 01:00,NaN,8.92
25/03/2021 02:00,NaN,8.84
25/03/2021 03:00,NaN,8.84
25/03/2021 04:00,NaN,9.06
25/03/2021 05:00,NaN,9.41
25/03/2021 06:00,NaN,10.3
25/03/2021 07:00,NaN,11.61
25/03/2021 08:00,NaN,11.77
25/03/2021 09:00,NaN,11.8
25/03/2021 10:00,4.33,10.79
25/03/2021 11:00,11.01,11.25
25/03/2021 12:00,13.83,11.73
25/03/2021 13:00,13.64,11.95
25/03/2021 14:00,5.96,10.92
25/03/2021 15:00,2.86,10.2
25/03/2021 16:00,5.31,10.23
25/03/2021 17:00,5.77,10.99
25/03/2021 18:00,6.46,10.52
25/03/2021 19:00,6.63,11.12
25/03/2021 20:00,10.48,10.93
25/03/2021 21:00,22.99,10.39
25/03/2021 22:00,5.97,9.23
25/03/2021 23:00,5.27,9.21
26/03/2021 00:00,5,8.61
26/03/2021 01:00,4.89,8.44
26/03/2021 02:00,5.04,8.47
26/03/2021 03:00,6.19,8.65
26/03/2021 04:00,6.43,8.58
26/03/2021 05:00,6.33,8.86
26/03/2021 06:00,7.59,9.64
26/03/2021 07:00,9.43,11.5
26/03/2021 08:00,12.08,11.98
26/03/2021 09:00,9.78,11.5
26/03/2021 10:00,11.87,10.63
26/03/2021 11:00,6.19,10.83
26/03/2021 12:00,8.24,11.05
26/03/2021 13:00,10.23,11.52
26/03/2021 14:00,10.02,10.84
26/03/2021 15:00,8.17,10.31
26/03/2021 16:00,8.31,10.57
26/03/2021 17:00,9,10.58
26/03/2021 18:00,9.29,10.59
26/03/2021 19:00,9.41,10.9
26/03/2021 20:00,8.97,10.52
26/03/2021 21:00,7.94,9.98
26/03/2021 22:00,6.57,9.06
26/03/2021 23:00,5.86,9
27/03/2021 00:00,5.46,8.58
27/03/2021 01:00,5.34,8.46
27/03/2021 02:00,5.7,8.26
27/03/2021 03:00,5.32,8.4
27/03/2021 04:00,5.02,8.31
27/03/2021 05:00,4.68,8.56
27/03/2021 06:00,5.85,8.98
27/03/2021 07:00,7.97,10.11
27/03/2021 08:00,9.3,10.88
27/03/2021 09:00,10.55,11.98
27/03/2021 10:00,9.83,11.92
27/03/2021 11:00,9.39,11.78
27/03/2021 12:00,8.96,11.1
27/03/2021 13:00,9.11,10.68
27/03/2021 14:00,7.79,10.71
27/03/2021 15:00,7.17,10.4
27/03/2021 16:00,7.18,10.83
27/03/2021 17:00,6.53,10.73
27/03/2021 18:00,6.23,11.03
27/03/2021 19:00,6.65,10.86
27/03/2021 20:00,7.09,10.58
27/03/2021 21:00,6.68,9.97
27/03/2021 22:00,6.59,9.4
27/03/2021 23:00,5.7,9.07
28/03/2021 00:00,5.01,8.69
28/03/2021 01:00,4.79,8.53
28/03/2021 03:00,4.59,8.29
28/03/2021 04:00,4.83,8.43
28/03/2021 05:00,5.15,8.37
28/03/2021 06:00,6.58,8.43
28/03/2021 07:00,9.19,9.03
28/03/2021 08:00,9.24,10.61
28/03/2021 09:00,8.9,12.07
28/03/2021 10:00,6.62,12.7
28/03/2021 11:00,8.38,12.37
28/03/2021 12:00,7.5,12.34
28/03/2021 13:00,7.85,11.8
28/03/2021 14:00,7.5,11.53
28/03/2021 15:00,7.19,11.13
28/03/2021 16:00,6.6,11.22
28/03/2021 17:00,7.24,11.16
28/03/2021 18:00,8,11.42
28/03/2021 19:00,8.2,11.45
28/03/2021 20:00,8.63,11.73
28/03/2021 21:00,7.51,10.7
28/03/2021 22:00,6.66,9.8
28/03/2021 23:00,6.45,9.01
29/03/2021 00:00,5.55,8.84
29/03/2021 01:00,4.69,8.47
29/03/2021 02:00,3.64,8.32
29/03/2021 03:00,3.9,8.52
29/03/2021 04:00,4.11,8.3
29/03/2021 05:00,4.72,8.76
29/03/2021 06:00,5.82,9.32
29/03/2021 07:00,8.21,10.71
29/03/2021 08:00,9.77,11.44
29/03/2021 09:00,9.96,11.41
29/03/2021 10:00,11.2,11.27
29/03/2021 11:00,9.77,10.76
29/03/2021 12:00,9.77,12.49
29/03/2021 13:00,9.2,12.13
29/03/2021 14:00,11.02,10.86
29/03/2021 15:00,10.55,10.44
29/03/2021 16:00,8.39,10.91
29/03/2021 17:00,7.45,11.18
29/03/2021 18:00,7.72,11
29/03/2021 19:00,7.55,11.87
29/03/2021 20:00,8.74,11.28
29/03/2021 21:00,7.58,10.75
29/03/2021 22:00,5.3,9.66
29/03/2021 23:00,4.59,9.02
30/03/2021 00:00,4.09,8.72
30/03/2021 01:00,3.96,8.53
30/03/2021 02:00,4.17,8.56
30/03/2021 03:00,11.99,8.93
30/03/2021 04:00,5.04,8.67
30/03/2021 05:00,4.8,8.81
30/03/2021 06:00,5.25,9.37
30/03/2021 07:00,7.65,10.76
30/03/2021 08:00,9.34,12.05
30/03/2021 09:00,8.85,11.65
30/03/2021 10:00,9.66,10.97
30/03/2021 11:00,9.42,10.71
30/03/2021 12:00,9.33,10.52
30/03/2021 13:00,8.66,11.04
30/03/2021 14:00,8.65,10.52
30/03/2021 15:00,7.43,10.5
30/03/2021 16:00,6.16,10.75
30/03/2021 17:00,7.16,11.47
30/03/2021 18:00,7.03,11.55
30/03/2021 19:00,7.85,12.13
30/03/2021 20:00,7.75,11.74
30/03/2021 21:00,7.33,10.7
30/03/2021 22:00,5.97,9.85
30/03/2021 23:00,5.89,9.42
31/03/2021 00:00,4.61,8.87
31/03/2021 01:00,4.65,8.71
31/03/2021 02:00,4.59,8.6
31/03/2021 03:00,4.57,8.8
31/03/2021 04:00,5.05,8.79
31/03/2021 05:00,5.65,8.91
31/03/2021 06:00,5.72,9.82
31/03/2021 07:00,8.31,11.52
31/03/2021 08:00,9.27,11.77
31/03/2021 09:00,8.51,11.79
31/03/2021 10:00,9.65,11.16
31/03/2021 11:00,8.28,10.96
31/03/2021 12:00,8.52,11.32
31/03/2021 13:00,9.18,11.54
31/03/2021 14:00,9.5,11.32
31/03/2021 15:00,8.4,11.18
31/03/2021 16:00,8.09,10.67
31/03/2021 17:00,8.19,10.9
31/03/2021 18:00,7.63,12.21
31/03/2021 19:00,8.17,12.6
31/03/2021 20:00,7.27,11.3
31/03/2021 21:00,6.46,10.64
31/03/2021 22:00,5.01,9.83
31/03/2021 23:00,4.19,9.4
1/4/2021 0:00,3.23,8.89
1/4/2021 1:00,3.49,8.73
1/4/2021 2:00,4.08,8.62
1/4/2021 3:00,4.34,8.65
1/4/2021 4:00,4.69,8.63
1/4/2021 5:00,4.44,8.97
1/4/2021 6:00,5.49,9.82
1/4/2021 7:00,7.85,11.33
1/4/2021 8:00,9.22,12.35
1/4/2021 9:00,9.29,11.8
1/4/2021 10:00,9,11.85
1/4/2021 11:00,8.4,11.1
1/4/2021 12:00,8.13,10.86
1/4/2021 13:00,8.92,11.64
1/4/2021 14:00,9.08,11.19
1/4/2021 15:00,8.53,10.52
1/4/2021 16:00,7.46,10.33
1/4/2021 17:00,7.99,11.1
1/4/2021 18:00,7.66,11.6
1/4/2021 19:00,8.77,11.97
1/4/2021 20:00,8.38,11.24
1/4/2021 21:00,7.25,10.77
1/4/2021 22:00,6.26,9.3
1/4/2021 23:00,4.8,9.09
2/4/2021 0:00,4.51,8.59
2/4/2021 1:00,4.32,8.59
2/4/2021 2:00,4.36,8.48
2/4/2021 3:00,4.19,8.79
2/4/2021 4:00,3.97,8.64
2/4/2021 5:00,3.45,8.64
2/4/2021 6:00,4.53,9.52
2/4/2021 7:00,8,10.63
2/4/2021 8:00,9.07,11.49
2/4/2021 9:00,9.64,11.37
2/4/2021 10:00,9.03,11.61
2/4/2021 11:00,9.04,11.57
2/4/2021 12:00,8.78,11.69
2/4/2021 13:00,9.54,11.54
2/4/2021 14:00,NaN,11.25
2/4/2021 15:00,12.04,10.96
2/4/2021 16:00,11.56,11.23
2/4/2021 17:00,10.49,11.31
2/4/2021 18:00,9.55,11.67
2/4/2021 19:00,10.11,11.96
2/4/2021 20:00,9.69,11.13
2/4/2021 21:00,9.22,10.52
2/4/2021 22:00,7.36,9.45
2/4/2021 23:00,6.63,9.41
3/4/2021 0:00,6.8,8.84
3/4/2021 1:00,7.34,8.49
3/4/2021 2:00,7.41,8.32
3/4/2021 3:00,7.41,8.73
3/4/2021 4:00,7.78,8.44
3/4/2021 5:00,7.64,8.63
3/4/2021 6:00,7.85,9.16
3/4/2021 7:00,9.39,9.86
3/4/2021 8:00,11.15,11.64
3/4/2021 9:00,11.32,12.18
3/4/2021 10:00,11.04,11.79
3/4/2021 11:00,11.22,11.45
3/4/2021 12:00,11.1,11.6
3/4/2021 13:00,10.28,11.1
3/4/2021 14:00,10.33,11.27
3/4/2021 15:00,10.47,10.75
3/4/2021 16:00,9.89,10.83
3/4/2021 17:00,9.38,10.85
3/4/2021 18:00,9.56,11.45
3/4/2021 19:00,10.31,11.83
3/4/2021 20:00,10.32,10.87
3/4/2021 21:00,10.6,10.15
3/4/2021 22:00,9.36,9.71
3/4/2021 23:00,8.49,9.54
4/4/2021 0:00,8.48,8.76
4/4/2021 1:00,7.79,8.42
4/4/2021 2:00,7.21,8.28
4/4/2021 3:00,6.43,8.51
4/4/2021 4:00,6.32,8.24
4/4/2021 5:00,6.35,8.32
4/4/2021 6:00,7.19,8.84
4/4/2021 7:00,8.64,9.51
4/4/2021 8:00,10.42,11.33
4/4/2021 9:00,11.5,12.87
4/4/2021 10:00,12.29,13.16
4/4/2021 11:00,11.61,12.51
4/4/2021 12:00,11.41,11.58
4/4/2021 13:00,10.14,10.97
4/4/2021 14:00,9.58,10.6
4/4/2021 15:00,9.56,10.57
4/4/2021 16:00,9.01,10.85
4/4/2021 17:00,8.99,10.57
4/4/2021 18:00,9.04,10.67
4/4/2021 19:00,9.33,11.19
4/4/2021 20:00,8.98,10.76
4/4/2021 21:00,9.28,10.19
4/4/2021 22:00,9.2,9.71
4/4/2021 23:00,8.44,9.27
5/4/2021 0:00,7.77,8.75
5/4/2021 1:00,7.5,8.44
5/4/2021 2:00,7.57,8.42
5/4/2021 3:00,7.45,8.58
5/4/2021 4:00,8.39,8.28
5/4/2021 5:00,8.6,8.43
5/4/2021 6:00,8.82,8.83
5/4/2021 7:00,10.09,9.83
5/4/2021 8:00,10.39,11.74
5/4/2021 9:00,12.05,12.84
5/4/2021 10:00,13.65,13.01
5/4/2021 11:00,13.47,13.25
5/4/2021 12:00,12.84,12.08
5/4/2021 13:00,12.19,11.39
5/4/2021 14:00,11.98,11.03
5/4/2021 15:00,11.31,10.79
5/4/2021 16:00,10.65,11.4
5/4/2021 17:00,10.71,11.41
5/4/2021 18:00,NaN,NaN
5/4/2021 19:00,NaN,NaN
5/4/2021 20:00,NaN,NaN
5/4/2021 21:00,NaN,NaN
5/4/2021 22:00,NaN,NaN
5/4/2021 23:00,NaN,NaN
6/4/2021 0:00,NaN,10.25
6/4/2021 1:00,NaN,8.45
6/4/2021 2:00,NaN,8.49
6/4/2021 3:00,NaN,8.83
6/4/2021 4:00,9.93,8.62
6/4/2021 5:00,7.33,8.81
6/4/2021 6:00,8.62,9.3
6/4/2021 7:00,10.57,10.62
6/4/2021 8:00,12.62,11.13
6/4/2021 9:00,12.56,10.93
6/4/2021 10:00,12.87,10.5
6/4/2021 11:00,11.52,10.48
6/4/2021 12:00,11.98,10.08
6/4/2021 13:00,12.36,10.34
6/4/2021 14:00,12.01,10.24
6/4/2021 15:00,11.38,10.14
6/4/2021 16:00,10.82,10.17
6/4/2021 17:00,10.63,9.88
6/4/2021 18:00,9.86,10.13
6/4/2021 19:00,10.68,10.83
6/4/2021 20:00,11.5,10.94
6/4/2021 21:00,10.83,10.31
6/4/2021 22:00,9.13,9.47
6/4/2021 23:00,8.37,9.04
7/4/2021 0:00,7.91,8.57
7/4/2021 1:00,7.78,8.35
7/4/2021 2:00,7.54,8.33
7/4/2021 3:00,7.79,8.67
7/4/2021 4:00,7.85,8.54
7/4/2021 5:00,NaN,8.53
7/4/2021 6:00,NaN,9.51
7/4/2021 7:00,NaN,10.68
7/4/2021 8:00,8.75,12.31
7/4/2021 9:00,10.4,11.88
7/4/2021 10:00,14.34,11.68
7/4/2021 11:00,9.4,11.46
7/4/2021 12:00,9.2,11.17
7/4/2021 13:00,10.61,11.83
7/4/2021 14:00,10.94,11.18
7/4/2021 15:00,11.32,10.68
7/4/2021 16:00,9.32,10.51
7/4/2021 17:00,7.43,10.63
7/4/2021 18:00,7.91,11.1
7/4/2021 19:00,7.94,11.84
7/4/2021 20:00,7.9,12.19
7/4/2021 21:00,7.58,10.89
7/4/2021 22:00,6.34,10.1
7/4/2021 23:00,4.95,9.82
8/4/2021 0:00,4.76,9.38
8/4/2021 1:00,4.19,9.25
8/4/2021 2:00,4.79,9.16
8/4/2021 3:00,5.01,9.37
8/4/2021 4:00,5.72,9.16
8/4/2021 5:00,5.69,9.23
8/4/2021 6:00,6.25,10.13
8/4/2021 7:00,9.28,11.35
8/4/2021 8:00,10.19,12.32
8/4/2021 9:00,9.38,12.29
8/4/2021 10:00,24.37,11.68
8/4/2021 11:00,8.24,11.49
8/4/2021 12:00,8.5,11.15
8/4/2021 13:00,8.92,10.89
8/4/2021 14:00,9.92,10.38
8/4/2021 15:00,8.59,10.36
8/4/2021 16:00,8.34,10.8
8/4/2021 17:00,8.06,10.75
8/4/2021 18:00,8.72,10.49
8/4/2021 19:00,8.84,10.89
8/4/2021 20:00,9.59,11.4
8/4/2021 21:00,7.92,10.8
8/4/2021 22:00,6.6,9.43
8/4/2021 23:00,4.69,9.11
9/4/2021 0:00,4.54,8.8
9/4/2021 1:00,4.29,8.46
9/4/2021 2:00,4.43,8.51
9/4/2021 3:00,4.6,8.71
9/4/2021 4:00,3.55,8.46
9/4/2021 5:00,4.11,8.6
9/4/2021 6:00,5.08,9.66
9/4/2021 7:00,8.37,11.2
9/4/2021 8:00,8.96,11.52
9/4/2021 9:00,9.28,11.38
9/4/2021 10:00,9.73,10.99
9/4/2021 11:00,9.27,10.13
9/4/2021 12:00,9.53,10.03
9/4/2021 13:00,9.48,NaN
9/4/2021 14:00,NaN,NaN
9/4/2021 15:00,NaN,NaN
9/4/2021 16:00,NaN,NaN
9/4/2021 17:00,NaN,NaN
9/4/2021 18:00,NaN,NaN
9/4/2021 19:00,NaN,NaN
9/4/2021 20:00,NaN,NaN
9/4/2021 21:00,NaN,NaN
9/4/2021 22:00,NaN,NaN
9/4/2021 23:00,NaN,NaN
10/4/2021 0:00,NaN,NaN
10/4/2021 1:00,NaN,NaN
10/4/2021 2:00,NaN,NaN
10/4/2021 3:00,NaN,NaN
10/4/2021 4:00,NaN,NaN
10/4/2021 5:00,NaN,NaN
10/4/2021 6:00,NaN,NaN
10/4/2021 7:00,NaN,NaN
10/4/2021 8:00,NaN,NaN
10/4/2021 9:00,NaN,NaN
10/4/2021 10:00,NaN,NaN
10/4/2021 11:00,NaN,NaN
10/4/2021 12:00,NaN,NaN
10/4/2021 13:00,NaN,NaN
10/4/2021 14:00,NaN,NaN
10/4/2021 15:00,NaN,NaN
10/4/2021 16:00,NaN,NaN
10/4/2021 17:00,NaN,NaN
10/4/2021 18:00,NaN,NaN
10/4/2021 19:00,NaN,NaN
10/4/2021 20:00,NaN,NaN
10/4/2021 21:00,NaN,NaN
10/4/2021 22:00,NaN,NaN
10/4/2021 23:00,NaN,NaN
11/4/2021 0:00,NaN,NaN
11/4/2021 1:00,NaN,NaN
11/4/2021 2:00,NaN,NaN
11/4/2021 3:00,NaN,NaN
11/4/2021 4:00,NaN,NaN
11/4/2021 5:00,NaN,NaN
11/4/2021 6:00,NaN,NaN
11/4/2021 7:00,NaN,NaN
11/4/2021 8:00,NaN,NaN
11/4/2021 9:00,NaN,NaN
11/4/2021 10:00,NaN,NaN
11/4/2021 11:00,NaN,NaN
11/4/2021 12:00,NaN,NaN
11/4/2021 13:00,NaN,NaN
11/4/2021 14:00,NaN,NaN
11/4/2021 15:00,NaN,NaN
11/4/2021 16:00,NaN,NaN
11/4/2021 17:00,NaN,NaN
11/4/2021 18:00,NaN,NaN
11/4/2021 19:00,NaN,NaN
11/4/2021 20:00,NaN,NaN
11/4/2021 21:00,NaN,NaN
11/4/2021 22:00,NaN,NaN
11/4/2021 23:00,NaN,NaN
12/4/2021 0:00,NaN,NaN
12/4/2021 1:00,NaN,NaN
12/4/2021 2:00,NaN,NaN
12/4/2021 3:00,NaN,NaN
12/4/2021 4:00,NaN,NaN
12/4/2021 5:00,NaN,NaN
12/4/2021 6:00,NaN,NaN
12/4/2021 7:00,NaN,NaN
12/4/2021 8:00,NaN,NaN
12/4/2021 9:00,NaN,NaN
12/4/2021 10:00,NaN,NaN
12/4/2021 11:00,NaN,NaN
12/4/2021 12:00,NaN,9.96
12/4/2021 13:00,NaN,10.24
12/4/2021 14:00,NaN,9.81
12/4/2021 15:00,NaN,9.66
12/4/2021 16:00,9.77,9.67
12/4/2021 17:00,10.41,9.7
12/4/2021 18:00,7.22,10.19
12/4/2021 19:00,8.24,10.37
12/4/2021 20:00,7.46,10.85
12/4/2021 21:00,6.92,10.16
12/4/2021 22:00,4.38,9.21
12/4/2021 23:00,4.13,8.92
13/04/2021 00:00,3.5,8.37
13/04/2021 01:00,3.67,8.19
13/04/2021 02:00,15.97,8.2
13/04/2021 03:00,5.49,8.05
13/04/2021 04:00,5.33,8.38
13/04/2021 05:00,5.51,8.5
13/04/2021 06:00,5.43,9.38
13/04/2021 07:00,3.44,10.94
13/04/2021 08:00,NaN,10.87
13/04/2021 09:00,NaN,11.03
13/04/2021 10:00,NaN,NaN
13/04/2021 11:00,NaN,NaN
13/04/2021 12:00,NaN,10.34
13/04/2021 13:00,NaN,9.73
13/04/2021 14:00,NaN,9.76
13/04/2021 15:00,NaN,9.5
13/04/2021 16:00,7.38,9.81
13/04/2021 17:00,8.01,9.84
13/04/2021 18:00,7.9,10.06
13/04/2021 19:00,8.26,10.83
13/04/2021 20:00,8.36,10.9
13/04/2021 21:00,7.96,10.32
13/04/2021 22:00,6.42,9.03
13/04/2021 23:00,5.26,8.86
14/04/2021 00:00,5,8.41
14/04/2021 01:00,5.03,8.11
14/04/2021 02:00,3.4,8.02
14/04/2021 03:00,3.63,8.06
14/04/2021 04:00,3.82,8.21
14/04/2021 05:00,4.87,8.3
14/04/2021 06:00,6.74,9.35
14/04/2021 07:00,9.63,11.45
14/04/2021 08:00,9.76,11.28
14/04/2021 09:00,10.61,9.77
14/04/2021 10:00,9.84,9.11
14/04/2021 11:00,8.93,10.06
14/04/2021 12:00,9.92,9.64
14/04/2021 13:00,9.1,9.8
14/04/2021 14:00,8.88,9.77
14/04/2021 15:00,23.78,9.84
14/04/2021 16:00,7.29,9.7
14/04/2021 17:00,6.28,9.77
14/04/2021 18:00,6.9,9.91
14/04/2021 19:00,8.4,11.04
14/04/2021 20:00,8.13,10.65
14/04/2021 21:00,7.08,10.07
14/04/2021 22:00,5.24,9.15
14/04/2021 23:00,5.11,8.93
15/04/2021 00:00,4.73,8.35
15/04/2021 01:00,4.18,8.12
15/04/2021 02:00,4.09,8.02
15/04/2021 03:00,4.26,7.93
15/04/2021 04:00,4.69,8.21
15/04/2021 05:00,4.86,8.26
15/04/2021 06:00,5.31,9.47
15/04/2021 07:00,8.84,10.92
15/04/2021 08:00,8.78,10.93
15/04/2021 09:00,8.47,10.37
15/04/2021 10:00,9.14,9.94
15/04/2021 11:00,8.74,10.32
15/04/2021 12:00,7.66,10.13
15/04/2021 13:00,9.19,10
15/04/2021 14:00,9.66,9.73
15/04/2021 15:00,8.51,9.5
15/04/2021 16:00,8.04,9.79
15/04/2021 17:00,8.01,9.72
15/04/2021 18:00,7.97,9.93
15/04/2021 19:00,7.89,10.86
15/04/2021 20:00,8,10.88
15/04/2021 21:00,8.2,11.01
15/04/2021 22:00,NaN,NaN
15/04/2021 23:00,NaN,NaN
16/04/2021 00:00,NaN,NaN
16/04/2021 01:00,NaN,NaN
16/04/2021 02:00,NaN,NaN
16/04/2021 03:00,NaN,NaN
16/04/2021 04:00,NaN,NaN
16/04/2021 05:00,NaN,NaN
16/04/2021 06:00,NaN,NaN
16/04/2021 07:00,NaN,NaN
16/04/2021 08:00,8.64,10.71
16/04/2021 09:00,9.92,10.81
16/04/2021 10:00,9.79,10.03
16/04/2021 11:00,10.07,9.98
16/04/2021 12:00,9.29,10.31
16/04/2021 13:00,9.69,10.68
16/04/2021 14:00,10.27,10.52
16/04/2021 15:00,9.3,10.41
16/04/2021 16:00,9.29,9.7
16/04/2021 17:00,7.87,9.93
16/04/2021 18:00,7.75,10.15
16/04/2021 19:00,9.15,10.74
16/04/2021 20:00,9.12,10.6
16/04/2021 21:00,7.88,9.93
16/04/2021 22:00,7.37,9.61
16/04/2021 23:00,6.11,8.65
17/04/2021 00:00,5.4,8.23
17/04/2021 01:00,4.96,8.07
17/04/2021 02:00,5.15,8.02
17/04/2021 03:00,5.34,7.98
17/04/2021 04:00,6.28,8.01
17/04/2021 05:00,5.12,8.14
17/04/2021 06:00,5.79,8.74
17/04/2021 07:00,7.57,10.16
17/04/2021 08:00,8.78,11.39
17/04/2021 09:00,9.24,11.86
17/04/2021 10:00,9.15,10.96
17/04/2021 11:00,8.26,10.76
17/04/2021 12:00,8.64,11.26
17/04/2021 13:00,9.46,10.5
17/04/2021 14:00,9.66,10.47
17/04/2021 15:00,8.81,10.53
17/04/2021 16:00,8.4,10.26
17/04/2021 17:00,7.28,10.67
17/04/2021 18:00,7.3,10.67
17/04/2021 19:00,8.02,10.69
17/04/2021 20:00,7.45,10.63
17/04/2021 21:00,6.66,9.85
17/04/2021 22:00,5.68,9.06
17/04/2021 23:00,4.92,8.9
18/04/2021 00:00,4.42,8.37
18/04/2021 01:00,4.57,8.1
18/04/2021 02:00,4.77,7.98
18/04/2021 03:00,4.85,8.01
18/04/2021 04:00,4.55,7.94
18/04/2021 05:00,5.32,8.17
18/04/2021 06:00,6.02,8.54
18/04/2021 07:00,7.45,9.65
18/04/2021 08:00,8.47,11.27
18/04/2021 09:00,9.08,11.66
18/04/2021 10:00,8.86,12.07
18/04/2021 11:00,8.03,11.73
18/04/2021 12:00,7.52,11.46
18/04/2021 13:00,7.5,11.33
18/04/2021 14:00,7.54,11.13
18/04/2021 15:00,7.15,10.2
18/04/2021 16:00,7.21,9.72
18/04/2021 17:00,7.13,10.51
18/04/2021 18:00,7.07,10.91
18/04/2021 19:00,7.03,11.39
18/04/2021 20:00,NaN,10.87
18/04/2021 21:00,NaN,10
18/04/2021 22:00,NaN,9.2
18/04/2021 23:00,NaN,8.59
19/04/2021 00:00,6.77,8.24
19/04/2021 01:00,5.4,7.99
19/04/2021 02:00,5.02,7.95
19/04/2021 03:00,4.97,7.9
19/04/2021 04:00,4.8,8.01
19/04/2021 05:00,5.17,NaN
19/04/2021 06:00,NaN,NaN
19/04/2021 07:00,NaN,NaN
19/04/2021 08:00,9.41,11.02
19/04/2021 09:00,9.82,10.89
19/04/2021 10:00,10.36,10.22
19/04/2021 11:00,10.64,9.28
19/04/2021 12:00,9.88,9.12
19/04/2021 13:00,11.35,9.22
19/04/2021 14:00,10.59,8.95
19/04/2021 15:00,9.72,9.39
19/04/2021 16:00,8.71,9.17
19/04/2021 17:00,8.32,9.08
19/04/2021 18:00,6.95,9.21
19/04/2021 19:00,7.39,9.93
19/04/2021 20:00,7.81,9.96
19/04/2021 21:00,6.7,9.42
19/04/2021 22:00,5.71,8.58
19/04/2021 23:00,4.58,8.1
20/04/2021 00:00,4.84,7.53
20/04/2021 01:00,4.8,7.28
20/04/2021 02:00,16.2,7.22
20/04/2021 03:00,5.37,7.23
20/04/2021 04:00,5.97,NaN
20/04/2021 05:00,5.72,7.52
20/04/2021 06:00,6.77,8.84
20/04/2021 07:00,10.64,10.17
20/04/2021 08:00,11.04,10.31
20/04/2021 09:00,9.39,10.19
20/04/2021 10:00,8.42,9.99
20/04/2021 11:00,9.03,9.08
20/04/2021 12:00,8.79,9.27
20/04/2021 13:00,9.75,9.5
20/04/2021 14:00,9.61,9.07
20/04/2021 15:00,9.33,9.01
20/04/2021 16:00,7.78,8.98
20/04/2021 17:00,7.83,9.11
20/04/2021 18:00,8.32,9.68
20/04/2021 19:00,8.92,10.75
20/04/2021 20:00,9.09,10.23
20/04/2021 21:00,8.05,9.63
20/04/2021 22:00,6.69,8.74
20/04/2021 23:00,5.68,7.93
21/04/2021 00:00,5.35,7.59
21/04/2021 01:00,3.81,7.3
21/04/2021 02:00,3.67,7.31
21/04/2021 03:00,4.02,7.38
21/04/2021 04:00,4.53,7.55
21/04/2021 05:00,5.71,7.87
21/04/2021 06:00,7.1,8.86
21/04/2021 07:00,9.69,10.7
21/04/2021 08:00,9.87,10.77
21/04/2021 09:00,10.14,10
21/04/2021 10:00,9.67,9.42
21/04/2021 11:00,10.01,9.22
21/04/2021 12:00,9.69,8.94
21/04/2021 13:00,10.01,9.08
21/04/2021 14:00,9.9,8.96
21/04/2021 15:00,8.76,9.21
21/04/2021 16:00,7.31,9.48
21/04/2021 17:00,7.35,9.47
21/04/2021 18:00,7.18,9.55
21/04/2021 19:00,8.91,10.72
21/04/2021 20:00,8.51,10.07
21/04/2021 21:00,7.28,9.17
21/04/2021 22:00,5.85,8.63
21/04/2021 23:00,5.53,8.18
22/04/2021 00:00,5.34,7.59
22/04/2021 01:00,4.88,7.36
22/04/2021 02:00,4.67,7.23
22/04/2021 03:00,5,7.42
22/04/2021 04:00,5.06,7.43
22/04/2021 05:00,4.85,7.65
22/04/2021 06:00,5.03,8.64
22/04/2021 07:00,9.37,10.81
22/04/2021 08:00,9.79,10.47
22/04/2021 09:00,9.48,9.9
22/04/2021 10:00,9.08,9.21
22/04/2021 11:00,8.83,8.94
22/04/2021 12:00,9.24,9.22
22/04/2021 13:00,9.9,9.2
22/04/2021 14:00,10.13,9.24
22/04/2021 15:00,9.81,9.14
22/04/2021 16:00,8.38,9.17
22/04/2021 17:00,7.91,9.6
22/04/2021 18:00,8.16,10.3
22/04/2021 19:00,8.09,10.78
22/04/2021 20:00,8.44,10.38
22/04/2021 21:00,7.2,9.6
22/04/2021 22:00,5.34,8.54
22/04/2021 23:00,3.59,7.87
23/04/2021 00:00,3.75,7.52
23/04/2021 01:00,4.19,7.24
23/04/2021 02:00,4.22,7.28
23/04/2021 03:00,4.54,7.33
23/04/2021 04:00,4.84,7.42
23/04/2021 05:00,5.46,7.8
23/04/2021 06:00,6.6,8.93
23/04/2021 07:00,9.03,10.57
23/04/2021 08:00,9.67,10.57
23/04/2021 09:00,10.08,9.84
23/04/2021 10:00,9.83,9.98
23/04/2021 11:00,8.34,9.5
23/04/2021 12:00,9.8,10.07
23/04/2021 13:00,9.64,10.66
23/04/2021 14:00,9.43,10.39
23/04/2021 15:00,9.36,9.91
23/04/2021 16:00,7.23,9.46
23/04/2021 17:00,7.23,10.07
23/04/2021 18:00,8.1,9.9
23/04/2021 19:00,8.17,10.5
23/04/2021 20:00,8.65,10.37
23/04/2021 21:00,7.3,9.4
23/04/2021 22:00,6.98,8.67
23/04/2021 23:00,5.3,8.01
24/04/2021 00:00,5.29,7.52
24/04/2021 01:00,4.66,7.43
24/04/2021 02:00,4.48,7.26
24/04/2021 03:00,5.02,7.61
24/04/2021 04:00,4.54,7.29
24/04/2021 05:00,4.11,7.39
24/04/2021 06:00,4.93,8.12
24/04/2021 07:00,6.51,10.17
24/04/2021 08:00,8.46,11.04
24/04/2021 09:00,NaN,NaN
24/04/2021 10:00,NaN,NaN
24/04/2021 11:00,NaN,NaN
24/04/2021 12:00,NaN,NaN
24/04/2021 13:00,NaN,NaN
24/04/2021 14:00,NaN,NaN
24/04/2021 15:00,NaN,NaN
24/04/2021 16:00,NaN,NaN
24/04/2021 17:00,NaN,NaN
24/04/2021 18:00,NaN,NaN
24/04/2021 19:00,NaN,NaN
24/04/2021 20:00,NaN,NaN
24/04/2021 21:00,NaN,NaN
24/04/2021 22:00,NaN,NaN
24/04/2021 23:00,NaN,NaN
25/04/2021 00:00,NaN,NaN
25/04/2021 01:00,NaN,NaN
25/04/2021 02:00,NaN,NaN
25/04/2021 03:00,NaN,NaN
25/04/2021 04:00,NaN,NaN
25/04/2021 05:00,NaN,NaN
25/04/2021 06:00,NaN,NaN
25/04/2021 07:00,NaN,NaN
25/04/2021 08:00,NaN,NaN
25/04/2021 09:00,NaN,NaN
25/04/2021 10:00,NaN,NaN
25/04/2021 11:00,NaN,NaN
25/04/2021 12:00,NaN,11.41
25/04/2021 13:00,NaN,10.56
25/04/2021 14:00,NaN,10.26
25/04/2021 15:00,NaN,10.54
25/04/2021 16:00,6.65,10.41
25/04/2021 17:00,7.33,11.78
25/04/2021 18:00,7.88,11.47
25/04/2021 19:00,8.43,11.63
25/04/2021 20:00,8.86,10.76
25/04/2021 21:00,7.4,9.65
25/04/2021 22:00,6.52,9.01
25/04/2021 23:00,5.26,8.06
26/04/2021 00:00,5.38,7.58
26/04/2021 01:00,4.53,7.3
26/04/2021 02:00,4.72,7.28
26/04/2021 03:00,3.98,7.61
26/04/2021 04:00,4.68,7.44
26/04/2021 05:00,4.85,7.89
26/04/2021 06:00,7.91,9.07
26/04/2021 07:00,12.25,10.42
26/04/2021 08:00,11.13,10.83
26/04/2021 09:00,10.66,10.79
26/04/2021 10:00,10.46,9.29
26/04/2021 11:00,9.26,9.03
26/04/2021 12:00,9.18,9.21
26/04/2021 13:00,9.47,9.32
26/04/2021 14:00,9.53,9.16
26/04/2021 15:00,9.44,9.03
26/04/2021 16:00,9.73,8.69
26/04/2021 17:00,6.34,9.03
26/04/2021 18:00,6.16,9.38
26/04/2021 19:00,6.93,10.84
26/04/2021 20:00,7.3,9.97
26/04/2021 21:00,6.78,9.51
26/04/2021 22:00,4.51,8.43
26/04/2021 23:00,4.78,8.07
27/04/2021 00:00,4.59,7.81
27/04/2021 01:00,4.4,7.51
27/04/2021 02:00,16.42,7.32
27/04/2021 03:00,5.09,7.63
27/04/2021 04:00,5.27,7.43
27/04/2021 05:00,5.34,7.71
27/04/2021 06:00,6.01,8.86
27/04/2021 07:00,8.9,9.89
27/04/2021 08:00,10.83,10.24
27/04/2021 09:00,10.86,9.72
27/04/2021 10:00,NaN,9.31
27/04/2021 11:00,NaN,8.92
27/04/2021 12:00,9.18,9.12
27/04/2021 13:00,10.23,9.06
27/04/2021 14:00,9.6,9.23
27/04/2021 15:00,8.96,9.06
27/04/2021 16:00,8.21,8.83
27/04/2021 17:00,8.54,9.58
27/04/2021 18:00,8.79,9.91
27/04/2021 19:00,8.38,10.43
27/04/2021 20:00,8.88,10.05
27/04/2021 21:00,8.53,9.25
27/04/2021 22:00,5.67,8.56
27/04/2021 23:00,5.43,8.01
28/04/2021 00:00,4.44,7.64
28/04/2021 01:00,3.61,7.37
28/04/2021 02:00,3.67,7.27
28/04/2021 03:00,3.44,7.5
28/04/2021 04:00,4.32,7.34
28/04/2021 05:00,5.72,7.64
28/04/2021 06:00,6.92,9.3
28/04/2021 07:00,9.23,10.82
28/04/2021 08:00,10.37,10.56
28/04/2021 09:00,10.1,10.65
28/04/2021 10:00,10.21,9.7
28/04/2021 11:00,10.46,9.2
28/04/2021 12:00,9.37,9.54
28/04/2021 13:00,9.59,9.73
28/04/2021 14:00,9.01,9.46
28/04/2021 15:00,8.88,9.68
28/04/2021 16:00,7.47,9.66
28/04/2021 17:00,6.78,10.33
28/04/2021 18:00,7.84,10.29
28/04/2021 19:00,8.61,11.5
28/04/2021 20:00,8.88,10.21
28/04/2021 21:00,7.49,9.72
28/04/2021 22:00,5.59,8.71
28/04/2021 23:00,4.69,8.04
29/04/2021 00:00,4.42,7.72
29/04/2021 01:00,4.68,7.47
29/04/2021 02:00,4.1,7.32
29/04/2021 03:00,4.86,7.57
29/04/2021 04:00,4.86,7.45
29/04/2021 05:00,4.74,7.75
29/04/2021 06:00,4.75,8.51
29/04/2021 07:00,8.41,9.88
29/04/2021 08:00,8.82,9.96
29/04/2021 09:00,9.49,9.45
29/04/2021 10:00,9.09,8.9
29/04/2021 11:00,8.37,9.16
29/04/2021 12:00,9.67,8.95
29/04/2021 13:00,10.67,9.54
29/04/2021 14:00,9.84,10.04
29/04/2021 15:00,10.33,10.06
29/04/2021 16:00,8.37,9.76
29/04/2021 17:00,8.17,9.89
29/04/2021 18:00,7.95,10.21
29/04/2021 19:00,8.13,9.93
29/04/2021 20:00,8.06,9.63
29/04/2021 21:00,7.09,9.12
29/04/2021 22:00,5.79,8.45
29/04/2021 23:00,4.28,8.04
30/04/2021 00:00,4.04,7.51
30/04/2021 01:00,3.91,7.31
30/04/2021 02:00,4.76,7.4
30/04/2021 03:00,4.92,7.6
30/04/2021 04:00,5.51,7.29
30/04/2021 05:00,6.3,7.6
30/04/2021 06:00,7.64,8.76
30/04/2021 07:00,9.95,10.15
30/04/2021 08:00,9.58,9.99
30/04/2021 09:00,9.43,9.59
30/04/2021 10:00,11.04,9.8
30/04/2021 11:00,11.89,9.08
30/04/2021 12:00,11.31,9.18
30/04/2021 13:00,9.12,9.13
30/04/2021 14:00,9.54,9.42
30/04/2021 15:00,9.39,9.14
30/04/2021 16:00,6.58,9.01
30/04/2021 17:00,7.01,8.96
30/04/2021 18:00,7.89,9.22
30/04/2021 19:00,8.32,10.26
30/04/2021 20:00,8.74,10.01
30/04/2021 21:00,7.26,9.03
30/04/2021 22:00,6.3,9.01
30/04/2021 23:00,5.98,8.16
1/5/2021 0:00,5.25,7.86
1/5/2021 1:00,5.11,7.49
1/5/2021 2:00,4.86,7.21
1/5/2021 3:00,4.8,7.28
1/5/2021 4:00,4.4,7.22
1/5/2021 5:00,3.71,7.34
1/5/2021 6:00,5.16,7.75
1/5/2021 7:00,6.2,9.1
1/5/2021 8:00,7.89,10.5
1/5/2021 9:00,9.48,12.23
1/5/2021 10:00,9.4,11.95
1/5/2021 11:00,9.13,11.45
1/5/2021 12:00,8.42,10.72
1/5/2021 13:00,8.3,9.98
1/5/2021 14:00,8.68,9.83
1/5/2021 15:00,7.47,9.48
1/5/2021 16:00,6.3,9.59
1/5/2021 17:00,6.12,9.41
1/5/2021 18:00,5.7,9.63
1/5/2021 19:00,6.47,9.75
1/5/2021 20:00,6.53,9.64
1/5/2021 21:00,6.8,8.8
1/5/2021 22:00,5.89,8.62
1/5/2021 23:00,5.57,8.22
2/5/2021 0:00,5.07,7.74
2/5/2021 1:00,4.89,7.34
2/5/2021 2:00,5.22,7.2
2/5/2021 3:00,5.26,7.22
2/5/2021 4:00,5.22,7.13
2/5/2021 5:00,5.43,7.33
2/5/2021 6:00,5.87,7.5
2/5/2021 7:00,7.31,8.72
2/5/2021 8:00,7.15,10.14
2/5/2021 9:00,8.16,10.4
2/5/2021 10:00,7.83,10.59
2/5/2021 11:00,8.91,10.56
2/5/2021 12:00,8.52,10.17
2/5/2021 13:00,7.09,9.71
2/5/2021 14:00,7.02,9.54
2/5/2021 15:00,7.09,8.95
2/5/2021 16:00,6.89,9.08
2/5/2021 17:00,6.92,9.35
2/5/2021 18:00,7.24,9.52
2/5/2021 19:00,7.72,10.1
2/5/2021 20:00,8.4,9.93
2/5/2021 21:00,7.09,9.75
2/5/2021 22:00,6.06,8.66
2/5/2021 23:00,5.48,8.02
3/5/2021 0:00,4.72,7.5
3/5/2021 1:00,4.29,7.36
3/5/2021 2:00,3.28,7.2
3/5/2021 3:00,3.46,7.47
3/5/2021 4:00,4.07,7.45
3/5/2021 5:00,4.53,7.7
3/5/2021 6:00,6.94,8.89
3/5/2021 7:00,9.45,10.23
3/5/2021 8:00,9.06,10.17
3/5/2021 9:00,9.69,9.8
3/5/2021 10:00,10.34,10.08
3/5/2021 11:00,9.8,9.49
3/5/2021 12:00,10.01,9.56
3/5/2021 13:00,10.69,9.32
3/5/2021 14:00,10,9.22
3/5/2021 15:00,9.3,9.11
3/5/2021 16:00,8.04,9.13
3/5/2021 17:00,6.9,9.06
3/5/2021 18:00,6.89,10.09
3/5/2021 19:00,8.16,10.68
3/5/2021 20:00,8.32,10.71
3/5/2021 21:00,NaN,10.8
3/5/2021 22:00,NaN,NaN
3/5/2021 23:00,NaN,NaN
4/5/2021 0:00,NaN,NaN
4/5/2021 1:00,NaN,NaN
4/5/2021 2:00,NaN,NaN
4/5/2021 3:00,NaN,NaN
4/5/2021 4:00,6.27,8.04
4/5/2021 5:00,5.07,7.6
4/5/2021 6:00,5.38,9.07
4/5/2021 7:00,8.62,10.56
4/5/2021 8:00,9.26,10.65
4/5/2021 9:00,11.79,9.6
4/5/2021 10:00,9.73,9.39
4/5/2021 11:00,9.82,9.47
4/5/2021 12:00,9.79,9.23
4/5/2021 13:00,10.62,9.39
4/5/2021 14:00,10.41,9.05
4/5/2021 15:00,10.15,8.97
4/5/2021 16:00,7.92,9.26
4/5/2021 17:00,7.94,9.11
4/5/2021 18:00,8.42,9.78
4/5/2021 19:00,9.11,10.71
4/5/2021 20:00,9.54,10.79
4/5/2021 21:00,7.09,9.86
4/5/2021 22:00,5.21,8.74
4/5/2021 23:00,4.09,8.18
5/5/2021 0:00,3.65,7.68
5/5/2021 1:00,3.45,7.44
5/5/2021 2:00,4.31,7.34
5/5/2021 3:00,4.62,7.44
5/5/2021 4:00,5.07,7.49
5/5/2021 5:00,5.71,7.5
5/5/2021 6:00,7.39,9.16
5/5/2021 7:00,9.86,10.56
5/5/2021 8:00,9.72,10.53
5/5/2021 9:00,11.31,10.13
5/5/2021 10:00,15.88,9.92
5/5/2021 11:00,12.87,9.51
5/5/2021 12:00,10.61,10.09
5/5/2021 13:00,10.55,9.51
5/5/2021 14:00,13.24,9.98
5/5/2021 15:00,13.69,9.13
5/5/2021 16:00,11.58,9.07
5/5/2021 17:00,9.33,9.07
5/5/2021 18:00,7.89,9.68
5/5/2021 19:00,8.54,10.32
5/5/2021 20:00,8.33,10.29
5/5/2021 21:00,7.74,9.16
5/5/2021 22:00,6.07,8.71
5/5/2021 23:00,5.1,8.26
6/5/2021 0:00,4.73,7.72
6/5/2021 1:00,4.69,7.4
6/5/2021 2:00,4.33,7.35
6/5/2021 3:00,3.67,7.44
6/5/2021 4:00,3.95,7.37
6/5/2021 5:00,3.89,7.76
6/5/2021 6:00,5.26,9.27
6/5/2021 7:00,8.1,10.52
6/5/2021 8:00,8.54,10.41
6/5/2021 9:00,9.67,9.87
6/5/2021 10:00,12.28,9.66
6/5/2021 11:00,11.01,9.83
6/5/2021 12:00,11.87,9.87
6/5/2021 13:00,11.95,9.38
6/5/2021 14:00,13.27,9.2
6/5/2021 15:00,11.61,9.23
6/5/2021 16:00,7.38,9.51
6/5/2021 17:00,8.84,9.39
6/5/2021 18:00,9.01,10.34
6/5/2021 19:00,7.91,10.83
6/5/2021 20:00,8.58,10.56
6/5/2021 21:00,7.88,9.35
6/5/2021 22:00,6.78,8.6
6/5/2021 23:00,5.95,7.95
7/5/2021 0:00,5.59,7.63
7/5/2021 1:00,5.25,7.38
7/5/2021 2:00,4.83,7.28
7/5/2021 3:00,5.19,7.38
7/5/2021 4:00,6.31,7.39
7/5/2021 5:00,6.05,7.53
7/5/2021 6:00,7.48,8.95
7/5/2021 7:00,9.36,10.35
7/5/2021 8:00,9.28,10.28
7/5/2021 9:00,10.21,9.78
7/5/2021 10:00,9.39,9.23
7/5/2021 11:00,8.07,9.04
7/5/2021 12:00,NaN,9.09
7/5/2021 13:00,8.7,9.4
7/5/2021 14:00,9.59,9.38
7/5/2021 15:00,8.75,9.19
7/5/2021 16:00,8.33,9.53
7/5/2021 17:00,7.67,9.35
7/5/2021 18:00,7.86,9.35
7/5/2021 19:00,8.41,9.77
7/5/2021 20:00,7.99,9.53
7/5/2021 21:00,8.33,9.09
7/5/2021 22:00,6.66,8.49
7/5/2021 23:00,5.85,8.24
8/5/2021 0:00,4.92,7.72
8/5/2021 1:00,3.52,7.44
8/5/2021 2:00,3.61,7.31
8/5/2021 3:00,3.94,7.38
8/5/2021 4:00,4.28,7.24
8/5/2021 5:00,4.98,7.49
8/5/2021 6:00,6.38,8.13
8/5/2021 7:00,8.61,9.44
8/5/2021 8:00,9.4,10.89
8/5/2021 9:00,9.52,11.23
8/5/2021 10:00,9.82,10.69
8/5/2021 11:00,8.93,9.86
8/5/2021 12:00,8.77,10.27
8/5/2021 13:00,8.6,10.23
8/5/2021 14:00,8.15,10.06
8/5/2021 15:00,7.63,10.49
8/5/2021 16:00,6.51,9.91
8/5/2021 17:00,7.27,10.18
8/5/2021 18:00,7.01,10.39
8/5/2021 19:00,7.46,10.85
8/5/2021 20:00,8.41,9.9
8/5/2021 21:00,7.54,9.46
8/5/2021 22:00,6.87,8.81
8/5/2021 23:00,5.8,8.49
9/5/2021 0:00,5.4,7.68
9/5/2021 1:00,5.15,7.47
9/5/2021 2:00,4.82,7.36
9/5/2021 3:00,4.88,7.32
9/5/2021 4:00,4.58,7.41
9/5/2021 5:00,4.59,7.43
9/5/2021 6:00,6.22,8.09
9/5/2021 7:00,6.35,9.19
9/5/2021 8:00,8.16,11.15
9/5/2021 9:00,8.01,11.83
9/5/2021 10:00,8.62,11.6
9/5/2021 11:00,8.23,11.3
9/5/2021 12:00,8.02,10.94
9/5/2021 13:00,7.1,10.86
9/5/2021 14:00,7.65,10.65
9/5/2021 15:00,7.98,10.16
9/5/2021 16:00,7.87,10.17
9/5/2021 17:00,8,11.53
9/5/2021 18:00,8.06,12.44
9/5/2021 19:00,8.45,12.28
9/5/2021 20:00,8.8,11.61
9/5/2021 21:00,7.36,10.1
9/5/2021 22:00,5.47,9
9/5/2021 23:00,4.96,8.26
10/5/2021 0:00,3.9,7.66
10/5/2021 1:00,3.36,7.41
10/5/2021 2:00,3.58,7.27
10/5/2021 3:00,4.47,7.39
10/5/2021 4:00,5.09,7.53
10/5/2021 5:00,5.31,7.91
10/5/2021 6:00,6.55,9.43
10/5/2021 7:00,8.7,10.91
10/5/2021 8:00,9.65,11.35
10/5/2021 9:00,9.81,11.61
10/5/2021 10:00,11.75,10.68
10/5/2021 11:00,11.42,10.31
10/5/2021 12:00,9.54,10.25
10/5/2021 13:00,10.63,10.4
10/5/2021 14:00,10.75,9.91
10/5/2021 15:00,11.1,10.29
10/5/2021 16:00,9.35,10.31
10/5/2021 17:00,8.84,10.21
10/5/2021 18:00,9.27,11.51
10/5/2021 19:00,11.12,12.2
10/5/2021 20:00,11.35,11.36
10/5/2021 21:00,9.96,10.05
10/5/2021 22:00,9.29,8.79
10/5/2021 23:00,9.45,8.21
11/5/2021 0:00,9.34,7.7
11/5/2021 1:00,8.79,7.65
11/5/2021 2:00,17.96,7.46
11/5/2021 3:00,9.17,7.4
11/5/2021 4:00,8.9,7.68
11/5/2021 5:00,8.53,7.74
11/5/2021 6:00,9.09,9.62
11/5/2021 7:00,11.47,11.22
11/5/2021 8:00,12.58,10.91
11/5/2021 9:00,11.75,9.87
11/5/2021 10:00,10.92,9.78
11/5/2021 11:00,10.19,9.12
11/5/2021 12:00,13.3,9.22
11/5/2021 13:00,13.65,9.71
11/5/2021 14:00,11.77,9.45
11/5/2021 15:00,11.64,9.71
11/5/2021 16:00,9.8,10.14
11/5/2021 17:00,8.94,9.41
11/5/2021 18:00,8.54,9.67
11/5/2021 19:00,9.24,10.22
11/5/2021 20:00,8.47,10.02
11/5/2021 21:00,7.47,9.12
11/5/2021 22:00,5.15,8.48
11/5/2021 23:00,4.47,7.94
12/5/2021 0:00,4.91,7.53
12/5/2021 1:00,5.27,7.29
12/5/2021 2:00,5.83,7.3
12/5/2021 3:00,NaN,7.15
12/5/2021 4:00,5.3,7.28
12/5/2021 5:00,5.67,7.4
12/5/2021 6:00,8.08,8.54
12/5/2021 7:00,10.71,10.33
12/5/2021 8:00,9.89,10.01
12/5/2021 9:00,9.2,9.34
12/5/2021 10:00,9.86,8.92
12/5/2021 11:00,10.38,8.78
12/5/2021 12:00,9.9,8.81
12/5/2021 13:00,9.41,9.1
12/5/2021 14:00,9.46,9.08
12/5/2021 15:00,8.65,8.81
12/5/2021 16:00,8.13,8.61
12/5/2021 17:00,7.39,8.84
12/5/2021 18:00,7.2,9.2
12/5/2021 19:00,7.8,9.59
12/5/2021 20:00,8.41,9.75
12/5/2021 21:00,8.12,9.51
12/5/2021 22:00,6.91,8.92
12/5/2021 23:00,6.83,8.13
13/05/2021 00:00,8.13,7.63
13/05/2021 01:00,8.89,7.4
13/05/2021 02:00,7.34,7.35
13/05/2021 03:00,5.36,7.36
13/05/2021 04:00,5.55,7.47
13/05/2021 05:00,6.34,7.68
13/05/2021 06:00,8.54,8.81
13/05/2021 07:00,8.9,10.4
13/05/2021 08:00,9.5,10.06
13/05/2021 09:00,10.73,9.62
13/05/2021 10:00,12.7,9.22
13/05/2021 11:00,12.95,8.97
13/05/2021 12:00,12.32,8.93
13/05/2021 13:00,12.85,9.03
13/05/2021 14:00,13.38,9
13/05/2021 15:00,13.51,8.94
13/05/2021 16:00,12.67,8.76
13/05/2021 17:00,9.76,8.79
13/05/2021 18:00,8.04,9.18
13/05/2021 19:00,9.79,9.59
13/05/2021 20:00,8.4,9.74
13/05/2021 21:00,7.07,9.52
13/05/2021 22:00,6.03,8.4
13/05/2021 23:00,4.28,7.96
14/05/2021 00:00,3.91,7.73
14/05/2021 01:00,3.75,7.36
14/05/2021 02:00,4.39,7.3
14/05/2021 03:00,5.55,7.26
14/05/2021 04:00,5.57,NaN
14/05/2021 05:00,5.59,7.44
14/05/2021 06:00,6.66,8.49
14/05/2021 07:00,9.17,9.93
14/05/2021 08:00,9.84,10.16
14/05/2021 09:00,10.28,9.46
14/05/2021 10:00,NaN,9.39
14/05/2021 11:00,NaN,9.09
14/05/2021 12:00,9.82,8.95
14/05/2021 13:00,9.19,9.06
14/05/2021 14:00,9.52,9.39
14/05/2021 15:00,9.27,9.35
14/05/2021 16:00,7.65,9.19
14/05/2021 17:00,7.69,9.28
14/05/2021 18:00,8.17,9.55
14/05/2021 19:00,10.6,10.03
14/05/2021 20:00,11.75,9.88
14/05/2021 21:00,10.69,9.16
14/05/2021 22:00,10.29,8.69
14/05/2021 23:00,9.48,8.2
15/05/2021 00:00,8.48,7.77
15/05/2021 01:00,7.8,7.62
15/05/2021 02:00,6.82,7.43
15/05/2021 03:00,7.37,7.37
15/05/2021 04:00,7.8,7.44
15/05/2021 05:00,7.18,7.58
15/05/2021 06:00,8.24,8.26
15/05/2021 07:00,11.16,9.58
15/05/2021 08:00,12.67,10.56
15/05/2021 09:00,12.95,11.14
15/05/2021 10:00,12.75,10.97
15/05/2021 11:00,13.52,10.24
15/05/2021 12:00,12.74,10.57
15/05/2021 13:00,11.18,10.15
15/05/2021 14:00,11.52,10.17
15/05/2021 15:00,10.78,9.85
15/05/2021 16:00,9.63,9.79
15/05/2021 17:00,6.53,9.47
15/05/2021 18:00,6.67,9.89
15/05/2021 19:00,7.14,10.23
15/05/2021 20:00,7.83,9.98
15/05/2021 21:00,7.94,9.31
15/05/2021 22:00,6.81,8.99
15/05/2021 23:00,5.39,8.27
16/05/2021 00:00,5.27,7.79
16/05/2021 01:00,5.2,7.54
16/05/2021 02:00,4.74,7.35
16/05/2021 03:00,4.76,7.22
16/05/2021 04:00,4.6,7.21
16/05/2021 05:00,5.03,7.4
16/05/2021 06:00,5.7,7.86
16/05/2021 07:00,7.09,8.58
16/05/2021 08:00,7.18,10.59
16/05/2021 09:00,7.79,11.08
16/05/2021 10:00,8.6,10.6
16/05/2021 11:00,8.68,10.44
16/05/2021 12:00,7.66,10.65
16/05/2021 13:00,7.37,10.05
16/05/2021 14:00,7.69,9.69
16/05/2021 15:00,7.49,9.64
16/05/2021 16:00,7.09,9.42
16/05/2021 17:00,7.12,9.31
16/05/2021 18:00,7.4,9.54
16/05/2021 19:00,7.55,9.56
16/05/2021 20:00,8.74,10.03
16/05/2021 21:00,7.98,9.55
16/05/2021 22:00,7.14,8.84
16/05/2021 23:00,7.71,8.23
17/05/2021 00:00,NaN,7.71
17/05/2021 01:00,NaN,7.46
17/05/2021 02:00,NaN,7.35
17/05/2021 03:00,NaN,7.3
17/05/2021 04:00,NaN,7.58
17/05/2021 05:00,NaN,7.61
17/05/2021 06:00,NaN,NaN
17/05/2021 07:00,NaN,NaN
17/05/2021 08:00,NaN,NaN
17/05/2021 09:00,NaN,NaN
17/05/2021 10:00,NaN,NaN
17/05/2021 11:00,NaN,NaN
17/05/2021 12:00,10.42,8.75
17/05/2021 13:00,10.84,9.27
17/05/2021 14:00,10.78,9.45
17/05/2021 15:00,11.58,9.57
17/05/2021 16:00,9.58,9.04
17/05/2021 17:00,9.23,8.88
17/05/2021 18:00,9.84,9.88
17/05/2021 19:00,10.87,10.12
17/05/2021 20:00,10.94,9.98
17/05/2021 21:00,10.63,9.74
17/05/2021 22:00,9.06,9.21
17/05/2021 23:00,7.98,8.2
18/05/2021 00:00,7.64,7.67
18/05/2021 01:00,7.43,7.55
18/05/2021 02:00,18.05,7.58
18/05/2021 03:00,7.46,7.41
18/05/2021 04:00,7.07,7.64
18/05/2021 05:00,7.26,7.89
18/05/2021 06:00,9.07,8.99
18/05/2021 07:00,11.57,10.72
18/05/2021 08:00,11.92,10.94
18/05/2021 09:00,12.8,9.68
18/05/2021 10:00,12.98,9.27
18/05/2021 11:00,13.79,9.3
18/05/2021 12:00,13.19,9.92
18/05/2021 13:00,12.98,9.76
18/05/2021 14:00,15.26,9.46
18/05/2021 15:00,14.19,9.64
18/05/2021 16:00,11.6,9.1
18/05/2021 17:00,11.19,9.84
18/05/2021 18:00,11.35,9.66
18/05/2021 19:00,11.62,10.72
18/05/2021 20:00,11.9,10.56
18/05/2021 21:00,10.34,9.83
18/05/2021 22:00,9.71,8.89
18/05/2021 23:00,9.48,8.32
19/05/2021 00:00,8.66,7.83
19/05/2021 01:00,8.27,7.6
19/05/2021 02:00,8.36,7.58
19/05/2021 03:00,8.92,7.67
19/05/2021 04:00,9.01,7.6
19/05/2021 05:00,9.26,7.86
19/05/2021 06:00,10.74,8.87
19/05/2021 07:00,13.67,10.31
19/05/2021 08:00,12.9,9.86
19/05/2021 09:00,12.26,9.6
19/05/2021 10:00,13.01,8.87
19/05/2021 11:00,11.97,8.79
19/05/2021 12:00,12.41,9
19/05/2021 13:00,12.06,9.11
19/05/2021 14:00,12.37,8.95
19/05/2021 15:00,12.3,8.8
19/05/2021 16:00,12.33,9.11
19/05/2021 17:00,11.61,9.24
19/05/2021 18:00,11.29,9.97
19/05/2021 19:00,12.26,10.24
19/05/2021 20:00,12.4,9.79
19/05/2021 21:00,11,9.99
19/05/2021 22:00,9.71,8.9
19/05/2021 23:00,8.29,8.5
20/05/2021 00:00,7.94,8.04
20/05/2021 01:00,7.62,7.68
20/05/2021 02:00,7.38,7.43
20/05/2021 03:00,7.6,7.64
20/05/2021 04:00,9.02,7.65
20/05/2021 05:00,9.27,7.94
20/05/2021 06:00,11.03,9.48
20/05/2021 07:00,13.09,10.63
20/05/2021 08:00,13.59,10.89
20/05/2021 09:00,14.35,10.29
20/05/2021 10:00,13.1,9.67
20/05/2021 11:00,12.01,9.78
20/05/2021 12:00,10.73,9.1
20/05/2021 13:00,9.9,9.13
20/05/2021 14:00,12.1,9.33
20/05/2021 15:00,9.47,9.07
20/05/2021 16:00,7.76,9.16
20/05/2021 17:00,7.15,9.01
20/05/2021 18:00,8.03,9.23
20/05/2021 19:00,8.31,9.94
20/05/2021 20:00,8.81,10.39
20/05/2021 21:00,7.71,9.67
20/05/2021 22:00,6.73,8.96
20/05/2021 23:00,6.09,8.36
21/05/2021 00:00,5.64,7.8
21/05/2021 01:00,4.96,7.38
21/05/2021 02:00,4.5,7.3
21/05/2021 03:00,5.43,7.35
21/05/2021 04:00,4.69,7.58
21/05/2021 05:00,4.06,7.69
21/05/2021 06:00,6.08,9.21
21/05/2021 07:00,9.39,10.55
21/05/2021 08:00,10.32,10.55
21/05/2021 09:00,11.95,9.9
21/05/2021 10:00,11.95,9.48
21/05/2021 11:00,12.62,9.23
21/05/2021 12:00,11.91,9.71
21/05/2021 13:00,11.69,9.98
21/05/2021 14:00,11.22,9.92
21/05/2021 15:00,10.41,9.45
21/05/2021 16:00,8.52,9.24
21/05/2021 17:00,7.86,9.15
21/05/2021 18:00,8.25,9.7
21/05/2021 19:00,7.28,10.37
21/05/2021 20:00,7.74,10.01
21/05/2021 21:00,6.9,9.49
21/05/2021 22:00,5.27,8.86
21/05/2021 23:00,4.81,8.59
22/05/2021 00:00,4.15,7.84
22/05/2021 01:00,4.94,7.58
22/05/2021 02:00,4.54,7.43
22/05/2021 03:00,4.67,7.58
22/05/2021 04:00,5.15,7.41
22/05/2021 05:00,5.16,7.76
22/05/2021 06:00,6,8.32
22/05/2021 07:00,7.67,9.54
22/05/2021 08:00,8.36,10.37
22/05/2021 09:00,9.08,10.8
22/05/2021 10:00,9.02,10.26
22/05/2021 11:00,8.01,10.36
22/05/2021 12:00,7.69,9.91
22/05/2021 13:00,7.49,10.17
22/05/2021 14:00,7.29,10
22/05/2021 15:00,7.41,9.88
22/05/2021 16:00,6.61,9.49
22/05/2021 17:00,6.91,9.76
22/05/2021 18:00,7.47,9.56
22/05/2021 19:00,7.88,10.48
22/05/2021 20:00,7.93,10.04
22/05/2021 21:00,7.74,9.35
22/05/2021 22:00,6.33,9.1
22/05/2021 23:00,6.56,8.85
23/05/2021 00:00,5.49,8.21
23/05/2021 01:00,5.11,7.72
23/05/2021 02:00,5.01,7.71
23/05/2021 03:00,5.33,7.65
23/05/2021 04:00,5.04,7.7
23/05/2021 05:00,3.46,7.81
23/05/2021 06:00,5.08,8.31
23/05/2021 07:00,6.67,9.09
23/05/2021 08:00,9.09,10.52
23/05/2021 09:00,10.29,11.62
23/05/2021 10:00,9.87,11.93
23/05/2021 11:00,10.49,11.13
23/05/2021 12:00,9.98,11.2
23/05/2021 13:00,9.95,10.71
23/05/2021 14:00,9.61,10.72
23/05/2021 15:00,8.79,10.3
23/05/2021 16:00,7.42,10.28
23/05/2021 17:00,7.2,10.87
23/05/2021 18:00,7.01,11.15
23/05/2021 19:00,7.88,11.43
23/05/2021 20:00,8.35,11.09
23/05/2021 21:00,8.09,10.31
23/05/2021 22:00,5.6,9.24
23/05/2021 23:00,5.16,8.54
24/05/2021 00:00,5.33,8.14
24/05/2021 01:00,5.23,7.84
24/05/2021 02:00,4.89,7.78
24/05/2021 03:00,5.37,7.83
24/05/2021 04:00,5.36,7.86
24/05/2021 05:00,5.5,8.29
24/05/2021 06:00,7.04,9.27
24/05/2021 07:00,8.92,10.72
24/05/2021 08:00,9.16,10.91
24/05/2021 09:00,9.11,10.28
24/05/2021 10:00,NaN,9.61
24/05/2021 11:00,NaN,9.67
24/05/2021 12:00,9.18,9.71
24/05/2021 13:00,9.41,9.81
24/05/2021 14:00,9.15,9.5
24/05/2021 15:00,8.54,9.29
24/05/2021 16:00,7.83,9.41
24/05/2021 17:00,8.51,9.46
24/05/2021 18:00,8.11,9.71
24/05/2021 19:00,8.46,10.35
24/05/2021 20:00,8.86,10.63
24/05/2021 21:00,8.19,9.8
24/05/2021 22:00,6.75,9.04
24/05/2021 23:00,5.95,8.51
25/05/2021 00:00,5.36,8.41
25/05/2021 01:00,5.26,7.91
25/05/2021 02:00,15.35,7.85
25/05/2021 03:00,4.96,7.79
25/05/2021 04:00,4.83,7.91
25/05/2021 05:00,4.68,8.17
25/05/2021 06:00,6.61,9.32
25/05/2021 07:00,9.65,10.62
25/05/2021 08:00,9.78,10.49
25/05/2021 09:00,9.22,10.01
25/05/2021 10:00,10.18,10.06
25/05/2021 11:00,9.92,9.64
25/05/2021 12:00,10.07,9.61
25/05/2021 13:00,10.12,9.95
25/05/2021 14:00,9.46,9.2
25/05/2021 15:00,9.06,9.65
25/05/2021 16:00,8.15,9.66
25/05/2021 17:00,6.71,9.46
25/05/2021 18:00,9.18,10.39
25/05/2021 19:00,8.75,10.85
25/05/2021 20:00,8.86,10.34
25/05/2021 21:00,7.78,10.06
25/05/2021 22:00,7.09,9.24
25/05/2021 23:00,5.85,8.65
26/05/2021 00:00,5.2,8.28
26/05/2021 01:00,4.75,7.85
26/05/2021 02:00,4.7,7.84
26/05/2021 03:00,5.46,7.88
26/05/2021 04:00,5.74,7.88
26/05/2021 05:00,5.53,8.26
26/05/2021 06:00,7.91,9.63
26/05/2021 07:00,10.22,11.11
26/05/2021 08:00,9.61,11.01
26/05/2021 09:00,9.47,10.91
26/05/2021 10:00,9.28,NaN
26/05/2021 11:00,11.9,NaN
26/05/2021 12:00,10.34,NaN
26/05/2021 13:00,NaN,NaN
26/05/2021 14:00,NaN,NaN
26/05/2021 15:00,NaN,NaN
26/05/2021 16:00,NaN,NaN
26/05/2021 17:00,NaN,NaN
26/05/2021 18:00,NaN,NaN
26/05/2021 19:00,NaN,NaN
26/05/2021 20:00,NaN,NaN
26/05/2021 21:00,NaN,NaN
26/05/2021 22:00,NaN,NaN
26/05/2021 23:00,NaN,NaN
27/05/2021 00:00,NaN,NaN
27/05/2021 01:00,NaN,NaN
27/05/2021 02:00,NaN,NaN
27/05/2021 03:00,NaN,NaN
27/05/2021 04:00,3.15,8.38
27/05/2021 05:00,5.21,8.48
27/05/2021 06:00,6.71,10.01
27/05/2021 07:00,9.51,11.48
27/05/2021 08:00,11.35,11.45
27/05/2021 09:00,10.25,10.28
27/05/2021 10:00,10.19,10.38
27/05/2021 11:00,9.05,10.43
27/05/2021 12:00,8.61,NaN
27/05/2021 13:00,NaN,NaN
27/05/2021 14:00,NaN,NaN
27/05/2021 15:00,NaN,NaN
27/05/2021 16:00,NaN,NaN
27/05/2021 17:00,NaN,NaN
27/05/2021 18:00,NaN,NaN
27/05/2021 19:00,NaN,NaN
27/05/2021 20:00,NaN,NaN
27/05/2021 21:00,NaN,NaN
27/05/2021 22:00,NaN,NaN
27/05/2021 23:00,NaN,NaN
28/05/2021 00:00,NaN,NaN
28/05/2021 01:00,NaN,NaN
28/05/2021 02:00,NaN,NaN
28/05/2021 03:00,NaN,NaN
28/05/2021 04:00,6.56,8.35
28/05/2021 05:00,5.11,8.51
28/05/2021 06:00,6.46,10.21
28/05/2021 07:00,9.49,11.52
28/05/2021 08:00,10.28,12.1
28/05/2021 09:00,8.95,11.21
28/05/2021 10:00,8.85,10.66
28/05/2021 11:00,10.48,11.21
28/05/2021 12:00,9.66,11.48
28/05/2021 13:00,10.31,11.03
28/05/2021 14:00,11.74,10.86
28/05/2021 15:00,10.92,10.73
28/05/2021 16:00,9.13,10.86
28/05/2021 17:00,9.18,11.1
28/05/2021 18:00,8.7,11.84
28/05/2021 19:00,8.61,12.68
28/05/2021 20:00,7.9,12.24
28/05/2021 21:00,7.53,10.81
28/05/2021 22:00,5.97,9.6
28/05/2021 23:00,5.05,9.44
29/05/2021 00:00,4.45,8.67
29/05/2021 01:00,4.25,8.17
29/05/2021 02:00,4.79,8.22
29/05/2021 03:00,4.58,8.23
29/05/2021 04:00,4.78,8.3
29/05/2021 05:00,5.21,8.5
29/05/2021 06:00,5.61,9.84
29/05/2021 07:00,7.23,10.62
29/05/2021 08:00,8.48,12.55
29/05/2021 09:00,8.63,12.36
29/05/2021 10:00,8.53,11.76
29/05/2021 11:00,7.87,11.76
29/05/2021 12:00,7.9,11.5
29/05/2021 13:00,8.26,11.36
29/05/2021 14:00,7.6,11.65
29/05/2021 15:00,7,11.2
29/05/2021 16:00,6.81,12.7
29/05/2021 17:00,7.4,13.12
29/05/2021 18:00,7.41,12.85
29/05/2021 19:00,7.15,11.81
29/05/2021 20:00,7.2,11.23
29/05/2021 21:00,6.88,10.42
29/05/2021 22:00,6.01,9.79
29/05/2021 23:00,5.52,9.13
30/05/2021 00:00,5.38,8.5
30/05/2021 01:00,4.99,8.21
30/05/2021 02:00,4.76,8.05
30/05/2021 03:00,4.23,8.13
30/05/2021 04:00,2.86,8.21
30/05/2021 05:00,3.21,8.32
30/05/2021 06:00,4.71,9.21
30/05/2021 07:00,6.04,10.47
30/05/2021 08:00,7.69,13.04
30/05/2021 09:00,9.76,13.27
30/05/2021 10:00,9.8,12.91
30/05/2021 11:00,9.6,12.19
30/05/2021 12:00,9.21,11.61
30/05/2021 13:00,8.88,11.03
30/05/2021 14:00,8.7,10.77
30/05/2021 15:00,7.16,10.55
30/05/2021 16:00,6.24,11.09
30/05/2021 17:00,6.46,12.04
30/05/2021 18:00,7.76,12.51
30/05/2021 19:00,7.73,13.24
30/05/2021 20:00,8.35,12.25
30/05/2021 21:00,8.45,10.82
30/05/2021 22:00,7.47,10.01
30/05/2021 23:00,6.49,9.61
31/05/2021 00:00,6.13,8.74
31/05/2021 01:00,5.62,8.35
31/05/2021 02:00,5.61,8.58
31/05/2021 03:00,6.02,8.27
31/05/2021 04:00,6.04,8.46
31/05/2021 05:00,6.47,8.97
31/05/2021 06:00,7.74,10.38
31/05/2021 07:00,10.67,11.25
31/05/2021 08:00,10.11,12.28
31/05/2021 09:00,10.3,11.87
31/05/2021 10:00,10.25,11.06
31/05/2021 11:00,9.54,10.81
31/05/2021 12:00,10.59,10.65
31/05/2021 13:00,9.79,10.93
31/05/2021 14:00,10.47,10.71
31/05/2021 15:00,9.97,11.3
31/05/2021 16:00,9.11,11.78
31/05/2021 17:00,8.57,11.81
31/05/2021 18:00,8.72,11.98
31/05/2021 19:00,8.97,12.97
31/05/2021 20:00,9.83,12.41
31/05/2021 21:00,8.14,10.99
31/05/2021 22:00,7.13,9.67
31/05/2021 23:00,5.61,9.07
1/6/2021 0:00,4.29,8.81
1/6/2021 1:00,3.7,8.22
1/6/2021 2:00,14.43,8.3
1/6/2021 3:00,4.78,8.34
1/6/2021 4:00,5.22,8.43
1/6/2021 5:00,5.69,8.83
1/6/2021 6:00,7.19,10.52
1/6/2021 7:00,9.1,11.94
1/6/2021 8:00,10.83,12.1
1/6/2021 9:00,10.07,11.57
1/6/2021 10:00,9.74,11.9
1/6/2021 11:00,10.33,10.74
1/6/2021 12:00,8.98,11.09
1/6/2021 13:00,9.28,11.19
1/6/2021 14:00,NaN,10.96
1/6/2021 15:00,NaN,11.19
1/6/2021 16:00,9.9,11.61
1/6/2021 17:00,8.35,12.15
1/6/2021 18:00,8.3,12.5
1/6/2021 19:00,9.5,14.02
1/6/2021 20:00,9.55,12.43
1/6/2021 21:00,8.57,10.69
1/6/2021 22:00,6.72,9.7
1/6/2021 23:00,6.23,9.24
2/6/2021 0:00,5.58,8.65
2/6/2021 1:00,5.28,8.31
2/6/2021 2:00,5.38,8.21
2/6/2021 3:00,5.12,8.22
2/6/2021 4:00,5.16,8.42
2/6/2021 5:00,4.46,8.59
2/6/2021 6:00,5.52,9.71
2/6/2021 7:00,7.32,10.64
2/6/2021 8:00,8.62,13.13
2/6/2021 9:00,8.76,13.61
2/6/2021 10:00,8.7,13.45
2/6/2021 11:00,8.43,13.22
2/6/2021 12:00,8.74,11.79
2/6/2021 13:00,8.97,11.75
2/6/2021 14:00,8.2,11.3
2/6/2021 15:00,8.82,10.75
2/6/2021 16:00,7.76,12.36
2/6/2021 17:00,7.6,13.31
2/6/2021 18:00,8.27,16.08
2/6/2021 19:00,8.32,16.14
2/6/2021 20:00,9.29,13.81
2/6/2021 21:00,7.25,11.72
2/6/2021 22:00,5.65,10.13
2/6/2021 23:00,4.5,9.1
3/6/2021 0:00,3.96,8.51
3/6/2021 1:00,4.02,8.07
3/6/2021 2:00,4.65,8.05
3/6/2021 3:00,5.04,8.05
3/6/2021 4:00,5.29,8.24
3/6/2021 5:00,5.57,8.67
3/6/2021 6:00,7.09,10.57
3/6/2021 7:00,9.49,11.94
3/6/2021 8:00,10.44,12.31
3/6/2021 9:00,10.49,11.57
3/6/2021 10:00,10.34,11.87
3/6/2021 11:00,10.41,11.85
3/6/2021 12:00,10.27,11.1
3/6/2021 13:00,10.54,10.36
3/6/2021 14:00,10.34,11.95
3/6/2021 15:00,10.22,11.57
3/6/2021 16:00,9.43,11.82
3/6/2021 17:00,8.58,13.76
3/6/2021 18:00,9.27,14.05
3/6/2021 19:00,9.76,15.68
3/6/2021 20:00,10.03,14.29
3/6/2021 21:00,7.81,11.73
3/6/2021 22:00,5.84,9.71
3/6/2021 23:00,4.79,9.17
4/6/2021 0:00,3.92,8.65
4/6/2021 1:00,3.55,8.2
4/6/2021 2:00,3.82,7.98
4/6/2021 3:00,4.84,8.22
4/6/2021 4:00,5.24,8.1
4/6/2021 5:00,5.28,8.61
4/6/2021 6:00,7.21,10.95
4/6/2021 7:00,10.09,12.23
4/6/2021 8:00,10.32,11.92
4/6/2021 9:00,9.91,11.24
4/6/2021 10:00,9.81,11.26
4/6/2021 11:00,9.9,11.65
4/6/2021 12:00,10.31,11.84
4/6/2021 13:00,10.26,11.48
4/6/2021 14:00,9.99,11.67
4/6/2021 15:00,9.48,11.43
4/6/2021 16:00,8.03,11.52
4/6/2021 17:00,8.03,11.56
4/6/2021 18:00,8.81,14.42
4/6/2021 19:00,9.11,14.06
4/6/2021 20:00,9.14,12.71
4/6/2021 21:00,7.46,11.22
4/6/2021 22:00,6.44,9.8
4/6/2021 23:00,6.38,9.51
5/6/2021 0:00,5.76,8.39
5/6/2021 1:00,5.9,8.1
5/6/2021 2:00,5.61,7.95
5/6/2021 3:00,5.99,8.26
5/6/2021 4:00,6.29,8.05
5/6/2021 5:00,5.94,8.42
5/6/2021 6:00,6.89,9.64
5/6/2021 7:00,8.02,11.22
5/6/2021 8:00,9.66,13.92
5/6/2021 9:00,9.19,13.65
5/6/2021 10:00,8.52,13.66
5/6/2021 11:00,8.78,12.53
5/6/2021 12:00,8.51,13.56
5/6/2021 13:00,8.6,13.56
5/6/2021 14:00,8.56,13.12
5/6/2021 15:00,9.49,14.03
5/6/2021 16:00,7.77,13.76
5/6/2021 17:00,8.41,13.84
5/6/2021 18:00,9.03,13.14
5/6/2021 19:00,9.08,13.54
5/6/2021 20:00,9.13,12.53
5/6/2021 21:00,7.52,11.13
5/6/2021 22:00,7.15,9.64
5/6/2021 23:00,5.9,9.3
6/6/2021 0:00,4.53,8.44
6/6/2021 1:00,3.76,8.16
6/6/2021 2:00,3.57,7.96
6/6/2021 3:00,2.87,8.12
6/6/2021 4:00,3.29,8
6/6/2021 5:00,4.85,8.21
6/6/2021 6:00,6.03,8.78
6/6/2021 7:00,7,9.04
6/6/2021 8:00,7.8,10.04
6/6/2021 9:00,8.35,10.47
6/6/2021 10:00,8.15,11.01
6/6/2021 11:00,7.77,12.09
6/6/2021 12:00,8.38,11.55
6/6/2021 13:00,7.05,10.49
6/6/2021 14:00,6.82,10.38
6/6/2021 15:00,6.17,10.73
6/6/2021 16:00,6.61,10.95
6/6/2021 17:00,5.78,11.63
6/6/2021 18:00,6.43,10.98
6/6/2021 19:00,6.97,11.64
6/6/2021 20:00,8.47,11.81
6/6/2021 21:00,7.44,10.29
6/6/2021 22:00,6.85,9.4
6/6/2021 23:00,5.89,9.03
7/6/2021 0:00,5.28,8.48
7/6/2021 1:00,4.5,8.04
7/6/2021 2:00,4.71,7.99
7/6/2021 3:00,5.25,8.27
7/6/2021 4:00,5.08,8.32
7/6/2021 5:00,5.45,8.59
7/6/2021 6:00,6.83,10.08
7/6/2021 7:00,7.94,11.53
7/6/2021 8:00,8.79,11.73
7/6/2021 9:00,9.9,11.15
7/6/2021 10:00,9.47,11.31
7/6/2021 11:00,12.74,10.6
7/6/2021 12:00,12.41,10.08
7/6/2021 13:00,13.42,9.85
7/6/2021 14:00,14.06,9.89
7/6/2021 15:00,13.54,10.56
7/6/2021 16:00,13.26,10.39
7/6/2021 17:00,12.68,10.77
7/6/2021 18:00,13.44,11.67
7/6/2021 19:00,12.86,12.08
7/6/2021 20:00,10,11.27
7/6/2021 21:00,8.06,10.62
7/6/2021 22:00,6.31,10.02
7/6/2021 23:00,4.93,9.14
8/6/2021 0:00,4.52,8.57
8/6/2021 1:00,4.03,8.3
8/6/2021 2:00,14.6,8.25
8/6/2021 3:00,5.54,8.38
8/6/2021 4:00,5.55,8.53
8/6/2021 5:00,6.28,8.83
8/6/2021 6:00,7.72,10.47
8/6/2021 7:00,11.46,11.77
8/6/2021 8:00,11,11.93
8/6/2021 9:00,10.84,11.88
8/6/2021 10:00,12.13,11.15
8/6/2021 11:00,10.31,11.04
8/6/2021 12:00,10.12,10.44
8/6/2021 13:00,12.27,10.94
8/6/2021 14:00,10.74,11.07
8/6/2021 15:00,8.94,10.41
8/6/2021 16:00,8.89,9.99
8/6/2021 17:00,9.86,10.45
8/6/2021 18:00,9.43,10.81
8/6/2021 19:00,9.38,11.79
8/6/2021 20:00,10.9,11.78
8/6/2021 21:00,8.08,10.77
8/6/2021 22:00,7.05,9.84
8/6/2021 23:00,6.12,8.93
9/6/2021 0:00,7.41,8.35
9/6/2021 1:00,5.35,8.25
9/6/2021 2:00,4.64,7.95
9/6/2021 3:00,2.84,8.29
9/6/2021 4:00,3.93,8.22
9/6/2021 5:00,5.38,8.5
9/6/2021 6:00,6.39,10.24
9/6/2021 7:00,8.62,11.99
9/6/2021 8:00,9.69,12.12
9/6/2021 9:00,13.08,11.62
9/6/2021 10:00,12.2,11.01
9/6/2021 11:00,11.42,11.29
9/6/2021 12:00,13.31,11.24
9/6/2021 13:00,12.91,11.16
9/6/2021 14:00,11.53,10.86
9/6/2021 15:00,12.33,10.76
9/6/2021 16:00,10.17,12.42
9/6/2021 17:00,7.79,12.27
9/6/2021 18:00,8.73,12.11
9/6/2021 19:00,10.36,12.73
9/6/2021 20:00,8.62,12.31
9/6/2021 21:00,7.61,11.89
9/6/2021 22:00,7.41,10.88
9/6/2021 23:00,7.23,9.66
10/6/2021 0:00,5.73,8.91
10/6/2021 1:00,4.92,8.27
10/6/2021 2:00,6.24,8.21
10/6/2021 3:00,6.06,8.62
10/6/2021 4:00,5.64,8.28
10/6/2021 5:00,6.01,NaN
10/6/2021 6:00,7.85,10.53
10/6/2021 7:00,11.32,11.95
10/6/2021 8:00,11.14,11.4
10/6/2021 9:00,11.46,12.18
10/6/2021 10:00,NaN,12.03
10/6/2021 11:00,NaN,12.19
10/6/2021 12:00,10.23,12.32
10/6/2021 13:00,12.36,13.01
10/6/2021 14:00,11.54,12.75
10/6/2021 15:00,10.69,12.99
10/6/2021 16:00,12.13,13.16
10/6/2021 17:00,12.29,13.8
10/6/2021 18:00,9.39,13.93
10/6/2021 19:00,11.01,15.64
10/6/2021 20:00,11.69,14.51
10/6/2021 21:00,8.57,12.99
10/6/2021 22:00,7.6,11.46
10/6/2021 23:00,8.33,10.86
11/6/2021 0:00,5.15,10.14
11/6/2021 1:00,4.09,9.17
11/6/2021 2:00,4.64,9.3
11/6/2021 3:00,6.04,9.55
11/6/2021 4:00,5.26,9.68
11/6/2021 5:00,7.18,9.84
11/6/2021 6:00,9.69,11.9
11/6/2021 7:00,9.96,13.22
11/6/2021 8:00,10.79,14.57
11/6/2021 9:00,12.74,12.88
11/6/2021 10:00,11.06,12.45
11/6/2021 11:00,9.3,12.85
11/6/2021 12:00,10.74,13.4
11/6/2021 13:00,11.72,12.1
11/6/2021 14:00,10.37,11.81
11/6/2021 15:00,9.51,11.5
11/6/2021 16:00,10.27,10.98
11/6/2021 17:00,8.6,11.29
11/6/2021 18:00,8.59,13.08
11/6/2021 19:00,11.42,13.39
11/6/2021 20:00,10.84,13.29
11/6/2021 21:00,8.64,11.61
11/6/2021 22:00,6.93,10.6
11/6/2021 23:00,7.88,10.22
12/6/2021 0:00,5.35,9.29
12/6/2021 1:00,4.47,8.49
12/6/2021 2:00,5.01,8.3
12/6/2021 3:00,4.36,8.65
12/6/2021 4:00,3.89,8.46
12/6/2021 5:00,4.21,8.4
12/6/2021 6:00,6.64,9.6
12/6/2021 7:00,7.65,11.45
12/6/2021 8:00,9.21,12.94
12/6/2021 9:00,10.83,13.82
12/6/2021 10:00,12.06,13.48
12/6/2021 11:00,9.49,14.62
12/6/2021 12:00,10.86,14.41
12/6/2021 13:00,11.98,13.62
12/6/2021 14:00,9.16,13.65
12/6/2021 15:00,8.79,13.94
12/6/2021 16:00,8.55,15.25
12/6/2021 17:00,7.8,15.33
12/6/2021 18:00,8.38,14.87
12/6/2021 19:00,10.49,16.41
12/6/2021 20:00,8.17,14.49
12/6/2021 21:00,7.93,12.42
12/6/2021 22:00,9.1,11.46
12/6/2021 23:00,6.39,10.61
13/06/2021 00:00,5.62,9.3
13/06/2021 01:00,5.47,8.4
13/06/2021 02:00,5.98,8.27
13/06/2021 03:00,4.43,8.26
13/06/2021 04:00,4.33,8.1
13/06/2021 05:00,6.69,8.05
13/06/2021 06:00,7.06,NaN
13/06/2021 07:00,6.08,NaN
13/06/2021 08:00,NaN,NaN
13/06/2021 09:00,NaN,NaN
13/06/2021 10:00,NaN,NaN
13/06/2021 11:00,NaN,NaN
13/06/2021 12:00,NaN,NaN
13/06/2021 13:00,NaN,NaN
13/06/2021 14:00,NaN,NaN
13/06/2021 15:00,NaN,NaN
13/06/2021 16:00,NaN,NaN
13/06/2021 17:00,NaN,NaN
13/06/2021 18:00,NaN,NaN
13/06/2021 19:00,NaN,NaN
13/06/2021 20:00,NaN,NaN
13/06/2021 21:00,NaN,NaN
13/06/2021 22:00,NaN,NaN
13/06/2021 23:00,NaN,NaN
14/06/2021 00:00,NaN,NaN
14/06/2021 01:00,NaN,NaN
14/06/2021 02:00,NaN,NaN
14/06/2021 03:00,NaN,NaN
14/06/2021 04:00,5.16,8.03
14/06/2021 05:00,6.47,8.66
14/06/2021 06:00,7.54,11.85
14/06/2021 07:00,8.22,12.32
14/06/2021 08:00,11.22,13.14
14/06/2021 09:00,11.02,11.94
14/06/2021 10:00,9.76,11.34
14/06/2021 11:00,9.38,11.55
14/06/2021 12:00,11.18,11.86
14/06/2021 13:00,9.77,11.22
14/06/2021 14:00,10.02,11.45
14/06/2021 15:00,11.57,11.3
14/06/2021 16:00,10.17,10.9
14/06/2021 17:00,7.84,12.19
14/06/2021 18:00,10.6,12.36
14/06/2021 19:00,12,15.71
14/06/2021 20:00,10.73,15.08
14/06/2021 21:00,9.5,13.59
14/06/2021 22:00,9.35,10.91
14/06/2021 23:00,7.51,9.46
15/06/2021 00:00,6.02,8.53
15/06/2021 01:00,5.73,8.23
15/06/2021 02:00,16.69,8.3
15/06/2021 03:00,4.82,8.25
15/06/2021 04:00,4.43,7.91
15/06/2021 05:00,5.5,8.34
15/06/2021 06:00,NaN,11.21
15/06/2021 07:00,NaN,12.23
15/06/2021 08:00,NaN,11.57
15/06/2021 09:00,NaN,11.52
15/06/2021 10:00,NaN,NaN
15/06/2021 11:00,NaN,NaN
15/06/2021 12:00,11.39,10.85
15/06/2021 13:00,9.63,10.44
15/06/2021 14:00,10.55,10.31
15/06/2021 15:00,12.19,10.33
15/06/2021 16:00,10.94,10.49
15/06/2021 17:00,10.99,11.27
15/06/2021 18:00,13.35,12.36
15/06/2021 19:00,15.32,14.62
15/06/2021 20:00,13.02,15.23
15/06/2021 21:00,12.8,12.98
15/06/2021 22:00,13.16,10.33
15/06/2021 23:00,10.96,9.19
16/06/2021 00:00,10.21,8.4
16/06/2021 01:00,10.11,8
16/06/2021 02:00,12.08,8.29
16/06/2021 03:00,10.55,8.41
16/06/2021 04:00,10.19,8.17
16/06/2021 05:00,12.04,8.65
16/06/2021 06:00,13.85,11.3
16/06/2021 07:00,13.24,11.78
16/06/2021 08:00,14.16,12.63
16/06/2021 09:00,14.8,12.47
16/06/2021 10:00,NaN,13.22
16/06/2021 11:00,NaN,13.48
16/06/2021 12:00,13.21,11.23
16/06/2021 13:00,14.23,10.8
16/06/2021 14:00,12,10.79
16/06/2021 15:00,11.48,10.48
16/06/2021 16:00,13.17,10.93
16/06/2021 17:00,13.55,11.75
16/06/2021 18:00,12.94,13.15
16/06/2021 19:00,14.79,15.3
16/06/2021 20:00,15.62,15.43
16/06/2021 21:00,12.56,13.56
16/06/2021 22:00,9.82,10.29
16/06/2021 23:00,8.31,9.24
17/06/2021 00:00,7.27,8.52
17/06/2021 01:00,5.12,7.96
17/06/2021 02:00,5.06,8.3
17/06/2021 03:00,NaN,8.37
17/06/2021 04:00,5.8,8.45
17/06/2021 05:00,7,8.74
17/06/2021 06:00,9.8,12.14
17/06/2021 07:00,11.51,13.07
17/06/2021 08:00,11.29,13.55
17/06/2021 09:00,10.74,12.38
17/06/2021 10:00,12.92,11.81
17/06/2021 11:00,11.07,10.71
17/06/2021 12:00,10.42,12.16
17/06/2021 13:00,11.73,11.73
17/06/2021 14:00,11.38,11.79
17/06/2021 15:00,10.49,11.29
17/06/2021 16:00,12.32,11.06
17/06/2021 17:00,11.27,11.91
17/06/2021 18:00,9.81,14.64
17/06/2021 19:00,12.27,15.07
17/06/2021 20:00,12.76,15.25
17/06/2021 21:00,8.33,12.51
17/06/2021 22:00,7.54,10.59
17/06/2021 23:00,7.75,9.93
18/06/2021 00:00,5.45,9.28
18/06/2021 01:00,4.25,8.45
18/06/2021 02:00,6.5,8.64
18/06/2021 03:00,5.27,8.63
18/06/2021 04:00,5.13,9.15
18/06/2021 05:00,5.8,8.79
18/06/2021 06:00,9.41,12.07
18/06/2021 07:00,10.69,13.56
18/06/2021 08:00,10.79,12.7
18/06/2021 09:00,13.46,11.92
18/06/2021 10:00,10.91,11.43
18/06/2021 11:00,9.55,11.54
18/06/2021 12:00,10.9,11.49
18/06/2021 13:00,11.26,10.58
18/06/2021 14:00,10.26,11.42
18/06/2021 15:00,10.67,11.59
18/06/2021 16:00,11.41,12.36
18/06/2021 17:00,9.29,12.88
18/06/2021 18:00,11.12,14
18/06/2021 19:00,12.12,14.32
18/06/2021 20:00,11.14,14.35
18/06/2021 21:00,9.48,12.92
18/06/2021 22:00,9.6,10.92
18/06/2021 23:00,7.2,10.82
19/06/2021 00:00,5.26,9.29
19/06/2021 01:00,6.09,8.53
19/06/2021 02:00,3.97,8.68
19/06/2021 03:00,4.01,8.87
19/06/2021 04:00,6.55,8.95
19/06/2021 05:00,7.46,9.94
19/06/2021 06:00,6.98,12.14
19/06/2021 07:00,10.95,14.27
19/06/2021 08:00,11.62,15.95
19/06/2021 09:00,10.92,14.36
19/06/2021 10:00,12.47,13
19/06/2021 11:00,12,12.79
19/06/2021 12:00,9.8,12.25
19/06/2021 13:00,11.61,12.41
19/06/2021 14:00,11.59,12.45
19/06/2021 15:00,9.94,12.67
19/06/2021 16:00,10.17,12.78
19/06/2021 17:00,11.2,13.52
19/06/2021 18:00,10.67,15.13
19/06/2021 19:00,11.62,17.27
19/06/2021 20:00,13.41,14.63
19/06/2021 21:00,11.22,13.29
19/06/2021 22:00,8.55,11.1
19/06/2021 23:00,9.43,10.89
20/06/2021 00:00,8.28,9.97
20/06/2021 01:00,5.99,9.03
20/06/2021 02:00,5.94,9.01
20/06/2021 03:00,7.7,8.9
20/06/2021 04:00,5.32,9.42
20/06/2021 05:00,4.96,8.97
20/06/2021 06:00,8.73,11.68
20/06/2021 07:00,8.74,11.99
20/06/2021 08:00,9.29,13.4
20/06/2021 09:00,11.34,15.24
20/06/2021 10:00,11.31,14.63
20/06/2021 11:00,9.93,13.69
20/06/2021 12:00,10.66,12.78
20/06/2021 13:00,11.58,12.27
20/06/2021 14:00,10,12.43
20/06/2021 15:00,10.08,11.77
20/06/2021 16:00,11.21,12.55
20/06/2021 17:00,10.04,13.41
20/06/2021 18:00,8.37,13.38
20/06/2021 19:00,11.38,15.45
20/06/2021 20:00,11.84,16.69
20/06/2021 21:00,8.23,14.58
20/06/2021 22:00,8.36,11.3
20/06/2021 23:00,8.49,10.02
21/06/2021 00:00,6.31,9.19
21/06/2021 01:00,5.89,8.44
21/06/2021 02:00,7.44,8.29
21/06/2021 03:00,7.04,8.34
21/06/2021 04:00,5.54,9.14
21/06/2021 05:00,8.75,8.96
21/06/2021 06:00,9.62,12.74
21/06/2021 07:00,10.56,13.48
21/06/2021 08:00,13.12,14.37
21/06/2021 09:00,12.22,12.87
21/06/2021 10:00,11.06,11.97
21/06/2021 11:00,12.41,12.03
21/06/2021 12:00,12.85,11.46
21/06/2021 13:00,11.97,11.56
21/06/2021 14:00,11.32,12.02
21/06/2021 15:00,12.62,12.32
21/06/2021 16:00,12.33,13.02
21/06/2021 17:00,10.09,13.66
21/06/2021 18:00,12.49,15.9
21/06/2021 19:00,13.95,19.61
21/06/2021 20:00,12.66,21.02
21/06/2021 21:00,12.56,15.91
21/06/2021 22:00,10.9,12.65
21/06/2021 23:00,8.11,10.72
22/06/2021 00:00,8.43,10.68
22/06/2021 01:00,6.67,9.78
22/06/2021 02:00,17.24,9.76
22/06/2021 03:00,7.3,9.94
22/06/2021 04:00,6.44,10.6
22/06/2021 05:00,8.56,10.44
22/06/2021 06:00,10.7,12.59
22/06/2021 07:00,11.46,12.92
22/06/2021 08:00,14.03,13.58
22/06/2021 09:00,13.49,14.52
22/06/2021 10:00,11.83,13.58
22/06/2021 11:00,13.14,12.17
22/06/2021 12:00,12.19,12.27
22/06/2021 13:00,NaN,13.01
22/06/2021 14:00,NaN,13.83
22/06/2021 15:00,NaN,13.5
22/06/2021 16:00,11.63,13.23
22/06/2021 17:00,11.24,13.42
22/06/2021 18:00,12.87,13.83
22/06/2021 19:00,11.67,16.42
22/06/2021 20:00,13.1,17.95
22/06/2021 21:00,11.89,15.83
22/06/2021 22:00,9.32,12.18
22/06/2021 23:00,9.39,10.26
23/06/2021 00:00,8.27,10.03
23/06/2021 01:00,8.27,NaN
23/06/2021 02:00,NaN,NaN
23/06/2021 03:00,NaN,NaN
23/06/2021 04:00,NaN,NaN
23/06/2021 05:00,NaN,NaN
23/06/2021 06:00,NaN,NaN
23/06/2021 07:00,NaN,NaN
23/06/2021 08:00,NaN,NaN
23/06/2021 09:00,NaN,NaN
23/06/2021 10:00,NaN,NaN
23/06/2021 11:00,NaN,NaN
23/06/2021 12:00,NaN,NaN
23/06/2021 13:00,NaN,NaN
23/06/2021 14:00,NaN,NaN
23/06/2021 15:00,NaN,NaN
23/06/2021 16:00,NaN,NaN
23/06/2021 17:00,NaN,NaN
23/06/2021 18:00,NaN,NaN
23/06/2021 19:00,NaN,NaN
23/06/2021 20:00,NaN,NaN
23/06/2021 21:00,NaN,NaN
23/06/2021 22:00,NaN,NaN
23/06/2021 23:00,NaN,NaN
24/06/2021 00:00,NaN,9.35
24/06/2021 01:00,NaN,8.46
24/06/2021 02:00,NaN,8.52
24/06/2021 03:00,NaN,8.45
24/06/2021 04:00,NaN,9.56
24/06/2021 05:00,NaN,9.82
24/06/2021 06:00,NaN,NaN
24/06/2021 07:00,NaN,NaN
24/06/2021 08:00,NaN,NaN
24/06/2021 09:00,NaN,NaN
24/06/2021 10:00,NaN,11.29
24/06/2021 11:00,NaN,11.56
24/06/2021 12:00,11.45,12.27
24/06/2021 13:00,12.98,12.31
24/06/2021 14:00,13.34,11.42
24/06/2021 15:00,13.29,11.81
24/06/2021 16:00,13.03,13.18
24/06/2021 17:00,10.86,13.36
24/06/2021 18:00,13.22,14.32
24/06/2021 19:00,14.71,17.52
24/06/2021 20:00,14.51,16.94
24/06/2021 21:00,10.85,14.71
24/06/2021 22:00,9.2,12.23
24/06/2021 23:00,9.6,10.39
25/06/2021 00:00,7.66,9.79
25/06/2021 01:00,6.58,8.99
25/06/2021 02:00,7.51,8.84
25/06/2021 03:00,7.2,8.71
25/06/2021 04:00,6.04,9.87
25/06/2021 05:00,9.27,10.13
25/06/2021 06:00,8.84,12.92
25/06/2021 07:00,12.41,14.59
25/06/2021 08:00,15.15,15.63
25/06/2021 09:00,13.18,13.92
25/06/2021 10:00,13.16,12.63
25/06/2021 11:00,11.88,13.02
25/06/2021 12:00,11.13,12.95
25/06/2021 13:00,12.95,12.87
25/06/2021 14:00,10.95,12.91
25/06/2021 15:00,11.07,13.13
25/06/2021 16:00,11.03,13.34
25/06/2021 17:00,9.14,14.22
25/06/2021 18:00,12.27,14.56
25/06/2021 19:00,12.09,17.75
25/06/2021 20:00,11.73,17.82
25/06/2021 21:00,12.12,16.53
25/06/2021 22:00,9.25,13.15
25/06/2021 23:00,8.36,10.68
26/06/2021 00:00,8.22,10.28
26/06/2021 01:00,6.29,8.85
26/06/2021 02:00,5.4,8.95
26/06/2021 03:00,6.62,9.28
26/06/2021 04:00,4.69,10.01
26/06/2021 05:00,6.84,9.87
26/06/2021 06:00,9.18,13.06
26/06/2021 07:00,8.95,15.22
26/06/2021 08:00,11.91,15.32
26/06/2021 09:00,12.4,15.54
26/06/2021 10:00,10.31,15.07
26/06/2021 11:00,10.4,13.51
26/06/2021 12:00,10.85,12.89
26/06/2021 13:00,9.09,12.87
26/06/2021 14:00,10.97,12.98
26/06/2021 15:00,9.66,12.5
26/06/2021 16:00,8.37,12.66
26/06/2021 17:00,10.42,13.36
26/06/2021 18:00,9.44,15.96
26/06/2021 19:00,11.71,16.75
26/06/2021 20:00,12.62,17.98
26/06/2021 21:00,9.57,13.59
26/06/2021 22:00,10.04,11.12
26/06/2021 23:00,NaN,10.04
27/06/2021 00:00,8.19,9.84
27/06/2021 01:00,7.16,8.8
27/06/2021 02:00,8.14,8.6
27/06/2021 03:00,5.71,8.57
27/06/2021 04:00,4.09,9.17
27/06/2021 05:00,7.06,9.51
27/06/2021 06:00,7.52,11.17
27/06/2021 07:00,8.51,12.93
27/06/2021 08:00,12.63,15.32
27/06/2021 09:00,10.45,16.88
27/06/2021 10:00,9.89,14.47
27/06/2021 11:00,12.43,13.87
27/06/2021 12:00,10.63,12.62
27/06/2021 13:00,11.07,11.69
27/06/2021 14:00,9.93,11.8
27/06/2021 15:00,8.85,11.53
27/06/2021 16:00,9.75,12.63
27/06/2021 17:00,8.69,12.8
27/06/2021 18:00,8.67,14.22
27/06/2021 19:00,12.27,17.79
27/06/2021 20:00,13.09,18.12
27/06/2021 21:00,10.91,15.97
27/06/2021 22:00,10.71,13.56
27/06/2021 23:00,8.06,11.97
28/06/2021 00:00,7.83,11.22
28/06/2021 01:00,8.88,9.64
28/06/2021 02:00,6.46,9.64
28/06/2021 03:00,6.63,9.82
28/06/2021 04:00,7.72,10.29
28/06/2021 05:00,8.11,10.19
28/06/2021 06:00,9.02,12.86
28/06/2021 07:00,12.92,14.01
28/06/2021 08:00,11.92,15.58
28/06/2021 09:00,11.58,14.08
28/06/2021 10:00,13,12.9
28/06/2021 11:00,10.68,11.82
28/06/2021 12:00,12.16,11.52
28/06/2021 13:00,11.43,11.67
28/06/2021 14:00,11.7,11.49
28/06/2021 15:00,12.23,11.25
28/06/2021 16:00,10.14,11.4
28/06/2021 17:00,11.85,12.05
28/06/2021 18:00,12.43,13.62
28/06/2021 19:00,11.69,18.3
28/06/2021 20:00,12.77,18.42
28/06/2021 21:00,NaN,15.91
28/06/2021 22:00,NaN,12.56
28/06/2021 23:00,NaN,10.52
29/06/2021 00:00,NaN,9.35
29/06/2021 01:00,NaN,9.29
29/06/2021 02:00,NaN,NaN
29/06/2021 03:00,NaN,NaN
29/06/2021 04:00,NaN,NaN
29/06/2021 05:00,NaN,NaN
29/06/2021 06:00,NaN,NaN
29/06/2021 07:00,NaN,NaN
29/06/2021 08:00,NaN,NaN
29/06/2021 09:00,NaN,NaN
29/06/2021 10:00,NaN,NaN
29/06/2021 11:00,NaN,NaN
29/06/2021 12:00,NaN,NaN
29/06/2021 13:00,NaN,NaN
29/06/2021 14:00,NaN,NaN
29/06/2021 15:00,NaN,NaN
29/06/2021 16:00,NaN,NaN
29/06/2021 17:00,NaN,NaN
29/06/2021 18:00,NaN,NaN
29/06/2021 19:00,NaN,NaN
29/06/2021 20:00,NaN,NaN
29/06/2021 21:00,NaN,NaN
29/06/2021 22:00,NaN,NaN
29/06/2021 23:00,NaN,NaN
30/06/2021 00:00,NaN,NaN
30/06/2021 01:00,NaN,NaN
30/06/2021 02:00,NaN,NaN
30/06/2021 03:00,NaN,NaN
30/06/2021 04:00,10.81,9.44
30/06/2021 05:00,6.62,10.17
30/06/2021 06:00,11.06,12.26
30/06/2021 07:00,11.58,14.71
30/06/2021 08:00,12.3,14.31
30/06/2021 09:00,11.86,13.11
30/06/2021 10:00,10.97,11.87
30/06/2021 11:00,10.66,12.82
30/06/2021 12:00,12.11,11.36
30/06/2021 13:00,11.58,11.13
30/06/2021 14:00,11.07,11.31
30/06/2021 15:00,12.39,11.67
30/06/2021 16:00,10.64,12.98
30/06/2021 17:00,10.23,12.97
30/06/2021 18:00,11.65,14.19
30/06/2021 19:00,11.76,17.44
30/06/2021 20:00,13.08,17.2
30/06/2021 21:00,10.67,14.44
30/06/2021 22:00,9.75,11.43
30/06/2021 23:00,8.65,9.8
1/7/2021 0:00,9.23,9.72
1/7/2021 1:00,6.91,8.66
1/7/2021 2:00,4.81,8.71
1/7/2021 3:00,5.46,8.79
1/7/2021 4:00,6.27,9.01
1/7/2021 5:00,5.77,9.53
1/7/2021 6:00,7.33,12.46
1/7/2021 7:00,10.56,12.87
1/7/2021 8:00,12.44,13.55
1/7/2021 9:00,12.05,13.19
1/7/2021 10:00,12.34,12.17
1/7/2021 11:00,12.75,11.96
1/7/2021 12:00,11.58,12.06
1/7/2021 13:00,12.66,11.71
1/7/2021 14:00,12.34,11.02
1/7/2021 15:00,9.71,10.35
1/7/2021 16:00,9,11.67
1/7/2021 17:00,9.92,12.51
1/7/2021 18:00,8.89,13.89
1/7/2021 19:00,8.73,14.39
1/7/2021 20:00,10.22,14.18
1/7/2021 21:00,8.63,13.25
1/7/2021 22:00,8.75,11.34
1/7/2021 23:00,9.81,10.09
2/7/2021 0:00,8.13,8.91
2/7/2021 1:00,6.94,8.24
2/7/2021 2:00,5.84,8.66
2/7/2021 3:00,8.14,9.06
2/7/2021 4:00,6.89,9.28
2/7/2021 5:00,6.55,9.56
2/7/2021 6:00,8.51,12.08
2/7/2021 7:00,11.55,12.88
2/7/2021 8:00,10.51,13.43
2/7/2021 9:00,10.52,12.64
2/7/2021 10:00,10.6,12.87
2/7/2021 11:00,11.67,11.86
2/7/2021 12:00,10.66,11.65
2/7/2021 13:00,12.16,11.14
2/7/2021 14:00,12.57,11.44
2/7/2021 15:00,11.45,11.14
2/7/2021 16:00,11.85,12.03
2/7/2021 17:00,12.01,13.56
2/7/2021 18:00,10.44,14.59
2/7/2021 19:00,10.59,17.66
2/7/2021 20:00,12.18,16.35
2/7/2021 21:00,10.31,15.24
2/7/2021 22:00,8.46,11.99
2/7/2021 23:00,8.15,11.21
3/7/2021 0:00,7.84,10.52
3/7/2021 1:00,6.65,9.21
3/7/2021 2:00,4.98,9.27
3/7/2021 3:00,5.54,9.39
3/7/2021 4:00,7.43,9.61
3/7/2021 5:00,6.97,10.52
3/7/2021 6:00,7.89,12.69
3/7/2021 7:00,11.93,15.38
3/7/2021 8:00,12.26,16.64
3/7/2021 9:00,10.39,16.75
3/7/2021 10:00,10.03,15.68
3/7/2021 11:00,10.63,15.06
3/7/2021 12:00,9.39,13.33
3/7/2021 13:00,9.05,13.12
3/7/2021 14:00,10.4,12.55
3/7/2021 15:00,9.5,12.48
3/7/2021 16:00,8.76,13.22
3/7/2021 17:00,NaN,13.79
3/7/2021 18:00,10.56,14.67
3/7/2021 19:00,10.85,17.1
3/7/2021 20:00,12.22,15.98
3/7/2021 21:00,9.63,12.86
3/7/2021 22:00,8.88,10.64
3/7/2021 23:00,9.45,9.95
4/7/2021 0:00,9.49,9.14
4/7/2021 1:00,7.55,8.41
4/7/2021 2:00,5.01,8.73
4/7/2021 3:00,6.41,9.05
4/7/2021 4:00,5.36,8.93
4/7/2021 5:00,5.67,9.18
4/7/2021 6:00,7,9.79
4/7/2021 7:00,8.81,9.48
4/7/2021 8:00,8.43,10.68
4/7/2021 9:00,9.16,12.58
4/7/2021 10:00,10.61,12.21
4/7/2021 11:00,10.13,13.05
4/7/2021 12:00,9.26,13.05
4/7/2021 13:00,8.61,11.28
4/7/2021 14:00,10.61,11.61
4/7/2021 15:00,7.85,11.1
4/7/2021 16:00,7.82,11.59
4/7/2021 17:00,9.49,11.59
4/7/2021 18:00,7.25,11.56
4/7/2021 19:00,7.25,11.23
4/7/2021 20:00,8.69,10.71
4/7/2021 21:00,NaN,10.54
4/7/2021 22:00,NaN,9.99
4/7/2021 23:00,NaN,9.8
5/7/2021 0:00,NaN,8.85
5/7/2021 1:00,NaN,8.79
5/7/2021 2:00,NaN,NaN
5/7/2021 3:00,NaN,NaN
5/7/2021 4:00,6.78,8.73
5/7/2021 5:00,5.91,9.36
5/7/2021 6:00,8.26,10.54
5/7/2021 7:00,10.55,11.19
5/7/2021 8:00,9.61,12.14
5/7/2021 9:00,NaN,NaN
5/7/2021 10:00,NaN,NaN
5/7/2021 11:00,NaN,NaN
5/7/2021 12:00,9.92,10.78
5/7/2021 13:00,12.35,10.59
5/7/2021 14:00,12.55,10.38
5/7/2021 15:00,12.08,10.23
5/7/2021 16:00,10.41,10.32
5/7/2021 17:00,10.45,10.32
5/7/2021 18:00,10.28,10.74
5/7/2021 19:00,10.82,12.19
5/7/2021 20:00,11.32,12.16
5/7/2021 21:00,10.51,11.17
5/7/2021 22:00,8.53,9.89
5/7/2021 23:00,7.89,9.32
6/7/2021 0:00,6.91,8.7
6/7/2021 1:00,6.35,8.22
6/7/2021 2:00,16.75,8.24
6/7/2021 3:00,7.18,8.93
6/7/2021 4:00,6.82,9.58
6/7/2021 5:00,7.19,9.21
6/7/2021 6:00,8.4,10.34
6/7/2021 7:00,11.24,11.85
6/7/2021 8:00,10.98,11.65
6/7/2021 9:00,10.86,10.95
6/7/2021 10:00,11.51,10.03
6/7/2021 11:00,11.36,10.08
6/7/2021 12:00,10.96,9.24
6/7/2021 13:00,11.1,NaN
6/7/2021 14:00,13.84,9.8
6/7/2021 15:00,11.77,10.07
6/7/2021 16:00,10.01,9.8
6/7/2021 17:00,9.06,10.16
6/7/2021 18:00,NaN,11.56
6/7/2021 19:00,NaN,13.93
6/7/2021 20:00,8.99,13.72
6/7/2021 21:00,9.39,12.14
6/7/2021 22:00,9.49,10.99
6/7/2021 23:00,9.12,10.41
7/7/2021 0:00,8.5,9.95
7/7/2021 1:00,6.97,8.56
7/7/2021 2:00,5.55,8.27
7/7/2021 3:00,5.7,8.68
7/7/2021 4:00,5.82,8.95
7/7/2021 5:00,7.03,9.79
7/7/2021 6:00,9.31,12.01
7/7/2021 7:00,11.16,12.84
7/7/2021 8:00,12.64,12.52
7/7/2021 9:00,13.81,11.61
7/7/2021 10:00,13.49,10.82
7/7/2021 11:00,11.88,11.29
7/7/2021 12:00,11.56,11.6
7/7/2021 13:00,11.73,10.24
7/7/2021 14:00,13.26,10.15
7/7/2021 15:00,11.63,10.43
7/7/2021 16:00,13.64,10.41
7/7/2021 17:00,12.79,10.79
7/7/2021 18:00,13.76,11.32
7/7/2021 19:00,14.75,14.54
7/7/2021 20:00,15.08,15.97
7/7/2021 21:00,13.48,13.94
7/7/2021 22:00,14.63,10.67
7/7/2021 23:00,13.01,9.86
8/7/2021 0:00,6.6,8.98
8/7/2021 1:00,7.25,8.18
8/7/2021 2:00,6.07,8.25
8/7/2021 3:00,5.67,8.92
8/7/2021 4:00,5.9,9.09
8/7/2021 5:00,6.48,9.48
8/7/2021 6:00,8.86,11.93
8/7/2021 7:00,10.85,14.23
8/7/2021 8:00,11,12.96
8/7/2021 9:00,13.06,11.81
8/7/2021 10:00,11.65,10.66
8/7/2021 11:00,11.47,10.82
8/7/2021 12:00,11.3,10.12
8/7/2021 13:00,13.36,10.14
8/7/2021 14:00,12.21,10.45
8/7/2021 15:00,10.84,10.33
8/7/2021 16:00,11.13,10.11
8/7/2021 17:00,11,11.34
8/7/2021 18:00,9.97,12.15
8/7/2021 19:00,10.39,14.72
8/7/2021 20:00,12.08,12.95
8/7/2021 21:00,10.38,12.93
8/7/2021 22:00,9.37,11.6
8/7/2021 23:00,9.09,9.75
9/7/2021 0:00,8,9.48
9/7/2021 1:00,8,8.34
9/7/2021 2:00,7.7,8.43
9/7/2021 3:00,8.07,8.47
9/7/2021 4:00,7.12,9.08
9/7/2021 5:00,7.87,9.71
9/7/2021 6:00,10.13,12.88
9/7/2021 7:00,11.83,12.69
9/7/2021 8:00,13.26,12.8
9/7/2021 9:00,11.15,12.69
9/7/2021 10:00,10.79,11.31
9/7/2021 11:00,11.22,10.95
9/7/2021 12:00,11.21,10.84
9/7/2021 13:00,10.65,10.42
9/7/2021 14:00,10.84,10.71
9/7/2021 15:00,10.21,10.87
9/7/2021 16:00,9.41,11.02
9/7/2021 17:00,9.2,11.8
9/7/2021 18:00,10.36,14.43
9/7/2021 19:00,10.96,16.05
9/7/2021 20:00,10.53,15.2
9/7/2021 21:00,10.24,14.67
9/7/2021 22:00,9.27,11.65
9/7/2021 23:00,9.23,9.96
10/7/2021 0:00,8,8.87
10/7/2021 1:00,7.46,8.35
10/7/2021 2:00,6.76,8.51
10/7/2021 3:00,7.24,8.98
10/7/2021 4:00,7.44,9.05
10/7/2021 5:00,7.51,9.89
10/7/2021 6:00,7.98,11.2
10/7/2021 7:00,8.99,12.9
10/7/2021 8:00,10.85,14.33
10/7/2021 9:00,12.1,13.93
10/7/2021 10:00,12.11,12.47
10/7/2021 11:00,9.82,12.71
10/7/2021 12:00,8.72,13.4
10/7/2021 13:00,9.07,13
10/7/2021 14:00,8.86,12.7
10/7/2021 15:00,10.84,12.92
10/7/2021 16:00,9.61,12.74
10/7/2021 17:00,9.24,13.15
10/7/2021 18:00,9.42,15.1
10/7/2021 19:00,11.24,16.95
10/7/2021 20:00,10.47,16.28
10/7/2021 21:00,8.4,15.38
10/7/2021 22:00,8.22,12.08
10/7/2021 23:00,7.53,10.92
11/7/2021 0:00,6.61,10.87
11/7/2021 1:00,5.88,9.29
11/7/2021 2:00,5.32,9.34
11/7/2021 3:00,6.08,8.65
11/7/2021 4:00,6.04,8.78
11/7/2021 5:00,6.73,10.32
11/7/2021 6:00,7.2,11.87
11/7/2021 7:00,8.88,13.56
11/7/2021 8:00,10.96,13.47
11/7/2021 9:00,10.81,14.73
11/7/2021 10:00,10.16,14.61
11/7/2021 11:00,10.81,14.39
11/7/2021 12:00,9.09,13.18
11/7/2021 13:00,8.83,12.31
11/7/2021 14:00,9.15,11.9
11/7/2021 15:00,9.01,12.04
11/7/2021 16:00,9.08,11.61
11/7/2021 17:00,10.99,13.3
11/7/2021 18:00,9.42,14.83
11/7/2021 19:00,11.69,18.12
11/7/2021 20:00,11.62,15.78
11/7/2021 21:00,9.4,11.88
11/7/2021 22:00,9.14,10.79
11/7/2021 23:00,8.85,10.79
12/7/2021 0:00,8.41,10.09
12/7/2021 1:00,6.84,8.87
12/7/2021 2:00,5.23,8.95
12/7/2021 3:00,5.68,8.99
12/7/2021 4:00,5.82,9.23
12/7/2021 5:00,6.97,9.93
12/7/2021 6:00,9.1,12.17
12/7/2021 7:00,12.38,13.38
12/7/2021 8:00,13.09,13.99
12/7/2021 9:00,12.02,13.82
12/7/2021 10:00,12.04,11.39
12/7/2021 11:00,11.36,10.64
12/7/2021 12:00,12.77,11.29
12/7/2021 13:00,11.66,10.74
12/7/2021 14:00,10.63,11.19
12/7/2021 15:00,11.16,11.46
12/7/2021 16:00,11.93,12.48
12/7/2021 17:00,10.56,12.81
12/7/2021 18:00,9.97,13.12
12/7/2021 19:00,11.45,15.88
12/7/2021 20:00,11.18,16.64
12/7/2021 21:00,11.39,13.4
12/7/2021 22:00,9.71,11.85
12/7/2021 23:00,8.33,9.89
13/07/2021 00:00,7.51,9.46
13/07/2021 01:00,7,8.31
13/07/2021 02:00,19.06,8.54
13/07/2021 03:00,6.92,8.62
13/07/2021 04:00,5.88,8.51
13/07/2021 05:00,6.44,9.6
13/07/2021 06:00,8.56,12.22
13/07/2021 07:00,11.2,14.35
13/07/2021 08:00,15.01,13.99
13/07/2021 09:00,12.97,12.69
13/07/2021 10:00,12.93,11.8
13/07/2021 11:00,12.86,11.39
13/07/2021 12:00,12.49,10.84
13/07/2021 13:00,12.46,10.79
13/07/2021 14:00,12.52,10.89
13/07/2021 15:00,12.42,10.87
13/07/2021 16:00,12.44,11.13
13/07/2021 17:00,10.97,10.92
13/07/2021 18:00,9.82,11.63
13/07/2021 19:00,10.57,12
13/07/2021 20:00,10.78,11.11
13/07/2021 21:00,9.35,11.31
13/07/2021 22:00,9.72,10.29
13/07/2021 23:00,8.65,9.55
14/07/2021 00:00,9.81,8.78
14/07/2021 01:00,8.85,8.36
14/07/2021 02:00,7.82,8.56
14/07/2021 03:00,7.65,9.31
14/07/2021 04:00,8.14,9.17
14/07/2021 05:00,8.76,8.92
14/07/2021 06:00,10.16,10.36
14/07/2021 07:00,11.95,11.25
14/07/2021 08:00,12.49,11.82
14/07/2021 09:00,13.64,11.33
14/07/2021 10:00,12.21,10.55
14/07/2021 11:00,11.66,10.41
14/07/2021 12:00,11.81,10.55
14/07/2021 13:00,11.77,10.43
14/07/2021 14:00,11.47,10.02
14/07/2021 15:00,11.76,9.9
14/07/2021 16:00,12.48,9.79
14/07/2021 17:00,11.41,10.35
14/07/2021 18:00,10.17,11.1
14/07/2021 19:00,9.62,12.06
14/07/2021 20:00,9.24,12.26
14/07/2021 21:00,9.07,10.91
14/07/2021 22:00,10.27,10.76
14/07/2021 23:00,8.91,10.13
15/07/2021 00:00,6.26,9.54
15/07/2021 01:00,5.61,8.51
15/07/2021 02:00,4.88,8.8
15/07/2021 03:00,5.38,9.06
15/07/2021 04:00,6.4,9.31
15/07/2021 05:00,7.1,9.6
15/07/2021 06:00,8.08,10.82
15/07/2021 07:00,9.79,12.17
15/07/2021 08:00,10.57,12.03
15/07/2021 09:00,12.26,11.34
15/07/2021 10:00,11.6,10.34
15/07/2021 11:00,10.1,10.58
15/07/2021 12:00,10.03,10.58
15/07/2021 13:00,10.34,10.56
15/07/2021 14:00,11.48,10
15/07/2021 15:00,11.5,10.41
15/07/2021 16:00,9.38,10.82
15/07/2021 17:00,12.5,10.86
15/07/2021 18:00,12.67,11.4
15/07/2021 19:00,11.84,12.46
15/07/2021 20:00,10.17,13.42
15/07/2021 21:00,9.11,12.29
15/07/2021 22:00,8.82,10.76
15/07/2021 23:00,8.23,10.42
16/07/2021 00:00,7.26,9.26
16/07/2021 01:00,7.58,8.72
16/07/2021 02:00,4.92,8.84
16/07/2021 03:00,5.16,9
16/07/2021 04:00,5.28,9.12
16/07/2021 05:00,5.67,9.31
16/07/2021 06:00,7.3,11.44
16/07/2021 07:00,8.82,12.1
16/07/2021 08:00,11.16,11.86
16/07/2021 09:00,15.79,11.21
16/07/2021 10:00,11.6,10.82
16/07/2021 11:00,10.85,11.05
16/07/2021 12:00,12.42,10.29
16/07/2021 13:00,12.31,10.52
16/07/2021 14:00,11.65,9.99
16/07/2021 15:00,11.66,10.16
16/07/2021 16:00,11.29,9.91
16/07/2021 17:00,10.27,10.56
16/07/2021 18:00,10.6,11.2
16/07/2021 19:00,10.16,11.58
16/07/2021 20:00,11.39,11.69
16/07/2021 21:00,11.41,10.68
16/07/2021 22:00,11.16,10.24
16/07/2021 23:00,11.07,9.69
17/07/2021 00:00,9.87,9.7
17/07/2021 01:00,9.21,9.18
17/07/2021 02:00,8.88,8.77
17/07/2021 03:00,9.81,8.76
17/07/2021 04:00,10.73,8.63
17/07/2021 05:00,10.32,9.31
17/07/2021 06:00,10.93,9.93
17/07/2021 07:00,12.06,10.59
17/07/2021 08:00,12.42,11.37
17/07/2021 09:00,12.74,11.23
17/07/2021 10:00,12.13,11.07
17/07/2021 11:00,12.21,10.97
17/07/2021 12:00,12.61,10.86
17/07/2021 13:00,12.36,10.9
17/07/2021 14:00,12.89,10.72
17/07/2021 15:00,13.19,11.02
17/07/2021 16:00,13.06,10.87
17/07/2021 17:00,12.61,10.91
17/07/2021 18:00,12.63,11.73
17/07/2021 19:00,12.5,13.17
17/07/2021 20:00,12.44,11.84
17/07/2021 21:00,11.34,11.32
17/07/2021 22:00,10.58,10.35
17/07/2021 23:00,10.23,10.23
18/07/2021 00:00,9.27,9.15
18/07/2021 01:00,9.11,9.16
18/07/2021 02:00,9.25,9.11
18/07/2021 03:00,9.6,8.91
18/07/2021 04:00,10.07,9.12
18/07/2021 05:00,10.73,9.04
18/07/2021 06:00,11.77,10.54
18/07/2021 07:00,12.38,11.42
18/07/2021 08:00,12.85,11.79
18/07/2021 09:00,12.64,12.06
18/07/2021 10:00,12.31,12.46
18/07/2021 11:00,12.81,12.68
18/07/2021 12:00,12.45,13.6
18/07/2021 13:00,11.87,12.92
18/07/2021 14:00,11.09,11.12
18/07/2021 15:00,10.98,10.16
18/07/2021 16:00,11.03,10.5
18/07/2021 17:00,11.52,11.51
18/07/2021 18:00,11.74,11.41
18/07/2021 19:00,11.89,10.71
18/07/2021 20:00,12.82,11.05
18/07/2021 21:00,12.16,10.42
18/07/2021 22:00,11.67,9.6
18/07/2021 23:00,11.27,9.5
19/07/2021 00:00,10.12,9.66
19/07/2021 01:00,9.03,8.93
19/07/2021 02:00,8.7,8.81
19/07/2021 03:00,9.54,8.59
19/07/2021 04:00,10.08,8.76
19/07/2021 05:00,10.49,9.55
19/07/2021 06:00,12.13,10.63
19/07/2021 07:00,10.69,12.41
19/07/2021 08:00,13.8,12.4
19/07/2021 09:00,14.31,12.1
19/07/2021 10:00,14.12,11.61
19/07/2021 11:00,14.2,11.66
19/07/2021 12:00,13.33,11.21
19/07/2021 13:00,13.53,11.2
19/07/2021 14:00,13.27,11.03
19/07/2021 15:00,13.39,10.85
19/07/2021 16:00,14,12.11
19/07/2021 17:00,14.67,12.61
19/07/2021 18:00,14.97,14.24
19/07/2021 19:00,15.3,17.19
19/07/2021 20:00,14.53,16.29
19/07/2021 21:00,13,12.91
19/07/2021 22:00,12.3,10.54
19/07/2021 23:00,11.86,10.23
20/07/2021 00:00,10.34,9
20/07/2021 01:00,10.59,8.7
20/07/2021 02:00,20.26,9.1
20/07/2021 03:00,10.94,9.48
20/07/2021 04:00,11.08,9.63
20/07/2021 05:00,11.32,9.68
20/07/2021 06:00,11.79,11.7
20/07/2021 07:00,13.25,12.33
20/07/2021 08:00,14.05,13.14
20/07/2021 09:00,14.46,13.26
20/07/2021 10:00,14.41,12.63
20/07/2021 11:00,13.66,11.66
20/07/2021 12:00,12.17,11.48
20/07/2021 13:00,12.3,11.47
20/07/2021 14:00,NaN,NaN
20/07/2021 15:00,NaN,NaN
20/07/2021 16:00,13.77,11.84
20/07/2021 17:00,14.4,12.92
20/07/2021 18:00,14.52,14.55
20/07/2021 19:00,15.24,17.48
20/07/2021 20:00,16.05,14.61
20/07/2021 21:00,14.17,12.71
20/07/2021 22:00,12.8,11.13
20/07/2021 23:00,11.59,10.47
21/07/2021 00:00,10.61,9.84
21/07/2021 01:00,10.02,8.73
21/07/2021 02:00,9.33,8.74
21/07/2021 03:00,10.44,9.22
21/07/2021 04:00,10.83,9.46
21/07/2021 05:00,12.36,9.72
21/07/2021 06:00,NaN,11.95
21/07/2021 07:00,NaN,13.23
21/07/2021 08:00,15.33,14.38
21/07/2021 09:00,12.36,12.38
21/07/2021 10:00,12.34,12.32
21/07/2021 11:00,12.53,11.96
21/07/2021 12:00,12.24,11.83
21/07/2021 13:00,12.01,11.54
21/07/2021 14:00,12.32,11.99
21/07/2021 15:00,12.13,11.46
21/07/2021 16:00,12.21,11.88
21/07/2021 17:00,12.52,12.23
21/07/2021 18:00,12.53,14.98
21/07/2021 19:00,12.89,16.57
21/07/2021 20:00,13.73,15.65
21/07/2021 21:00,11.27,14.74
21/07/2021 22:00,9.85,11.94
21/07/2021 23:00,9.24,10.78
22/07/2021 00:00,7.19,9.2
22/07/2021 01:00,6.5,9.03
22/07/2021 02:00,5.93,9.48
22/07/2021 03:00,6.63,10.07
22/07/2021 04:00,6.83,9.83
22/07/2021 05:00,7.99,10.13
22/07/2021 06:00,9.71,12.69
22/07/2021 07:00,10.72,14.09
22/07/2021 08:00,12.01,13.4
22/07/2021 09:00,11.16,12.64
22/07/2021 10:00,10.85,11.94
22/07/2021 11:00,9.97,12.53
22/07/2021 12:00,10.23,11.78
22/07/2021 13:00,10.02,11.84
22/07/2021 14:00,10.2,11.69
22/07/2021 15:00,9.62,12.68
22/07/2021 16:00,10.42,12.14
22/07/2021 17:00,12.55,12.38
22/07/2021 18:00,13.76,13.47
22/07/2021 19:00,14.31,16.38
22/07/2021 20:00,13.93,14.66
22/07/2021 21:00,12.3,12.94
22/07/2021 22:00,11.71,11.43
22/07/2021 23:00,11.77,10.52
23/07/2021 00:00,10.6,9.77
23/07/2021 01:00,10.57,8.98
23/07/2021 02:00,9.14,8.82
23/07/2021 03:00,9.33,8.79
23/07/2021 04:00,9.33,9.06
23/07/2021 05:00,9.88,9.96
23/07/2021 06:00,10.62,12.16
23/07/2021 07:00,12.5,12.94
23/07/2021 08:00,13.64,14.65
23/07/2021 09:00,14.18,13.38
23/07/2021 10:00,13.46,12.62
23/07/2021 11:00,14.15,11.65
23/07/2021 12:00,12.76,11.12
23/07/2021 13:00,13.47,12.48
23/07/2021 14:00,12.38,11.24
23/07/2021 15:00,12.15,11.71
23/07/2021 16:00,12.55,11.9
23/07/2021 17:00,12.74,12.09
23/07/2021 18:00,12.77,13.59
23/07/2021 19:00,13.67,16.96
23/07/2021 20:00,14,18.11
23/07/2021 21:00,12.91,13.29
23/07/2021 22:00,11.29,11.29
23/07/2021 23:00,10.66,11.04
24/07/2021 00:00,9.14,10.1
24/07/2021 01:00,8.5,9.46
24/07/2021 02:00,8.15,9.79
24/07/2021 03:00,9.13,9.96
24/07/2021 04:00,9.42,10.51
24/07/2021 05:00,9.58,10.24
24/07/2021 06:00,11.21,12.59
24/07/2021 07:00,11.86,13.42
24/07/2021 08:00,12.38,14.96
24/07/2021 09:00,11.63,15.17
24/07/2021 10:00,11.4,14.69
24/07/2021 11:00,11.47,14.8
24/07/2021 12:00,11.28,14.31
24/07/2021 13:00,11.94,14.03
24/07/2021 14:00,11.61,13.13
24/07/2021 15:00,11.16,13.72
24/07/2021 16:00,11.57,14.41
24/07/2021 17:00,12.04,15.07
24/07/2021 18:00,12.76,17.06
24/07/2021 19:00,12.6,18.86
24/07/2021 20:00,13.29,15.65
24/07/2021 21:00,11.58,13.39
24/07/2021 22:00,10.87,11.58
24/07/2021 23:00,9.62,11.28
25/07/2021 00:00,8.51,10.82
25/07/2021 01:00,8.11,9.5
25/07/2021 02:00,7.39,9.65
25/07/2021 03:00,7.44,9.68
25/07/2021 04:00,8.39,9.88
25/07/2021 05:00,8.83,10.36
25/07/2021 06:00,9.87,11.75
25/07/2021 07:00,11.46,13.49
25/07/2021 08:00,12.11,14.9
25/07/2021 09:00,12.63,15.76
25/07/2021 10:00,12.9,13.93
25/07/2021 11:00,12.37,13.54
25/07/2021 12:00,11.84,12.91
25/07/2021 13:00,11.24,12.14
25/07/2021 14:00,11.33,11.43
25/07/2021 15:00,10.86,11.07
25/07/2021 16:00,11.32,11.51
25/07/2021 17:00,11.53,12.78
25/07/2021 18:00,11.66,15.42
25/07/2021 19:00,12.42,17.88
25/07/2021 20:00,12.79,15.56
25/07/2021 21:00,12.07,13.82
25/07/2021 22:00,11.32,11.89
25/07/2021 23:00,10.75,11.08
26/07/2021 00:00,9.44,9.97
26/07/2021 01:00,9.52,9.41
26/07/2021 02:00,8.62,9.69
26/07/2021 03:00,8.77,9.98
26/07/2021 04:00,8.51,10.21
26/07/2021 05:00,9.51,10.39
26/07/2021 06:00,10.84,13.05
26/07/2021 07:00,12.22,13.31
26/07/2021 08:00,13.44,13.31
26/07/2021 09:00,12.52,12.67
26/07/2021 10:00,12.87,12.48
26/07/2021 11:00,12.74,11.55
26/07/2021 12:00,13.29,11.79
26/07/2021 13:00,13.11,11.33
26/07/2021 14:00,12.71,10.98
26/07/2021 15:00,13.28,10.78
26/07/2021 16:00,14.44,10.94
26/07/2021 17:00,13.13,11.93
26/07/2021 18:00,12.7,13.58
26/07/2021 19:00,13.15,12.05
26/07/2021 20:00,12.42,11.66
26/07/2021 21:00,11.79,10.81
26/07/2021 22:00,11.54,10.5
26/07/2021 23:00,9.59,9.65
27/07/2021 00:00,8.02,9.56
27/07/2021 01:00,8.51,8.45
27/07/2021 02:00,20.16,8.88
27/07/2021 03:00,9.72,8.98
27/07/2021 04:00,9.39,9.57
27/07/2021 05:00,9.78,9.47
27/07/2021 06:00,10.33,10.63
27/07/2021 07:00,12.44,10.99
27/07/2021 08:00,12.31,12.22
27/07/2021 09:00,11.91,12.45
27/07/2021 10:00,NaN,NaN
27/07/2021 11:00,NaN,NaN
27/07/2021 12:00,11.85,11.5
27/07/2021 13:00,12.21,10.63
27/07/2021 14:00,11.97,10.27
27/07/2021 15:00,11.71,9.77
27/07/2021 16:00,12.05,11.36
27/07/2021 17:00,13.51,10.83
27/07/2021 18:00,14.39,11.61
27/07/2021 19:00,13.73,12.24
27/07/2021 20:00,13.3,12.04
27/07/2021 21:00,12.49,10.61
27/07/2021 22:00,12.18,9.76
27/07/2021 23:00,10.65,9.22
28/07/2021 00:00,9.08,8.43
28/07/2021 01:00,9.01,8.05
28/07/2021 02:00,8.1,8.56
28/07/2021 03:00,8.2,9.05
28/07/2021 04:00,8.63,9.04
28/07/2021 05:00,10.24,9.26
28/07/2021 06:00,12.05,10.24
28/07/2021 07:00,12.83,11.28
28/07/2021 08:00,12.46,11.96
28/07/2021 09:00,12.32,11.49
28/07/2021 10:00,12.24,10.87
28/07/2021 11:00,12.19,10.65
28/07/2021 12:00,12.68,10.69
28/07/2021 13:00,12.76,11.04
28/07/2021 14:00,12.44,11.47
28/07/2021 15:00,11.99,11.18
28/07/2021 16:00,13.64,11.63
28/07/2021 17:00,15.4,11.75
28/07/2021 18:00,14.11,12.72
28/07/2021 19:00,13.65,15.65
28/07/2021 20:00,13.49,14.92
28/07/2021 21:00,11.88,11.48
28/07/2021 22:00,12.13,10.85
28/07/2021 23:00,11.93,9.77
29/07/2021 00:00,9.56,9.17
29/07/2021 01:00,8.08,8.48
29/07/2021 02:00,6.92,8.4
29/07/2021 03:00,7.55,8.65
29/07/2021 04:00,8.05,8.79
29/07/2021 05:00,9.73,9.29
29/07/2021 06:00,10.89,10.65
29/07/2021 07:00,12.73,12.94
29/07/2021 08:00,13.38,14.14
29/07/2021 09:00,14.49,12.75
29/07/2021 10:00,NaN,11.9
29/07/2021 11:00,NaN,12.05
29/07/2021 12:00,13.55,11.69
29/07/2021 13:00,10.74,12.61
29/07/2021 14:00,11.16,11.35
29/07/2021 15:00,13.23,11.54
29/07/2021 16:00,12.12,11.93
29/07/2021 17:00,12.13,12.6
29/07/2021 18:00,12.82,14.43
29/07/2021 19:00,13.13,17.38
29/07/2021 20:00,13.9,17.09
29/07/2021 21:00,13.29,13.22
29/07/2021 22:00,12.97,10.74
29/07/2021 23:00,11.39,10.13
30/07/2021 00:00,9.88,9.2
30/07/2021 01:00,8.2,8.53
30/07/2021 02:00,7.81,8.88
30/07/2021 03:00,8.48,9.05
30/07/2021 04:00,8.18,9.81
30/07/2021 05:00,9.22,9.96
30/07/2021 06:00,11.1,13.14
30/07/2021 07:00,13.33,14.13
30/07/2021 08:00,13.56,14.48
30/07/2021 09:00,14.25,13.2
30/07/2021 10:00,13.39,12.08
30/07/2021 11:00,12.02,11.61
30/07/2021 12:00,11.86,11.47
30/07/2021 13:00,11.29,11.7
30/07/2021 14:00,11.76,11.93
30/07/2021 15:00,11.72,11.59
30/07/2021 16:00,12.01,11.79
30/07/2021 17:00,12.37,12.38
30/07/2021 18:00,12.4,14.58
30/07/2021 19:00,14.01,16.98
30/07/2021 20:00,13.87,15.47
30/07/2021 21:00,12.77,12.42
30/07/2021 22:00,11.15,10.77
30/07/2021 23:00,10.26,10.05
31/07/2021 00:00,9.62,9.74
31/07/2021 01:00,9.34,8.67
31/07/2021 02:00,8.29,8.73
31/07/2021 03:00,8.05,8.67
31/07/2021 04:00,8.16,8.84
31/07/2021 05:00,9.37,9.25
31/07/2021 06:00,10.36,11.19
31/07/2021 07:00,11.14,12.85
31/07/2021 08:00,12.13,14.65
31/07/2021 09:00,12.22,14.63
31/07/2021 10:00,12.23,12.97
31/07/2021 11:00,12.12,12.1
31/07/2021 12:00,12.04,12.55
31/07/2021 13:00,11.63,11.12
31/07/2021 14:00,10.89,11.19
31/07/2021 15:00,11.01,11.29
31/07/2021 16:00,11.32,11.03
31/07/2021 17:00,10.27,13.03
31/07/2021 18:00,11.18,13.97
31/07/2021 19:00,12.06,15.06
31/07/2021 20:00,11.98,13.61
31/07/2021 21:00,NaN,13.48
31/07/2021 22:00,NaN,NaN
31/07/2021 23:00,NaN,NaN
1/8/2021 0:00,NaN,NaN
1/8/2021 1:00,NaN,NaN
1/8/2021 2:00,NaN,NaN
1/8/2021 3:00,NaN,NaN
1/8/2021 4:00,NaN,NaN
1/8/2021 5:00,NaN,NaN
1/8/2021 6:00,NaN,NaN
1/8/2021 7:00,NaN,NaN
1/8/2021 8:00,NaN,NaN
1/8/2021 9:00,NaN,NaN
1/8/2021 10:00,NaN,NaN
1/8/2021 11:00,NaN,NaN
1/8/2021 12:00,NaN,NaN
1/8/2021 13:00,NaN,NaN
1/8/2021 14:00,NaN,NaN
1/8/2021 15:00,NaN,NaN
1/8/2021 16:00,NaN,NaN
1/8/2021 17:00,NaN,NaN
1/8/2021 18:00,NaN,NaN
1/8/2021 19:00,NaN,NaN
1/8/2021 20:00,NaN,NaN
1/8/2021 21:00,NaN,NaN
1/8/2021 22:00,NaN,NaN
1/8/2021 23:00,NaN,NaN
2/8/2021 0:00,NaN,NaN
2/8/2021 1:00,NaN,NaN
2/8/2021 2:00,NaN,NaN
2/8/2021 3:00,NaN,NaN
2/8/2021 4:00,9.3,11.08
2/8/2021 5:00,10.05,9.74
2/8/2021 6:00,11.4,12.15
2/8/2021 7:00,12.35,14.33
2/8/2021 8:00,13.07,14.17
2/8/2021 9:00,13.11,13.45
2/8/2021 10:00,11.95,12.73
2/8/2021 11:00,11.01,11.82
2/8/2021 12:00,11.07,11.57
2/8/2021 13:00,11.4,11.78
2/8/2021 14:00,10.73,11.43
2/8/2021 15:00,10.01,11.29
2/8/2021 16:00,9.32,11.51
2/8/2021 17:00,10.84,12.82
2/8/2021 18:00,11.72,14.53
2/8/2021 19:00,13.07,17.7
2/8/2021 20:00,12.68,16.34
2/8/2021 21:00,12.1,15.92
2/8/2021 22:00,NaN,NaN
2/8/2021 23:00,NaN,NaN
3/8/2021 0:00,NaN,NaN
3/8/2021 1:00,NaN,NaN
3/8/2021 2:00,NaN,NaN
3/8/2021 3:00,NaN,NaN
3/8/2021 4:00,NaN,NaN
3/8/2021 5:00,NaN,NaN
3/8/2021 6:00,NaN,NaN
3/8/2021 7:00,NaN,NaN
3/8/2021 8:00,11.68,14.83
3/8/2021 9:00,10.62,13.95
3/8/2021 10:00,9.69,12.57
3/8/2021 11:00,9.68,12.02
3/8/2021 12:00,8.9,11.75
3/8/2021 13:00,8.6,11.08
3/8/2021 14:00,7.58,10.61
3/8/2021 15:00,9.88,10.53
3/8/2021 16:00,11.06,10.35
3/8/2021 17:00,11.27,10.44
3/8/2021 18:00,11.81,10.9
3/8/2021 19:00,12.78,12.17
3/8/2021 20:00,12.78,12.79
3/8/2021 21:00,11.97,11.14
3/8/2021 22:00,11.86,10.2
3/8/2021 23:00,11.55,9.87
4/8/2021 0:00,10.03,9.84
4/8/2021 1:00,9.32,8.87
4/8/2021 2:00,8.26,8.62
4/8/2021 3:00,7.32,8.6
4/8/2021 4:00,7.28,8.61
4/8/2021 5:00,8.55,8.81
4/8/2021 6:00,9.24,9.97
4/8/2021 7:00,10.87,11.04
4/8/2021 8:00,11.48,11.66
4/8/2021 9:00,11.71,11.52
4/8/2021 10:00,12.02,10.71
4/8/2021 11:00,12.13,10.45
4/8/2021 12:00,11.58,10.53
4/8/2021 13:00,11.99,10.78
4/8/2021 14:00,12.1,10.53
4/8/2021 15:00,11.52,10.04
4/8/2021 16:00,11.19,10.88
4/8/2021 17:00,11.11,11.09
4/8/2021 18:00,11.3,11.28
4/8/2021 19:00,11.7,11.13
4/8/2021 20:00,11.69,12.56
4/8/2021 21:00,11.26,11.26
4/8/2021 22:00,11.62,10.13
4/8/2021 23:00,10.8,9.89
5/8/2021 0:00,9.42,9.22
5/8/2021 1:00,8.15,8.6
5/8/2021 2:00,7.56,8.98
5/8/2021 3:00,8.04,8.71
5/8/2021 4:00,8.35,9.13
5/8/2021 5:00,9.1,8.89
5/8/2021 6:00,9.7,10.25
5/8/2021 7:00,11.08,11.33
5/8/2021 8:00,12.13,11.78
5/8/2021 9:00,11.15,11.27
5/8/2021 10:00,10.78,10.31
5/8/2021 11:00,10.68,10.97
5/8/2021 12:00,11.07,10.32
5/8/2021 13:00,11.22,10.37
5/8/2021 14:00,11.32,10.47
5/8/2021 15:00,10.93,10.75
5/8/2021 16:00,11.59,10.49
5/8/2021 17:00,12.08,11.16
5/8/2021 18:00,11.92,11.19
5/8/2021 19:00,12.13,11.67
5/8/2021 20:00,12.08,12.29
5/8/2021 21:00,11.15,10.71
5/8/2021 22:00,11.41,10.71
5/8/2021 23:00,10.8,9.73
6/8/2021 0:00,8.23,9.9
6/8/2021 1:00,7.01,8.9
6/8/2021 2:00,6.98,8.56
6/8/2021 3:00,7.61,8.65
6/8/2021 4:00,7.85,8.74
6/8/2021 5:00,9.56,8.92
6/8/2021 6:00,10.74,10.04
6/8/2021 7:00,11.67,11.26
6/8/2021 8:00,12.71,11.61
6/8/2021 9:00,12.33,11.87
6/8/2021 10:00,11.66,10.86
6/8/2021 11:00,10.91,10.56
6/8/2021 12:00,10.76,11.02
6/8/2021 13:00,10.93,11.34
6/8/2021 14:00,11.02,11.1
6/8/2021 15:00,10.75,10.6
6/8/2021 16:00,11.14,10.51
6/8/2021 17:00,11.24,10.93
6/8/2021 18:00,12.23,11.68
6/8/2021 19:00,12.44,12.07
6/8/2021 20:00,12.51,12.14
6/8/2021 21:00,11.8,11.26
6/8/2021 22:00,11.43,10.15
6/8/2021 23:00,10.49,10.36
7/8/2021 0:00,8.44,9.38
7/8/2021 1:00,7.42,8.7
7/8/2021 2:00,6.13,8.99
7/8/2021 3:00,7.23,8.77
7/8/2021 4:00,7.6,8.75
7/8/2021 5:00,8.4,9.18
7/8/2021 6:00,10.23,9.74
7/8/2021 7:00,10.93,10.66
7/8/2021 8:00,12.09,12.06
7/8/2021 9:00,12.53,13.16
7/8/2021 10:00,11.91,12.55
7/8/2021 11:00,11.94,12.04
7/8/2021 12:00,11.56,11.69
7/8/2021 13:00,10.86,11.47
7/8/2021 14:00,11.16,11.42
7/8/2021 15:00,10.72,11.22
7/8/2021 16:00,10.42,11.66
7/8/2021 17:00,11.14,12.25
7/8/2021 18:00,11.23,12
7/8/2021 19:00,12.49,12.9
7/8/2021 20:00,11.21,12.6
7/8/2021 21:00,10.12,10.15
7/8/2021 22:00,11.38,9.89
7/8/2021 23:00,10.13,9.66
8/8/2021 0:00,8.97,9.64
8/8/2021 1:00,8,8.63
8/8/2021 2:00,8.01,8.66
8/8/2021 3:00,7.74,8.6
8/8/2021 4:00,7.29,8.84
8/8/2021 5:00,8.14,8.72
8/8/2021 6:00,9.92,9.3
8/8/2021 7:00,10.55,10.78
8/8/2021 8:00,11.37,12.05
8/8/2021 9:00,11.36,12.69
8/8/2021 10:00,11.36,12.88
8/8/2021 11:00,11.28,12.2
8/8/2021 12:00,10.68,12.27
8/8/2021 13:00,10.77,11.97
8/8/2021 14:00,10.53,11.24
8/8/2021 15:00,10.44,NaN
8/8/2021 16:00,11.38,12.07
8/8/2021 17:00,11.05,13.46
8/8/2021 18:00,10.85,14.39
8/8/2021 19:00,11.7,13.95
8/8/2021 20:00,12.48,13.59
8/8/2021 21:00,11.54,11.44
8/8/2021 22:00,10.57,9.96
8/8/2021 23:00,9.62,10.17
9/8/2021 0:00,8.18,8.86
9/8/2021 1:00,7.35,8.29
9/8/2021 2:00,6.29,8.53
9/8/2021 3:00,6.83,8.55
9/8/2021 4:00,8.3,8.64
9/8/2021 5:00,9.01,8.9
9/8/2021 6:00,10.78,10.87
9/8/2021 7:00,11.62,12.81
9/8/2021 8:00,12.4,12.62
9/8/2021 9:00,11.4,12
9/8/2021 10:00,11.28,11.65
9/8/2021 11:00,10.54,11.35
9/8/2021 12:00,10.58,11.38
9/8/2021 13:00,11.02,11.17
9/8/2021 14:00,11.05,11.16
9/8/2021 15:00,10.36,11.39
9/8/2021 16:00,10.53,11.08
9/8/2021 17:00,10.55,10.98
9/8/2021 18:00,12.76,12.69
9/8/2021 19:00,13.03,15.89
9/8/2021 20:00,13.11,15.27
9/8/2021 21:00,11.36,11.87
9/8/2021 22:00,11.74,10.39
9/8/2021 23:00,11.21,10.05
10/8/2021 0:00,9.27,9.88
10/8/2021 1:00,8.55,8.67
10/8/2021 2:00,19.19,9.03
10/8/2021 3:00,8.83,9.1
10/8/2021 4:00,8.73,9.02
10/8/2021 5:00,9.86,9.89
10/8/2021 6:00,11.87,11.19
10/8/2021 7:00,12.06,13.56
10/8/2021 8:00,12.9,13.53
10/8/2021 9:00,11.77,11.83
10/8/2021 10:00,12,11.76
10/8/2021 11:00,10.66,11.28
10/8/2021 12:00,10.33,11.21
10/8/2021 13:00,10.99,11.07
10/8/2021 14:00,10.55,11.63
10/8/2021 15:00,9.85,10.9
10/8/2021 16:00,10.54,11.13
10/8/2021 17:00,10.99,11.73
10/8/2021 18:00,11.92,13.06
10/8/2021 19:00,13.01,17
10/8/2021 20:00,13.39,15.6
10/8/2021 21:00,11.97,12.52
10/8/2021 22:00,12.19,10.65
10/8/2021 23:00,11.91,10.45
11/8/2021 0:00,10.39,9.06
11/8/2021 1:00,9.99,8.62
11/8/2021 2:00,9.52,8.78
11/8/2021 3:00,9.86,8.66
11/8/2021 4:00,8.83,8.86
11/8/2021 5:00,9.58,9.29
11/8/2021 6:00,10.87,11.81
11/8/2021 7:00,11.64,14.75
11/8/2021 8:00,11.68,14.49
11/8/2021 9:00,11.12,13.45
11/8/2021 10:00,10.63,12.72
11/8/2021 11:00,11.21,11.35
11/8/2021 12:00,12.03,11.71
11/8/2021 13:00,11.78,11.42
11/8/2021 14:00,11.48,10.96
11/8/2021 15:00,11.39,10.48
11/8/2021 16:00,11.25,10.69
11/8/2021 17:00,11.77,11.87
11/8/2021 18:00,11.82,13.96
11/8/2021 19:00,12.92,16.7
11/8/2021 20:00,13.01,17.38
11/8/2021 21:00,11.23,12.95
11/8/2021 22:00,11.67,10.93
11/8/2021 23:00,11.04,10
12/8/2021 0:00,10.24,9.78
12/8/2021 1:00,9.77,8.52
12/8/2021 2:00,10,9.03
12/8/2021 3:00,9.99,9.16
12/8/2021 4:00,9.78,9.15
12/8/2021 5:00,11.06,9.2
12/8/2021 6:00,11.56,12.22
12/8/2021 7:00,12.32,13.6
12/8/2021 8:00,13.48,14.83
12/8/2021 9:00,12.66,12.85
12/8/2021 10:00,11.31,11.59
12/8/2021 11:00,10.8,10.93
12/8/2021 12:00,10.89,10.81
12/8/2021 13:00,10.81,11.29
12/8/2021 14:00,10.37,11.47
12/8/2021 15:00,10.27,11.04
12/8/2021 16:00,10.78,11.27
12/8/2021 17:00,11.83,12.26
12/8/2021 18:00,12.23,14.11
12/8/2021 19:00,13.22,16.81
12/8/2021 20:00,13.39,16.15
12/8/2021 21:00,11.96,12.92
12/8/2021 22:00,11.97,10.97
12/8/2021 23:00,11.51,10.26
13/08/2021 00:00,9.83,9.29
13/08/2021 01:00,9.66,8.28
13/08/2021 02:00,9.08,8.62
13/08/2021 03:00,9.27,8.52
13/08/2021 04:00,9.49,8.92
13/08/2021 05:00,11.42,9.35
13/08/2021 06:00,12.3,12.27
13/08/2021 07:00,12.67,14.09
13/08/2021 08:00,12.91,14.03
13/08/2021 09:00,13.8,14.12
13/08/2021 10:00,12.1,13.05
13/08/2021 11:00,11.01,11.63
13/08/2021 12:00,10.26,11.43
13/08/2021 13:00,10.73,11.25
13/08/2021 14:00,11.01,11.06
13/08/2021 15:00,11.04,11.85
13/08/2021 16:00,11.21,10.89
13/08/2021 17:00,10.96,11.4
13/08/2021 18:00,NaN,14.62
13/08/2021 19:00,NaN,16.7
13/08/2021 20:00,NaN,15.15
13/08/2021 21:00,NaN,10.73
13/08/2021 22:00,NaN,10.44
13/08/2021 23:00,NaN,10.33
14/08/2021 00:00,NaN,10.3
14/08/2021 01:00,NaN,8.79
14/08/2021 02:00,NaN,9.16
14/08/2021 03:00,NaN,9.61
14/08/2021 04:00,NaN,9.68
14/08/2021 05:00,NaN,9.36
14/08/2021 06:00,NaN,NaN
14/08/2021 07:00,NaN,NaN
14/08/2021 08:00,NaN,NaN
14/08/2021 09:00,NaN,NaN
14/08/2021 10:00,NaN,NaN
14/08/2021 11:00,NaN,NaN
14/08/2021 12:00,NaN,NaN
14/08/2021 13:00,NaN,NaN
14/08/2021 14:00,NaN,NaN
14/08/2021 15:00,NaN,NaN
14/08/2021 16:00,NaN,NaN
14/08/2021 17:00,NaN,NaN
14/08/2021 18:00,NaN,NaN
14/08/2021 19:00,NaN,NaN
14/08/2021 20:00,NaN,NaN
14/08/2021 21:00,NaN,NaN
14/08/2021 22:00,NaN,NaN
14/08/2021 23:00,NaN,NaN
15/08/2021 00:00,NaN,NaN
15/08/2021 01:00,NaN,NaN
15/08/2021 02:00,NaN,NaN
15/08/2021 03:00,NaN,NaN
15/08/2021 04:00,NaN,NaN
15/08/2021 05:00,NaN,NaN
15/08/2021 06:00,NaN,NaN
15/08/2021 07:00,NaN,NaN
15/08/2021 08:00,NaN,NaN
15/08/2021 09:00,NaN,NaN
15/08/2021 10:00,NaN,NaN
15/08/2021 11:00,NaN,NaN
15/08/2021 12:00,NaN,NaN
15/08/2021 13:00,NaN,NaN
15/08/2021 14:00,NaN,NaN
15/08/2021 15:00,NaN,NaN
15/08/2021 16:00,NaN,NaN
15/08/2021 17:00,NaN,NaN
15/08/2021 18:00,NaN,NaN
15/08/2021 19:00,NaN,NaN
15/08/2021 20:00,NaN,NaN
15/08/2021 21:00,NaN,NaN
15/08/2021 22:00,NaN,NaN
15/08/2021 23:00,NaN,NaN
16/08/2021 00:00,NaN,10.09
16/08/2021 01:00,NaN,9.27
16/08/2021 02:00,NaN,9.28
16/08/2021 03:00,NaN,9.08
16/08/2021 04:00,10.99,9.19
16/08/2021 05:00,11.13,9.61
16/08/2021 06:00,12.13,11.68
16/08/2021 07:00,12.13,13.31
16/08/2021 08:00,13.31,13.54
16/08/2021 09:00,12.9,12.95
16/08/2021 10:00,11.14,12.85
16/08/2021 11:00,10.92,12
16/08/2021 12:00,10.94,11.75
16/08/2021 13:00,10.82,10.94
16/08/2021 14:00,11.14,10.42
16/08/2021 15:00,10.82,10.73
16/08/2021 16:00,11.22,10.98
16/08/2021 17:00,12.03,11.7
16/08/2021 18:00,12.26,11.93
16/08/2021 19:00,13.1,15
16/08/2021 20:00,13.41,14.44
16/08/2021 21:00,11.96,11.65
16/08/2021 22:00,12.03,10.38
16/08/2021 23:00,11.25,9.97
17/08/2021 00:00,9.86,9.27
17/08/2021 01:00,9.77,8.72
17/08/2021 02:00,19.27,9.2
17/08/2021 03:00,9.18,9.17
17/08/2021 04:00,9.49,9.42
17/08/2021 05:00,10.85,9.53
17/08/2021 06:00,11.84,10.79
17/08/2021 07:00,11.54,12.49
17/08/2021 08:00,12.73,13.67
17/08/2021 09:00,12.26,13.4
17/08/2021 10:00,11.82,12.73
17/08/2021 11:00,11.12,12.68
17/08/2021 12:00,10.91,12.58
17/08/2021 13:00,10.83,11.84
17/08/2021 14:00,11.86,11.22
17/08/2021 15:00,11.16,11.2
17/08/2021 16:00,11.76,11.09
17/08/2021 17:00,10.58,12.11
17/08/2021 18:00,10.87,13.95
17/08/2021 19:00,12.56,16.72
17/08/2021 20:00,12.43,14.73
17/08/2021 21:00,10.91,11.78
17/08/2021 22:00,11.02,10.34
17/08/2021 23:00,11.3,9.91
18/08/2021 00:00,10.3,9.73
18/08/2021 01:00,10.63,8.7
18/08/2021 02:00,10.37,8.89
18/08/2021 03:00,10.45,9.07
18/08/2021 04:00,10.54,9.05
18/08/2021 05:00,11.09,9.15
18/08/2021 06:00,11.91,10.95
18/08/2021 07:00,12.03,12.05
18/08/2021 08:00,12.3,13.42
18/08/2021 09:00,11.84,13.04
18/08/2021 10:00,11.62,12.34
18/08/2021 11:00,11.15,11.7
18/08/2021 12:00,11.65,11.85
18/08/2021 13:00,11.43,11.92
18/08/2021 14:00,28.96,11.59
18/08/2021 15:00,29.12,11.32
18/08/2021 16:00,11.2,11.48
18/08/2021 17:00,12.56,13.36
18/08/2021 18:00,13.01,15.49
18/08/2021 19:00,14.09,18.99
18/08/2021 20:00,13.81,16.02
18/08/2021 21:00,12.01,12.2
18/08/2021 22:00,11.04,10.81
18/08/2021 23:00,10.17,11.1
19/08/2021 00:00,8.73,9.38
19/08/2021 01:00,8.69,8.75
19/08/2021 02:00,8.1,9.19
19/08/2021 03:00,8.69,9
19/08/2021 04:00,8.63,8.97
19/08/2021 05:00,10.55,9.31
19/08/2021 06:00,12.1,11.29
19/08/2021 07:00,12.74,12.99
19/08/2021 08:00,15.03,14.24
19/08/2021 09:00,14.19,14.47
19/08/2021 10:00,13.48,13.53
19/08/2021 11:00,12.67,12.18
19/08/2021 12:00,12.95,11.78
19/08/2021 13:00,12.67,12.91
19/08/2021 14:00,13.53,12.11
19/08/2021 15:00,13.64,11.61
19/08/2021 16:00,12.35,11.93
19/08/2021 17:00,12.44,12.49
19/08/2021 18:00,12.8,14.57
19/08/2021 19:00,13.99,17.16
19/08/2021 20:00,14.43,15.34
19/08/2021 21:00,12.52,11.98
19/08/2021 22:00,11.91,11.29
19/08/2021 23:00,11.39,11.09
20/08/2021 00:00,10.49,10.01
20/08/2021 01:00,10.02,8.75
20/08/2021 02:00,9.54,8.89
20/08/2021 03:00,9.85,9.14
20/08/2021 04:00,9.31,9.6
20/08/2021 05:00,10.19,9.54
20/08/2021 06:00,12.35,10.92
20/08/2021 07:00,13.56,13.22
20/08/2021 08:00,14.14,14.4
20/08/2021 09:00,14.34,13.42
20/08/2021 10:00,14.43,12.17
20/08/2021 11:00,13.62,12.92
20/08/2021 12:00,13.43,12.38
20/08/2021 13:00,13.4,10.94
20/08/2021 14:00,13.54,10.77
20/08/2021 15:00,13.81,11.45
20/08/2021 16:00,13.17,11.37
20/08/2021 17:00,13.4,13.56
20/08/2021 18:00,12.85,16.45
20/08/2021 19:00,13.14,16.85
20/08/2021 20:00,12.32,15.28
20/08/2021 21:00,10.68,12.37
20/08/2021 22:00,10.2,11.82
20/08/2021 23:00,10.2,11.18
21/08/2021 00:00,8.75,10.02
21/08/2021 01:00,8.23,9.15
21/08/2021 02:00,8.96,9.65
21/08/2021 03:00,10.08,9.53
21/08/2021 04:00,9.86,9.42
21/08/2021 05:00,10.84,9.57
21/08/2021 06:00,11.29,11.72
21/08/2021 07:00,12.82,14.34
21/08/2021 08:00,14.02,14.59
21/08/2021 09:00,12.58,14.77
21/08/2021 10:00,13.71,13.72
21/08/2021 11:00,12.87,12.89
21/08/2021 12:00,11.49,12.61
21/08/2021 13:00,11.83,12.1
21/08/2021 14:00,11.93,11.82
21/08/2021 15:00,11.6,11.34
21/08/2021 16:00,10.7,12.37
21/08/2021 17:00,11.6,13.1
21/08/2021 18:00,11.88,15.49
21/08/2021 19:00,13.16,16.4
21/08/2021 20:00,12.79,15.48
21/08/2021 21:00,11.46,11.82
21/08/2021 22:00,11.07,10.93
21/08/2021 23:00,11,10.67
22/08/2021 00:00,8.92,10.07
22/08/2021 01:00,8.42,9.06
22/08/2021 02:00,8.27,9.31
22/08/2021 03:00,8.64,9.42
22/08/2021 04:00,8.25,9.27
22/08/2021 05:00,9.65,9.33
22/08/2021 06:00,10.27,10.66
22/08/2021 07:00,12.29,12.77
22/08/2021 08:00,13.06,14.53
22/08/2021 09:00,14.15,15.71
22/08/2021 10:00,13.47,14.87
22/08/2021 11:00,12.14,13.77
22/08/2021 12:00,10.85,12.92
22/08/2021 13:00,11.49,12.45
22/08/2021 14:00,12.04,12.27
22/08/2021 15:00,10.88,11.73
22/08/2021 16:00,10.71,11.33
22/08/2021 17:00,10.6,12.67
22/08/2021 18:00,12.19,14.67
22/08/2021 19:00,12.69,15.43
22/08/2021 20:00,13.13,15.49
22/08/2021 21:00,11.19,11.55
22/08/2021 22:00,11.32,10.87
22/08/2021 23:00,10.79,10.72
23/08/2021 00:00,9.54,9.7
23/08/2021 01:00,9.21,8.99
23/08/2021 02:00,8.93,9.17
23/08/2021 03:00,8.47,9.22
23/08/2021 04:00,7.87,9.48
23/08/2021 05:00,9.25,10.19
23/08/2021 06:00,10.57,10.46
23/08/2021 07:00,12.54,11.75
23/08/2021 08:00,13,12.27
23/08/2021 09:00,14.19,11.73
23/08/2021 10:00,13.41,10.79
23/08/2021 11:00,13.21,9.96
23/08/2021 12:00,12.86,10.15
23/08/2021 13:00,13.51,10.26
23/08/2021 14:00,14.33,10.03
23/08/2021 15:00,13.45,10
23/08/2021 16:00,12.64,10.06
23/08/2021 17:00,10.87,10.11
23/08/2021 18:00,10.69,10.15
23/08/2021 19:00,11.28,10.9
23/08/2021 20:00,11.77,11.52
23/08/2021 21:00,10.36,10.63
23/08/2021 22:00,10.74,10.04
23/08/2021 23:00,9.11,9.6
24/08/2021 00:00,9.34,9.77
24/08/2021 01:00,9.43,8.76
24/08/2021 02:00,23.4,8.62
24/08/2021 03:00,9.43,9.28
24/08/2021 04:00,9.18,9.14
24/08/2021 05:00,9.56,8.9
24/08/2021 06:00,10.03,9.91
24/08/2021 07:00,13.17,11.15
24/08/2021 08:00,13.26,11.67
24/08/2021 09:00,15.43,11.3
24/08/2021 10:00,14.15,10.81
24/08/2021 11:00,12.03,10.86
24/08/2021 12:00,12.34,10.66
24/08/2021 13:00,12.43,10.75
24/08/2021 14:00,14.11,10.46
24/08/2021 15:00,14.59,10.43
24/08/2021 16:00,12.67,10.48
24/08/2021 17:00,11.75,10.43
24/08/2021 18:00,12.35,11.13
24/08/2021 19:00,12.76,11.66
24/08/2021 20:00,13.24,12.03
24/08/2021 21:00,12.28,10.95
24/08/2021 22:00,11.67,9.77
24/08/2021 23:00,9.76,9.53
25/08/2021 00:00,8.9,8.94
25/08/2021 01:00,8.23,8.42
25/08/2021 02:00,8.59,8.69
25/08/2021 03:00,8.86,8.95
25/08/2021 04:00,8.89,8.82
25/08/2021 05:00,10.52,8.92
25/08/2021 06:00,12.17,10.43
25/08/2021 07:00,12.97,11.33
25/08/2021 08:00,14.26,12.38
25/08/2021 09:00,12.81,11.47
25/08/2021 10:00,13.28,10.98
25/08/2021 11:00,12.66,10.87
25/08/2021 12:00,12.27,10.8
25/08/2021 13:00,12.44,11.28
25/08/2021 14:00,13.49,10.57
25/08/2021 15:00,11.84,10.21
25/08/2021 16:00,11.46,11.61
25/08/2021 17:00,11.26,11.47
25/08/2021 18:00,11.7,12.82
25/08/2021 19:00,12.92,14.41
25/08/2021 20:00,12.51,12.76
25/08/2021 21:00,11.84,11.04
25/08/2021 22:00,11.07,10.73
25/08/2021 23:00,10.04,10.55
26/08/2021 00:00,9.23,9.79
26/08/2021 01:00,8.77,8.95
26/08/2021 02:00,7.76,8.93
26/08/2021 03:00,8.43,9.25
26/08/2021 04:00,8.31,9.51
26/08/2021 05:00,8.71,9.38
26/08/2021 06:00,10.79,11.34
26/08/2021 07:00,12.41,12.48
26/08/2021 08:00,14.26,12.78
26/08/2021 09:00,13.39,12.22
26/08/2021 10:00,13.2,11.33
26/08/2021 11:00,12.87,11.56
26/08/2021 12:00,13.17,11.31
26/08/2021 13:00,12.52,10.86
26/08/2021 14:00,12.78,10.39
26/08/2021 15:00,11.59,10.73
26/08/2021 16:00,11.8,10.46
26/08/2021 17:00,11.4,11.67
26/08/2021 18:00,11.65,12.21
26/08/2021 19:00,12.05,13.72
26/08/2021 20:00,11.85,13.14
26/08/2021 21:00,11.15,11.02
26/08/2021 22:00,10.95,10.58
26/08/2021 23:00,10.72,9.99
27/08/2021 00:00,9.57,9.07
27/08/2021 01:00,9.24,8.39
27/08/2021 02:00,9.15,8.36
27/08/2021 03:00,9.73,8.29
27/08/2021 04:00,9.2,8.32
27/08/2021 05:00,9.78,8.66
27/08/2021 06:00,10.49,9.65
27/08/2021 07:00,11.93,10.93
27/08/2021 08:00,12.6,11.11
27/08/2021 09:00,12.55,10.91
27/08/2021 10:00,12.91,10.48
27/08/2021 11:00,11.63,10.09
27/08/2021 12:00,11.86,10.34
27/08/2021 13:00,12.33,10.57
27/08/2021 14:00,12.72,10.33
27/08/2021 15:00,12.22,10.49
27/08/2021 16:00,11.99,10.24
27/08/2021 17:00,11.01,10.51
27/08/2021 18:00,10.75,10.8
27/08/2021 19:00,11.8,10.63
27/08/2021 20:00,12.35,11.58
27/08/2021 21:00,10.76,10.45
27/08/2021 22:00,10.96,10.44
27/08/2021 23:00,8.85,10.09
28/08/2021 00:00,7.79,9.79
28/08/2021 01:00,7.77,8.77
28/08/2021 02:00,7.29,8.88
28/08/2021 03:00,7.72,9.05
28/08/2021 04:00,8.9,8.91
28/08/2021 05:00,9.79,8.93
28/08/2021 06:00,10.17,9.5
28/08/2021 07:00,10.64,11.05
28/08/2021 08:00,11.48,10.95
28/08/2021 09:00,12.25,11.59
28/08/2021 10:00,11.7,12.06
28/08/2021 11:00,11.81,11.41
28/08/2021 12:00,10.63,11.93
28/08/2021 13:00,10.54,11.42
28/08/2021 14:00,11.55,10.92
28/08/2021 15:00,9.95,10.73
28/08/2021 16:00,10.06,11.17
28/08/2021 17:00,9.54,11.22
28/08/2021 18:00,9.94,12.09
28/08/2021 19:00,11.58,12.44
28/08/2021 20:00,11.21,11.68
28/08/2021 21:00,10.5,10.44
28/08/2021 22:00,10.7,10.17
28/08/2021 23:00,10.81,9.95
29/08/2021 00:00,9.79,9.26
29/08/2021 01:00,9.2,8.86
29/08/2021 02:00,8.72,8.91
29/08/2021 03:00,7.82,8.64
29/08/2021 04:00,7.4,8.65
29/08/2021 05:00,8.48,8.92
29/08/2021 06:00,9.24,9.62
29/08/2021 07:00,10.65,11.05
29/08/2021 08:00,12.03,12.08
29/08/2021 09:00,12.35,12.89
29/08/2021 10:00,13.12,12.7
29/08/2021 11:00,12.57,12.46
29/08/2021 12:00,12.34,12.1
29/08/2021 13:00,12.03,11.53
29/08/2021 14:00,10.84,11.01
29/08/2021 15:00,10.25,10.74
29/08/2021 16:00,9.83,10.15
29/08/2021 17:00,9.47,10.51
29/08/2021 18:00,9.52,11.31
29/08/2021 19:00,9.95,11.18
29/08/2021 20:00,10.78,12.24
29/08/2021 21:00,9.77,11.09
29/08/2021 22:00,10.29,10.7
29/08/2021 23:00,10.86,10.23
30/08/2021 00:00,8.72,9.68
30/08/2021 01:00,8.59,8.83
30/08/2021 02:00,8.82,8.96
30/08/2021 03:00,9.17,9.21
30/08/2021 04:00,9.1,8.83
30/08/2021 05:00,9.77,9.33
30/08/2021 06:00,11.33,9.76
30/08/2021 07:00,12.58,11.6
30/08/2021 08:00,12.8,11.62
30/08/2021 09:00,12.01,11.92
30/08/2021 10:00,12.3,11.38
30/08/2021 11:00,12.14,10.51
30/08/2021 12:00,12.2,10.45
30/08/2021 13:00,11.98,10.58
30/08/2021 14:00,12.54,NaN
30/08/2021 15:00,11.57,NaN
30/08/2021 16:00,11,10.56
30/08/2021 17:00,10.98,11.37
30/08/2021 18:00,10.61,11.32
30/08/2021 19:00,11.22,11.75
30/08/2021 20:00,12.55,11.72
30/08/2021 21:00,10.73,11.14
30/08/2021 22:00,10.68,10.44
30/08/2021 23:00,9.09,9.38
31/08/2021 00:00,7.38,9
31/08/2021 01:00,6.7,8.57
31/08/2021 02:00,23.99,8.9
31/08/2021 03:00,7.92,8.83
31/08/2021 04:00,8.06,8.82
31/08/2021 05:00,9.3,9.33
31/08/2021 06:00,10.18,10.08
31/08/2021 07:00,12.35,12.77
31/08/2021 08:00,13.53,13.16
31/08/2021 09:00,13.08,13.11
31/08/2021 10:00,13.05,11.8
31/08/2021 11:00,12,11.42
31/08/2021 12:00,12.08,11.22
31/08/2021 13:00,11.7,11.37
31/08/2021 14:00,11.72,11
31/08/2021 15:00,11.6,10.39
31/08/2021 16:00,10.93,10.69
31/08/2021 17:00,10.24,11.95
31/08/2021 18:00,10.57,13.31
31/08/2021 19:00,12.22,13.66
31/08/2021 20:00,13.05,13.24
31/08/2021 21:00,10.8,11.42
31/08/2021 22:00,9.83,10.55
31/08/2021 23:00,9.62,9.91
1/9/2021 0:00,8.24,9.87
1/9/2021 1:00,7.95,9.05
1/9/2021 2:00,7.85,9.08
1/9/2021 3:00,7.78,8.8
1/9/2021 4:00,7.32,8.98
1/9/2021 5:00,8.51,10.04
1/9/2021 6:00,11.02,11.06
1/9/2021 7:00,12.15,12.27
1/9/2021 8:00,13.61,12.6
1/9/2021 9:00,8.9,12.32
1/9/2021 10:00,9.07,13.05
1/9/2021 11:00,10.79,11.51
1/9/2021 12:00,12.31,10.84
1/9/2021 13:00,12.42,11.51
1/9/2021 14:00,12.96,11.11
1/9/2021 15:00,12.13,10.77
1/9/2021 16:00,10.52,11.34
1/9/2021 17:00,10.8,11.77
1/9/2021 18:00,11.09,13.23
1/9/2021 19:00,12.28,14.15
1/9/2021 20:00,11,12.76
1/9/2021 21:00,8.87,11.41
1/9/2021 22:00,9.01,11.22
1/9/2021 23:00,9.33,10.69
2/9/2021 0:00,7.44,9.72
2/9/2021 1:00,7.19,9.03
2/9/2021 2:00,7.78,9.38
2/9/2021 3:00,9.17,9.15
2/9/2021 4:00,9.09,9.09
2/9/2021 5:00,9.35,9.61
2/9/2021 6:00,10.87,10.97
2/9/2021 7:00,12.44,12.93
2/9/2021 8:00,13.65,13.57
2/9/2021 9:00,13.25,12.58
2/9/2021 10:00,12.74,12.61
2/9/2021 11:00,12.1,12.09
2/9/2021 12:00,11.86,11.6
2/9/2021 13:00,11.82,11.99
2/9/2021 14:00,12.59,10.98
2/9/2021 15:00,11.69,11.04
2/9/2021 16:00,11.05,11.17
2/9/2021 17:00,11.36,12.1
2/9/2021 18:00,12.23,15.2
2/9/2021 19:00,13.37,15.21
2/9/2021 20:00,12.4,12.76
2/9/2021 21:00,11.41,11.67
2/9/2021 22:00,10.06,11.23
2/9/2021 23:00,9.88,10.79
3/9/2021 0:00,7.99,10.17
3/9/2021 1:00,7.4,9.28
3/9/2021 2:00,7.76,9.17
3/9/2021 3:00,8.75,9.25
3/9/2021 4:00,7.56,9.21
3/9/2021 5:00,9.61,9.56
3/9/2021 6:00,10.68,11.47
3/9/2021 7:00,12.67,12.99
3/9/2021 8:00,13.66,13.2
3/9/2021 9:00,13.54,12.61
3/9/2021 10:00,14.04,11.72
3/9/2021 11:00,12.56,11.5
3/9/2021 12:00,11.81,11.44
3/9/2021 13:00,11.92,11.21
3/9/2021 14:00,11.83,11.05
3/9/2021 15:00,11.6,11.06
3/9/2021 16:00,10.83,11.87
3/9/2021 17:00,10.37,13.11
3/9/2021 18:00,10.6,13.54
3/9/2021 19:00,12.93,15.16
3/9/2021 20:00,11.44,12.56
3/9/2021 21:00,10.83,11.3
3/9/2021 22:00,10.09,11.06
3/9/2021 23:00,9.42,11.22
4/9/2021 0:00,9.33,9.99
4/9/2021 1:00,9.07,9.21
4/9/2021 2:00,8.88,9.62
4/9/2021 3:00,9.39,9.33
4/9/2021 4:00,8.5,9.39
4/9/2021 5:00,8.71,9.76
4/9/2021 6:00,10.74,10.76
4/9/2021 7:00,11.95,13.07
4/9/2021 8:00,13.12,13.71
4/9/2021 9:00,11.82,14.02
4/9/2021 10:00,11.45,12.62
4/9/2021 11:00,12.08,12.4
4/9/2021 12:00,11.9,11.72
4/9/2021 13:00,11.93,11.51
4/9/2021 14:00,11.85,11.29
4/9/2021 15:00,11.34,11.4
4/9/2021 16:00,10.44,11.95
4/9/2021 17:00,10.08,13.04
4/9/2021 18:00,10.13,14.74
4/9/2021 19:00,11.7,14.41
4/9/2021 20:00,10.72,12.94
4/9/2021 21:00,9.44,11.05
4/9/2021 22:00,8.98,11.02
4/9/2021 23:00,8.83,11.53
5/9/2021 0:00,8.61,10.8
5/9/2021 1:00,8.23,9.76
5/9/2021 2:00,8.13,9.9
5/9/2021 3:00,8.31,9.83
5/9/2021 4:00,8.09,9.68
5/9/2021 5:00,8.98,9.45
5/9/2021 6:00,9.98,10.87
5/9/2021 7:00,10.92,11.83
5/9/2021 8:00,11.92,13.62
5/9/2021 9:00,11.34,14.35
5/9/2021 10:00,11.6,15.37
5/9/2021 11:00,10.14,14.96
5/9/2021 12:00,9.35,12.92
5/9/2021 13:00,9.65,11.98
5/9/2021 14:00,9.95,11.68
5/9/2021 15:00,9.95,12.05
5/9/2021 16:00,9.88,12.52
5/9/2021 17:00,10.54,13.49
5/9/2021 18:00,10.77,14.14
5/9/2021 19:00,11.91,14.63
5/9/2021 20:00,11.02,13.2
5/9/2021 21:00,9.7,11.35
5/9/2021 22:00,10.04,11.11
5/9/2021 23:00,10.01,10.82
6/9/2021 0:00,8.11,9.6
6/9/2021 1:00,7.2,9.07
6/9/2021 2:00,7.38,9.46
6/9/2021 3:00,8.1,9.11
6/9/2021 4:00,7.11,9.07
6/9/2021 5:00,8.5,9.57
6/9/2021 6:00,12.03,11.3
6/9/2021 7:00,12.84,13.54
6/9/2021 8:00,14.37,13.59
6/9/2021 9:00,13.23,12.96
6/9/2021 10:00,14.24,13.16
6/9/2021 11:00,12.94,13.11
6/9/2021 12:00,10.95,11.13
6/9/2021 13:00,NaN,10.75
6/9/2021 14:00,NaN,NaN
6/9/2021 15:00,NaN,NaN
6/9/2021 16:00,11.42,11.46
6/9/2021 17:00,NaN,13.03
6/9/2021 18:00,11.17,15.52
6/9/2021 19:00,12.86,16.12
6/9/2021 20:00,12.53,13.42
6/9/2021 21:00,10.18,11.6
6/9/2021 22:00,10.35,10.59
6/9/2021 23:00,9.98,10.14
7/9/2021 0:00,9.27,10.02
7/9/2021 1:00,8.94,9.21
7/9/2021 2:00,27.75,9.2
7/9/2021 3:00,29.75,9.08
7/9/2021 4:00,29.08,9.33
7/9/2021 5:00,28.6,9.42
7/9/2021 6:00,29.32,12.01
7/9/2021 7:00,29.59,13.4
7/9/2021 8:00,29.09,14.11
7/9/2021 9:00,27.49,12.94
7/9/2021 10:00,13.86,12.15
7/9/2021 11:00,12.62,11.9
7/9/2021 12:00,12.17,12.16
7/9/2021 13:00,12,12.08
7/9/2021 14:00,12.71,11.99
7/9/2021 15:00,12.35,11.42
7/9/2021 16:00,11.87,11.7
7/9/2021 17:00,10.77,13.09
7/9/2021 18:00,10.99,13.93
7/9/2021 19:00,11.68,13.68
7/9/2021 20:00,10.73,11.73
7/9/2021 21:00,10.13,10.2
7/9/2021 22:00,9.84,9.91
7/9/2021 23:00,9.56,9.69
8/9/2021 0:00,8.42,8.87
8/9/2021 1:00,7.62,8.36
8/9/2021 2:00,8.46,8.73
8/9/2021 3:00,8.37,8.58
8/9/2021 4:00,8.76,8.48
8/9/2021 5:00,9.64,8.8
8/9/2021 6:00,11.15,11.24
8/9/2021 7:00,13.18,12.64
8/9/2021 8:00,13.8,11.82
8/9/2021 9:00,NaN,11.76
8/9/2021 10:00,NaN,NaN
8/9/2021 11:00,NaN,NaN
8/9/2021 12:00,13.41,11.77
8/9/2021 13:00,12.1,11.12
8/9/2021 14:00,12.21,10.92
8/9/2021 15:00,11.79,10.93
8/9/2021 16:00,11.56,10.71
8/9/2021 17:00,11.9,12.91
8/9/2021 18:00,NaN,14.62
8/9/2021 19:00,12.33,15.48
8/9/2021 20:00,12.06,12.65
8/9/2021 21:00,10.58,11.02
8/9/2021 22:00,10.54,10.49
8/9/2021 23:00,9.63,10.1
9/9/2021 0:00,8.43,9.47
9/9/2021 1:00,7.54,8.7
9/9/2021 2:00,7.57,8.62
9/9/2021 3:00,8.03,8.44
9/9/2021 4:00,8.99,8.3
9/9/2021 5:00,10.33,8.64
9/9/2021 6:00,11.85,10.59
9/9/2021 7:00,13.37,12.33
9/9/2021 8:00,14.06,12.8
9/9/2021 9:00,13.48,13.14
9/9/2021 10:00,12.38,12.74
9/9/2021 11:00,11.73,11.38
9/9/2021 12:00,11.7,11.51
9/9/2021 13:00,11.48,11.09
9/9/2021 14:00,12.77,11.04
9/9/2021 15:00,11.96,10.88
9/9/2021 16:00,10.76,11.81
9/9/2021 17:00,10.43,12.6
9/9/2021 18:00,11.06,13.86
9/9/2021 19:00,12.2,13.96
9/9/2021 20:00,12.16,12.16
9/9/2021 21:00,11,10.8
9/9/2021 22:00,9.87,10.44
9/9/2021 23:00,9.8,10.37
10/9/2021 0:00,8.47,8.98
10/9/2021 1:00,7.55,8.49
10/9/2021 2:00,6.52,8.7
10/9/2021 3:00,7.42,8.33
10/9/2021 4:00,7.1,8.53
10/9/2021 5:00,8.61,8.86
10/9/2021 6:00,9.62,10.78
10/9/2021 7:00,12.76,12.29
10/9/2021 8:00,13.52,12.96
10/9/2021 9:00,13.08,13.83
10/9/2021 10:00,12.99,11.39
10/9/2021 11:00,12.49,11.55
10/9/2021 12:00,11.82,11.77
10/9/2021 13:00,11.75,11.38
10/9/2021 14:00,12.17,10.78
10/9/2021 15:00,10.84,11.66
10/9/2021 16:00,10.23,12.2
10/9/2021 17:00,10.86,12.45
10/9/2021 18:00,10.27,14.08
10/9/2021 19:00,11.15,14
10/9/2021 20:00,11.09,11.42
10/9/2021 21:00,10.53,10.49
10/9/2021 22:00,9.9,10.3
10/9/2021 23:00,9.93,10.04
11/9/2021 0:00,8.3,9.28
11/9/2021 1:00,8.03,8.43
11/9/2021 2:00,7.82,8.79
11/9/2021 3:00,9.3,8.46
11/9/2021 4:00,9.53,8.54
11/9/2021 5:00,9.78,8.62
11/9/2021 6:00,9.23,10.35
11/9/2021 7:00,10.52,12.02
11/9/2021 8:00,11.24,13.33
11/9/2021 9:00,12.25,13.78
11/9/2021 10:00,11.8,13.69
11/9/2021 11:00,10.92,11.94
11/9/2021 12:00,10.1,11.87
11/9/2021 13:00,10.25,12.13
11/9/2021 14:00,10.19,11.26
11/9/2021 15:00,10.78,10.89
11/9/2021 16:00,11.53,11.62
11/9/2021 17:00,11.2,12.5
11/9/2021 18:00,10.45,15.02
11/9/2021 19:00,11.05,14.19
11/9/2021 20:00,11.07,11.77
11/9/2021 21:00,9.2,10.79
11/9/2021 22:00,8.66,10.1
11/9/2021 23:00,7.95,10.01
12/9/2021 0:00,7.29,9.07
12/9/2021 1:00,7.01,8.46
12/9/2021 2:00,7.55,8.91
12/9/2021 3:00,8.56,8.56
12/9/2021 4:00,8.58,8.24
12/9/2021 5:00,8.74,8.59
12/9/2021 6:00,9.79,9.88
12/9/2021 7:00,10.37,11.13
12/9/2021 8:00,12.32,13.2
12/9/2021 9:00,11.6,14.57
12/9/2021 10:00,12.59,13.83
12/9/2021 11:00,11.42,13.29
12/9/2021 12:00,11.14,13.72
12/9/2021 13:00,9.98,12.66
12/9/2021 14:00,10,12.1
12/9/2021 15:00,8.96,12.01
12/9/2021 16:00,9.2,12.4
12/9/2021 17:00,9.85,14.29
12/9/2021 18:00,10.59,14.41
12/9/2021 19:00,11.91,15.14
12/9/2021 20:00,11.58,12.44
12/9/2021 21:00,11.23,10.95
12/9/2021 22:00,11.73,10.15
12/9/2021 23:00,11.67,9.88
13/09/2021 00:00,8.74,8.95
13/09/2021 01:00,7.37,8.38
13/09/2021 02:00,7.46,8.49
13/09/2021 03:00,NaN,8.3
13/09/2021 04:00,7.95,8.42
13/09/2021 05:00,8.93,8.72
13/09/2021 06:00,11.94,10.86
13/09/2021 07:00,12.39,12.98
13/09/2021 08:00,14.92,13.02
13/09/2021 09:00,13.72,10.37
13/09/2021 10:00,12.78,11.87
13/09/2021 11:00,13.42,10.97
13/09/2021 12:00,11.62,11.46
13/09/2021 13:00,11.13,11.12
13/09/2021 14:00,11.8,10.96
13/09/2021 15:00,11.57,11.19
13/09/2021 16:00,11.41,11.57
13/09/2021 17:00,10.66,12.51
13/09/2021 18:00,11.13,15.99
13/09/2021 19:00,11.46,14.44
13/09/2021 20:00,11.79,11.69
13/09/2021 21:00,10.77,10.96
13/09/2021 22:00,9.89,10.54
13/09/2021 23:00,9.61,10.16
14/09/2021 00:00,8.91,9.01
14/09/2021 01:00,8.01,8.46
14/09/2021 02:00,21.35,8.91
14/09/2021 03:00,8.93,8.67
14/09/2021 04:00,7.92,8.56
14/09/2021 05:00,8.14,8.79
14/09/2021 06:00,10.24,11.24
14/09/2021 07:00,11.98,12.63
14/09/2021 08:00,12.38,13.53
14/09/2021 09:00,13.38,13.41
14/09/2021 10:00,11.45,12.79
14/09/2021 11:00,9.68,11.79
14/09/2021 12:00,13.45,11.28
14/09/2021 13:00,13.51,10.97
14/09/2021 14:00,13.07,10.71
14/09/2021 15:00,12.29,11.34
14/09/2021 16:00,11.62,11.07
14/09/2021 17:00,11.07,12.89
14/09/2021 18:00,11.78,15.56
14/09/2021 19:00,11.53,15.03
14/09/2021 20:00,10.99,12.38
14/09/2021 21:00,9.35,11.53
14/09/2021 22:00,9.07,10.64
14/09/2021 23:00,8.66,10.48
15/09/2021 00:00,7.54,9.44
15/09/2021 01:00,7.39,9.02
15/09/2021 02:00,7.91,9.36
15/09/2021 03:00,8.03,9.17
15/09/2021 04:00,8.26,9.31
15/09/2021 05:00,9.4,9.4
15/09/2021 06:00,11.18,11.13
15/09/2021 07:00,13.07,12.54
15/09/2021 08:00,12.95,13.68
15/09/2021 09:00,12.74,13.88
15/09/2021 10:00,11.86,12.45
15/09/2021 11:00,11.69,11.34
15/09/2021 12:00,11.51,10.63
15/09/2021 13:00,11.21,11.21
15/09/2021 14:00,11.09,11.11
15/09/2021 15:00,10.89,10.94
15/09/2021 16:00,10.68,10.73
15/09/2021 17:00,10.99,11.28
15/09/2021 18:00,12.13,12.65
15/09/2021 19:00,12.8,12.09
15/09/2021 20:00,11.77,11.51
15/09/2021 21:00,10.13,10.69
15/09/2021 22:00,9.81,9.94
15/09/2021 23:00,9.51,9.71
16/09/2021 00:00,7.69,8.88
16/09/2021 01:00,7.09,8.34
16/09/2021 02:00,6.81,8.93
16/09/2021 03:00,8.2,9.06
16/09/2021 04:00,7.71,8.99
16/09/2021 05:00,9.1,8.96
16/09/2021 06:00,10.59,10.38
16/09/2021 07:00,12.56,12.28
16/09/2021 08:00,12.42,11.64
16/09/2021 09:00,12.03,10.83
16/09/2021 10:00,11.93,10.82
16/09/2021 11:00,11.88,10.62
16/09/2021 12:00,11.33,9.98
16/09/2021 13:00,12.06,10.41
16/09/2021 14:00,12.31,10.69
16/09/2021 15:00,12.16,10.24
16/09/2021 16:00,11.43,10.31
16/09/2021 17:00,10.38,10.31
16/09/2021 18:00,10.42,10.66
16/09/2021 19:00,11.94,11.26
16/09/2021 20:00,12.28,11.21
16/09/2021 21:00,10.57,10.67
16/09/2021 22:00,9.97,10.09
16/09/2021 23:00,9.79,9.61
17/09/2021 00:00,8.72,9.07
17/09/2021 01:00,8.38,8.65
17/09/2021 02:00,8.41,8.79
17/09/2021 03:00,8.64,8.98
17/09/2021 04:00,7.53,8.68
17/09/2021 05:00,8.74,8.86
17/09/2021 06:00,10.18,10.19
17/09/2021 07:00,11.41,11.6
17/09/2021 08:00,12.26,11
17/09/2021 09:00,13.3,10.69
17/09/2021 10:00,12.33,10.44
17/09/2021 11:00,13.17,10.19
17/09/2021 12:00,12.62,10.03
17/09/2021 13:00,12.09,10.11
17/09/2021 14:00,12.35,10.51
17/09/2021 15:00,11.78,10.13
17/09/2021 16:00,10.87,10.03
17/09/2021 17:00,10.82,10.09
17/09/2021 18:00,11.11,10.09
17/09/2021 19:00,11.04,11.03
17/09/2021 20:00,11.51,10.71
17/09/2021 21:00,10.33,10.38
17/09/2021 22:00,9.99,9.65
17/09/2021 23:00,9.62,9.07
18/09/2021 00:00,9.27,8.65
18/09/2021 01:00,8.82,8.46
18/09/2021 02:00,8.85,8.65
18/09/2021 03:00,9.78,8.9
18/09/2021 04:00,9.32,8.56
18/09/2021 05:00,9.27,8.44
18/09/2021 06:00,10.06,9.15
18/09/2021 07:00,11.47,10.6
18/09/2021 08:00,11.4,11.03
18/09/2021 09:00,11.48,11.76
18/09/2021 10:00,10.95,10.82
18/09/2021 11:00,11.66,10.66
18/09/2021 12:00,10.58,10.38
18/09/2021 13:00,10.95,10.46
18/09/2021 14:00,11.93,10.04
18/09/2021 15:00,11.16,10.02
18/09/2021 16:00,10.17,9.73
18/09/2021 17:00,10.6,9.8
18/09/2021 18:00,10.28,9.99
18/09/2021 19:00,11,10.46
18/09/2021 20:00,11.72,10.08
18/09/2021 21:00,9.84,9.4
18/09/2021 22:00,9.05,9.09
18/09/2021 23:00,9.16,8.56
19/09/2021 00:00,7.61,8.26
19/09/2021 01:00,7.38,7.84
19/09/2021 02:00,6.92,8.05
19/09/2021 03:00,7.05,8.02
19/09/2021 04:00,7.96,7.84
19/09/2021 05:00,9.01,7.82
19/09/2021 06:00,10.3,8.11
19/09/2021 07:00,11.18,9.07
19/09/2021 08:00,11.3,10.99
19/09/2021 09:00,11.69,11.44
19/09/2021 10:00,11.64,11
19/09/2021 11:00,11.24,10.76
19/09/2021 12:00,10.59,10.72
19/09/2021 13:00,10.17,10.89
19/09/2021 14:00,10.55,10.08
19/09/2021 15:00,10,9.86
19/09/2021 16:00,9.59,9.81
19/09/2021 17:00,9.38,10.21
19/09/2021 18:00,9.19,10.44
19/09/2021 19:00,10.73,10.54
19/09/2021 20:00,11.16,10.43
19/09/2021 21:00,10.74,10.19
19/09/2021 22:00,9.76,8.88
19/09/2021 23:00,8.7,8.63
20/09/2021 00:00,8.31,8.17
20/09/2021 01:00,7.96,7.84
20/09/2021 02:00,8.51,8.11
20/09/2021 03:00,9.27,8.16
20/09/2021 04:00,8.23,8.11
20/09/2021 05:00,8.32,8.29
20/09/2021 06:00,9.14,9.92
20/09/2021 07:00,11.82,11.17
20/09/2021 08:00,12.71,10.8
20/09/2021 09:00,12.66,10.4
20/09/2021 10:00,12.26,10.33
20/09/2021 11:00,12.35,10.57
20/09/2021 12:00,13.35,9.85
20/09/2021 13:00,12.83,9.84
20/09/2021 14:00,14.02,9.41
20/09/2021 15:00,12.98,9.29
20/09/2021 16:00,12.26,9.52
20/09/2021 17:00,12.38,9.59
20/09/2021 18:00,10.76,9.59
20/09/2021 19:00,11.3,10.5
20/09/2021 20:00,11.67,10.68
20/09/2021 21:00,9.94,10.24
20/09/2021 22:00,8.82,9.26
20/09/2021 23:00,7.9,8.8
21/09/2021 00:00,8.33,8.19
21/09/2021 01:00,8.11,8.1
21/09/2021 02:00,26.29,8.12
21/09/2021 03:00,12.22,8.18
21/09/2021 04:00,8.59,8.14
21/09/2021 05:00,8.85,8.36
21/09/2021 06:00,10.89,9.32
21/09/2021 07:00,13.7,10.9
21/09/2021 08:00,14.14,10.53
21/09/2021 09:00,14.54,10.66
21/09/2021 10:00,13.52,9.97
21/09/2021 11:00,11.66,9.56
21/09/2021 12:00,12.15,9.88
21/09/2021 13:00,11.97,9.64
21/09/2021 14:00,13.11,9.48
21/09/2021 15:00,12.19,9.58
21/09/2021 16:00,12.3,9.48
21/09/2021 17:00,11.71,9.6
21/09/2021 18:00,11.4,10.22
21/09/2021 19:00,11.76,10.81
21/09/2021 20:00,12.57,10.45
21/09/2021 21:00,10.93,9.59
21/09/2021 22:00,9.96,9.11
21/09/2021 23:00,8.4,8.53
22/09/2021 00:00,8.09,8.04
22/09/2021 01:00,7.54,7.82
22/09/2021 02:00,7.36,8.15
22/09/2021 03:00,7.68,8.06
22/09/2021 04:00,8.07,8.01
22/09/2021 05:00,9.34,8.2
22/09/2021 06:00,11.48,9.58
22/09/2021 07:00,13.23,11.5
22/09/2021 08:00,13.07,10.72
22/09/2021 09:00,12.94,10.38
22/09/2021 10:00,13.91,9.84
22/09/2021 11:00,12.29,9.85
22/09/2021 12:00,12.15,9.7
22/09/2021 13:00,11.99,9.66
22/09/2021 14:00,11.95,9.55
22/09/2021 15:00,11.79,9.4
22/09/2021 16:00,10.82,9.59
22/09/2021 17:00,10.44,9.69
22/09/2021 18:00,11.06,10.15
22/09/2021 19:00,11.86,10.4
22/09/2021 20:00,12.63,10.52
22/09/2021 21:00,11.37,10.23
22/09/2021 22:00,9.43,9.26
22/09/2021 23:00,9.63,8.79
23/09/2021 00:00,9.26,8.02
23/09/2021 01:00,8.53,7.79
23/09/2021 02:00,7.54,8.04
23/09/2021 03:00,8.17,8.01
23/09/2021 04:00,8.49,8.01
23/09/2021 05:00,9.01,8.17
23/09/2021 06:00,10.6,9.62
23/09/2021 07:00,12.56,11.14
23/09/2021 08:00,12.76,11.13
23/09/2021 09:00,13.53,10.27
23/09/2021 10:00,12.92,10.12
23/09/2021 11:00,13.33,9.7
23/09/2021 12:00,13.93,10.25
23/09/2021 13:00,12.78,10.51
23/09/2021 14:00,13.18,10.1
23/09/2021 15:00,12.11,10.31
23/09/2021 16:00,10.6,10.47
23/09/2021 17:00,10.32,9.96
23/09/2021 18:00,10.74,10.68
23/09/2021 19:00,11.3,11.24
23/09/2021 20:00,10.88,10.22
23/09/2021 21:00,9.56,9.97
23/09/2021 22:00,9.23,8.98
23/09/2021 23:00,8.77,8.62
24/09/2021 00:00,9.13,8.28
24/09/2021 01:00,8.13,7.93
24/09/2021 02:00,8.99,8.09
24/09/2021 03:00,9.28,8.13
24/09/2021 04:00,8.29,8.06
24/09/2021 05:00,9.24,8.21
24/09/2021 06:00,11.03,9.84
24/09/2021 07:00,12.58,11.36
24/09/2021 08:00,12.2,11.09
24/09/2021 09:00,11.32,10.52
24/09/2021 10:00,11.3,9.69
24/09/2021 11:00,12,9.84
24/09/2021 12:00,8.07,9.57
24/09/2021 13:00,11.43,10.18
24/09/2021 14:00,12.45,9.92
24/09/2021 15:00,12.17,10.04
24/09/2021 16:00,10.63,9.86
24/09/2021 17:00,10.61,9.89
24/09/2021 18:00,11.02,10.36
24/09/2021 19:00,11.6,10.5
24/09/2021 20:00,12.05,10.17
24/09/2021 21:00,10.3,9.7
24/09/2021 22:00,9.54,8.88
24/09/2021 23:00,8.83,8.68
25/09/2021 00:00,8.38,8.28
25/09/2021 01:00,7.58,8.04
25/09/2021 02:00,7.2,7.9
25/09/2021 03:00,8.01,8.09
25/09/2021 04:00,8.54,7.95
25/09/2021 05:00,9.33,8.09
25/09/2021 06:00,10.41,9.19
25/09/2021 07:00,11.18,10.18
25/09/2021 08:00,11.73,11.39
25/09/2021 09:00,12.32,11.54
25/09/2021 10:00,12.34,11.88
25/09/2021 11:00,11.86,11.13
25/09/2021 12:00,11.84,10.86
25/09/2021 13:00,10.35,10.73
25/09/2021 14:00,10.23,10.98
25/09/2021 15:00,10.7,10.57
25/09/2021 16:00,9.82,10.32
25/09/2021 17:00,9.94,10.94
25/09/2021 18:00,10.54,11.31
25/09/2021 19:00,10.82,10.68
25/09/2021 20:00,11.28,10.12
25/09/2021 21:00,10.54,9.6
25/09/2021 22:00,9.55,8.86
25/09/2021 23:00,9.24,8.9
26/09/2021 00:00,8.88,8.18
26/09/2021 01:00,8,7.9
26/09/2021 02:00,7.89,7.77
26/09/2021 03:00,7.66,7.8
26/09/2021 04:00,6.78,7.78
26/09/2021 05:00,7.13,7.97
26/09/2021 06:00,9.04,8.39
26/09/2021 07:00,10.19,9.44
26/09/2021 08:00,11.12,10.96
26/09/2021 09:00,12.25,12.09
26/09/2021 10:00,12.47,11.83
26/09/2021 11:00,11.71,11.92
26/09/2021 12:00,11.11,11.33
26/09/2021 13:00,11.08,10.49
26/09/2021 14:00,10.75,10.52
26/09/2021 15:00,10.55,9.67
26/09/2021 16:00,9.5,10.05
26/09/2021 17:00,10.14,10.3
26/09/2021 18:00,9.56,9.61
26/09/2021 19:00,10.08,10.38
26/09/2021 20:00,10.89,10.2
26/09/2021 21:00,9.66,9.59
26/09/2021 22:00,8.3,8.96
26/09/2021 23:00,7.72,8.91
27/09/2021 00:00,7.95,8.2
27/09/2021 01:00,8.27,7.94
27/09/2021 02:00,8.31,7.69
27/09/2021 03:00,9.17,7.82
27/09/2021 04:00,8.32,8.05
27/09/2021 05:00,8.9,8.27
27/09/2021 06:00,10.14,9.56
27/09/2021 07:00,12.67,10.88
27/09/2021 08:00,12.54,10.48
27/09/2021 09:00,11.96,9.88
27/09/2021 10:00,11.79,9.69
27/09/2021 11:00,11.34,10.08
27/09/2021 12:00,12.31,9.84
27/09/2021 13:00,12.56,10.12
27/09/2021 14:00,12.35,9.83
27/09/2021 15:00,12.69,9.7
27/09/2021 16:00,10.87,10.39
27/09/2021 17:00,11.2,9.86
27/09/2021 18:00,11.38,9.91
27/09/2021 19:00,11.29,10.7
27/09/2021 20:00,11.36,10.37
27/09/2021 21:00,10.59,9.75
27/09/2021 22:00,9.35,8.99
27/09/2021 23:00,8.82,8.67
28/09/2021 00:00,7.86,8.05
28/09/2021 01:00,7.29,7.77
28/09/2021 02:00,19.79,7.73
28/09/2021 03:00,7.89,7.78
28/09/2021 04:00,7.67,7.89
28/09/2021 05:00,8.18,8.12
28/09/2021 06:00,10.89,9.49
28/09/2021 07:00,13.03,10.95
28/09/2021 08:00,12.85,10.72
28/09/2021 09:00,12.42,10.37
28/09/2021 10:00,13.45,8.86
28/09/2021 11:00,12.13,8.95
28/09/2021 12:00,12.45,9.04
28/09/2021 13:00,12.64,9.03
28/09/2021 14:00,12.49,8.85
28/09/2021 15:00,11.97,8.66
28/09/2021 16:00,10.81,8.8
28/09/2021 17:00,9.91,9.27
28/09/2021 18:00,10.48,9.34
28/09/2021 19:00,11.73,9.64
28/09/2021 20:00,11.8,9.49
28/09/2021 21:00,10.68,8.96
28/09/2021 22:00,9.53,7.93
28/09/2021 23:00,8.86,8.06
29/09/2021 00:00,8.78,7.35
29/09/2021 01:00,8.08,7.06
29/09/2021 02:00,8.04,6.85
29/09/2021 03:00,8.32,7.02
29/09/2021 04:00,7.88,7.08
29/09/2021 05:00,8.83,7.3
29/09/2021 06:00,10.01,8.8
29/09/2021 07:00,12.03,10.31
29/09/2021 08:00,12.14,9.88
29/09/2021 09:00,12.75,9.49
29/09/2021 10:00,12.75,8.8
29/09/2021 11:00,12.51,8.68
29/09/2021 12:00,12.54,8.28
29/09/2021 13:00,12.5,8.56
29/09/2021 14:00,12.17,8.68
29/09/2021 15:00,13.19,8.64
29/09/2021 16:00,12.22,8.29
29/09/2021 17:00,11.63,8.95
29/09/2021 18:00,11.85,9.17
29/09/2021 19:00,12.51,9.51
29/09/2021 20:00,11.75,9.32
29/09/2021 21:00,10.33,8.93
29/09/2021 22:00,8.26,8.21
29/09/2021 23:00,8.42,7.75
30/09/2021 00:00,7.54,6.99
30/09/2021 01:00,6.98,6.86
30/09/2021 02:00,7.51,7.07
30/09/2021 03:00,9.01,7.26
30/09/2021 04:00,9.05,6.93
30/09/2021 05:00,9.1,7.12
30/09/2021 06:00,10.29,8.49
30/09/2021 07:00,12.75,9.87
30/09/2021 08:00,12.99,9.73
30/09/2021 09:00,13.62,9.4
30/09/2021 10:00,12.57,9.21
30/09/2021 11:00,12.04,8.85
30/09/2021 12:00,12.4,8.61
30/09/2021 13:00,12.77,9.06
30/09/2021 14:00,12.5,8.73
30/09/2021 15:00,12.41,8.63
30/09/2021 16:00,11.25,8.44
30/09/2021 17:00,10.5,9.14
30/09/2021 18:00,11.46,9.4
30/09/2021 19:00,11.69,9.68
30/09/2021 20:00,11.81,8.92
30/09/2021 21:00,10.35,8.85
30/09/2021 22:00,9.11,7.85
30/09/2021 23:00,8.89,7.69
1/10/2021 0:00,9.1,7.08
1/10/2021 1:00,7.57,6.89
1/10/2021 2:00,7.41,7.1
1/10/2021 3:00,8.01,7.31
1/10/2021 4:00,7.35,7.06
1/10/2021 5:00,8.03,7.13
1/10/2021 6:00,10.21,8.66
1/10/2021 7:00,13.34,9.93
1/10/2021 8:00,13.39,9.95
1/10/2021 9:00,12.72,9.91
1/10/2021 10:00,13.4,9.38
1/10/2021 11:00,12.91,9.24
1/10/2021 12:00,12.83,8.7
1/10/2021 13:00,12.38,9.67
1/10/2021 14:00,12.6,9.1
1/10/2021 15:00,11.22,NaN
1/10/2021 16:00,10.54,9.14
1/10/2021 17:00,9.64,9.62
1/10/2021 18:00,9.98,9.08
1/10/2021 19:00,11.32,9.38
1/10/2021 20:00,11.62,9.12
1/10/2021 21:00,10.53,8.4
1/10/2021 22:00,8.66,7.76
1/10/2021 23:00,8.64,7.62
2/10/2021 0:00,8.45,7.17
2/10/2021 1:00,8.11,6.89
2/10/2021 2:00,8.07,6.98
2/10/2021 3:00,8.79,7.22
2/10/2021 4:00,8.32,6.89
2/10/2021 5:00,8.42,7.02
2/10/2021 6:00,8.89,7.77
2/10/2021 7:00,10.17,9.34
2/10/2021 8:00,11.12,10.85
2/10/2021 9:00,12.11,10.85
2/10/2021 10:00,11.54,10.55
2/10/2021 11:00,11.09,10.25
2/10/2021 12:00,10.5,9.68
2/10/2021 13:00,10.49,9.59
2/10/2021 14:00,11.57,9.43
2/10/2021 15:00,10.85,9.07
2/10/2021 16:00,10.5,9.62
2/10/2021 17:00,10.34,10.46
2/10/2021 18:00,10.23,10.17
2/10/2021 19:00,11.25,9.74
2/10/2021 20:00,10.54,9.05
2/10/2021 21:00,10.15,8.2
2/10/2021 22:00,9.62,7.68
2/10/2021 23:00,8.27,7.48
3/10/2021 0:00,7.6,7.15
3/10/2021 1:00,7.31,6.89
3/10/2021 2:00,6.73,6.79
3/10/2021 3:00,6.64,6.71
3/10/2021 4:00,7.36,6.77
3/10/2021 5:00,7.99,6.85
3/10/2021 6:00,9.49,7.17
3/10/2021 7:00,9.67,8.35
3/10/2021 8:00,10.78,9.57
3/10/2021 9:00,11.16,10.18
3/10/2021 10:00,10.81,10.22
3/10/2021 11:00,10.96,9.59
3/10/2021 12:00,9.66,9.63
3/10/2021 13:00,10.34,8.87
3/10/2021 14:00,9.42,8.86
3/10/2021 15:00,9.6,8.61
3/10/2021 16:00,8.62,9.21
3/10/2021 17:00,8.44,8.62
3/10/2021 18:00,8.52,8.77
3/10/2021 19:00,10.47,9.43
3/10/2021 20:00,10.62,8.84
3/10/2021 21:00,9.68,8.47
3/10/2021 22:00,8.74,7.8
3/10/2021 23:00,8.06,7.49
4/10/2021 0:00,8,6.94
4/10/2021 1:00,7.78,6.65
4/10/2021 2:00,7.58,6.63
4/10/2021 3:00,8.4,6.75
4/10/2021 4:00,6.81,6.94
4/10/2021 5:00,6.74,7.29
4/10/2021 6:00,9.17,8.13
4/10/2021 7:00,11.79,9.72
4/10/2021 8:00,12.09,9.89
4/10/2021 9:00,11.86,9.28
4/10/2021 10:00,11.63,9.14
4/10/2021 11:00,11.52,9.02
4/10/2021 12:00,12.42,8.95
4/10/2021 13:00,12.64,9.15
4/10/2021 14:00,12.28,9.1
4/10/2021 15:00,12.37,9.27
4/10/2021 16:00,12.01,8.6
4/10/2021 17:00,12.2,8.48
4/10/2021 18:00,11.6,9.91
4/10/2021 19:00,10.17,9.22
4/10/2021 20:00,9.86,9.29
4/10/2021 21:00,9.15,8.79
4/10/2021 22:00,8,7.92
4/10/2021 23:00,7.55,7.45
5/10/2021 0:00,7.31,7.22
5/10/2021 1:00,NaN,6.92
5/10/2021 2:00,18.53,6.81
5/10/2021 3:00,8.89,6.84
5/10/2021 4:00,8.31,6.93
5/10/2021 5:00,8.05,7.1
5/10/2021 6:00,10.02,8.23
5/10/2021 7:00,12.48,9.86
5/10/2021 8:00,11.84,9.79
5/10/2021 9:00,12.43,9.14
5/10/2021 10:00,11.73,9.18
5/10/2021 11:00,11.28,8.42
5/10/2021 12:00,11.49,8.81
5/10/2021 13:00,11.53,8.84
5/10/2021 14:00,11.27,8.62
5/10/2021 15:00,11.62,9.15
5/10/2021 16:00,10.52,9.13
5/10/2021 17:00,10.28,8.72
5/10/2021 18:00,10.07,9.31
5/10/2021 19:00,10.42,9.98
5/10/2021 20:00,11.12,10.13
5/10/2021 21:00,10.31,9.33
5/10/2021 22:00,9.12,8.52
5/10/2021 23:00,7.88,8.09
6/10/2021 0:00,7.21,7.55
6/10/2021 1:00,6.02,7.34
6/10/2021 2:00,5.7,7.11
6/10/2021 3:00,5.87,7.23
6/10/2021 4:00,5.71,7.19
6/10/2021 5:00,7.27,7.51
6/10/2021 6:00,9.85,8.7
6/10/2021 7:00,11.5,10.46
6/10/2021 8:00,11.51,9.92
6/10/2021 9:00,12.32,8.79
6/10/2021 10:00,12.01,8.5
6/10/2021 11:00,12.08,7.99
6/10/2021 12:00,11.93,8.41
6/10/2021 13:00,12.25,8.39
6/10/2021 14:00,11.31,8.24
6/10/2021 15:00,11.36,8.03
6/10/2021 16:00,11.5,8.01
6/10/2021 17:00,11.64,8.1
6/10/2021 18:00,10.89,8.48
6/10/2021 19:00,11.26,9.02
6/10/2021 20:00,10.99,9.05
6/10/2021 21:00,10.59,8.32
6/10/2021 22:00,8.8,8.1
6/10/2021 23:00,8.56,7.38
7/10/2021 0:00,8.06,6.93
7/10/2021 1:00,8.02,6.63
7/10/2021 2:00,7.92,6.7
7/10/2021 3:00,8.3,6.71
7/10/2021 4:00,7.52,6.81
7/10/2021 5:00,7.55,7.15
7/10/2021 6:00,9.08,8.46
7/10/2021 7:00,11.18,9.76
7/10/2021 8:00,11.55,9.46
7/10/2021 9:00,12.11,9.29
7/10/2021 10:00,11.32,8.47
7/10/2021 11:00,12.11,8.86
7/10/2021 12:00,12.32,8.26
7/10/2021 13:00,12.69,8.39
7/10/2021 14:00,12.54,8.15
7/10/2021 15:00,12.12,8.12
7/10/2021 16:00,12.15,8.35
7/10/2021 17:00,12.07,8.44
7/10/2021 18:00,11.85,8.38
7/10/2021 19:00,11.96,8.98
7/10/2021 20:00,11.27,8.92
7/10/2021 21:00,8.88,8.78
7/10/2021 22:00,8.04,8.09
7/10/2021 23:00,7.45,7.61
8/10/2021 0:00,7.59,7.13
8/10/2021 1:00,8.44,6.97
8/10/2021 2:00,8.84,6.74
8/10/2021 3:00,9.21,6.67
8/10/2021 4:00,8.34,6.7
8/10/2021 5:00,8.88,6.97
8/10/2021 6:00,11.04,7.95
8/10/2021 7:00,13.11,9.78
8/10/2021 8:00,12.72,9.1
8/10/2021 9:00,12.24,8.84
8/10/2021 10:00,11.31,8.44
8/10/2021 11:00,11.37,8.17
8/10/2021 12:00,11.49,8.63
8/10/2021 13:00,10.92,8.47
8/10/2021 14:00,11.42,8.76
8/10/2021 15:00,11.11,8.69
8/10/2021 16:00,11.07,8.42
8/10/2021 17:00,11.44,8.38
8/10/2021 18:00,11.08,8.94
8/10/2021 19:00,10.32,9.14
8/10/2021 20:00,10.78,9.13
8/10/2021 21:00,9.25,8.29
8/10/2021 22:00,8.65,7.85
8/10/2021 23:00,8.33,7.58
9/10/2021 0:00,8.21,6.98
9/10/2021 1:00,7.96,6.87
9/10/2021 2:00,8.81,6.67
9/10/2021 3:00,8.58,6.8
9/10/2021 4:00,7.78,6.69
9/10/2021 5:00,8.17,6.83
9/10/2021 6:00,8.31,7.2
9/10/2021 7:00,9.99,8.79
9/10/2021 8:00,10.98,10.04
9/10/2021 9:00,10.78,10.87
9/10/2021 10:00,11.55,10.16
9/10/2021 11:00,10.8,9.74
9/10/2021 12:00,10.32,9.55
9/10/2021 13:00,10.43,9.48
9/10/2021 14:00,10.93,8.93
9/10/2021 15:00,11.2,9.07
9/10/2021 16:00,10.03,8.78
9/10/2021 17:00,9.67,8.59
9/10/2021 18:00,9.97,8.99
9/10/2021 19:00,10.07,8.65
9/10/2021 20:00,10.61,8.38
9/10/2021 21:00,9.45,7.81
9/10/2021 22:00,8.25,7.8
9/10/2021 23:00,7.46,7.49
10/10/2021 0:00,7.54,6.96
10/10/2021 1:00,7.01,6.8
10/10/2021 2:00,7.27,6.58
10/10/2021 3:00,7.72,6.65
10/10/2021 4:00,7.6,6.6
10/10/2021 5:00,7.9,6.61
10/10/2021 6:00,9.78,6.79
10/10/2021 7:00,11,7.87
10/10/2021 8:00,11.88,9.47
10/10/2021 9:00,12.44,10.23
10/10/2021 10:00,11.88,10.19
10/10/2021 11:00,10.43,10.36
10/10/2021 12:00,9.91,9.59
10/10/2021 13:00,9.64,9.22
10/10/2021 14:00,9.98,8.77
10/10/2021 15:00,9.36,8.8
10/10/2021 16:00,9.72,8.5
10/10/2021 17:00,9.13,9.2
10/10/2021 18:00,9.41,9.28
10/10/2021 19:00,9.72,8.9
10/10/2021 20:00,10.25,8.93
10/10/2021 21:00,9.83,8.66
10/10/2021 22:00,9,7.74
10/10/2021 23:00,8.68,7.2
11/10/2021 0:00,7.89,6.96
11/10/2021 1:00,7.68,6.61
11/10/2021 2:00,7.09,6.65
11/10/2021 3:00,7.51,6.59
11/10/2021 4:00,6.6,6.63
11/10/2021 5:00,6.66,7.06
11/10/2021 6:00,9.5,8.12
11/10/2021 7:00,11.33,9.63
11/10/2021 8:00,11.73,9.27
11/10/2021 9:00,11.61,8.96
11/10/2021 10:00,11.77,8.63
11/10/2021 11:00,11.81,8.63
11/10/2021 12:00,11.35,8.59
11/10/2021 13:00,11.98,8.59
11/10/2021 14:00,10.72,8.53
11/10/2021 15:00,10.73,8.28
11/10/2021 16:00,10.66,8.08
11/10/2021 17:00,10.49,8.41
11/10/2021 18:00,10.89,8.64
11/10/2021 19:00,11.35,9.58
11/10/2021 20:00,11.17,9.02
11/10/2021 21:00,11.22,8.56
11/10/2021 22:00,11.03,7.76
11/10/2021 23:00,11.11,7.18
12/10/2021 0:00,9.89,6.79
12/10/2021 1:00,8.53,6.59
12/10/2021 2:00,20.19,6.48
12/10/2021 3:00,9.07,6.67
12/10/2021 4:00,7.21,6.68
12/10/2021 5:00,7.95,6.86
12/10/2021 6:00,10.41,7.82
12/10/2021 7:00,11.99,9.93
12/10/2021 8:00,11.9,9.67
12/10/2021 9:00,11.94,9.15
12/10/2021 10:00,10.93,9.16
12/10/2021 11:00,10.86,8.87
12/10/2021 12:00,10.7,8.3
12/10/2021 13:00,11.51,8.65
12/10/2021 14:00,11.36,8.46
12/10/2021 15:00,11.47,8.29
12/10/2021 16:00,10.16,8.47
12/10/2021 17:00,10.69,8.5
12/10/2021 18:00,11.16,8.5
12/10/2021 19:00,12.08,8.96
12/10/2021 20:00,12.18,9.25
12/10/2021 21:00,11.78,8.54
12/10/2021 22:00,11,7.98
12/10/2021 23:00,10.38,7.55
13/10/2021 00:00,10.15,6.8
13/10/2021 01:00,9.98,6.56
13/10/2021 02:00,7.85,6.57
13/10/2021 03:00,6.64,6.62
13/10/2021 04:00,6.41,6.67
13/10/2021 05:00,7.06,6.93
13/10/2021 06:00,9.95,8
13/10/2021 07:00,11.66,9.43
13/10/2021 08:00,12.39,9.46
13/10/2021 09:00,11.76,8.85
13/10/2021 10:00,11.38,8.37
13/10/2021 11:00,11.33,8.35
13/10/2021 12:00,11.29,8.48
13/10/2021 13:00,11.04,8.67
13/10/2021 14:00,10.68,8.71
13/10/2021 15:00,10.63,8.26
13/10/2021 16:00,10.87,8.21
13/10/2021 17:00,10.74,8.19
13/10/2021 18:00,10.69,8.66
13/10/2021 19:00,11.37,9.02
13/10/2021 20:00,11.67,9.22
13/10/2021 21:00,11.91,8.48
13/10/2021 22:00,11.02,7.71
13/10/2021 23:00,10.92,7.3
14/10/2021 00:00,10.29,6.93
14/10/2021 01:00,9.22,6.69
14/10/2021 02:00,8.82,6.58
14/10/2021 03:00,8.76,6.59
14/10/2021 04:00,7.75,6.65
14/10/2021 05:00,7.78,6.84
14/10/2021 06:00,9.98,8.01
14/10/2021 07:00,11.27,9.95
14/10/2021 08:00,11.38,9.29
14/10/2021 09:00,10.55,9.27
14/10/2021 10:00,9.69,8.67
14/10/2021 11:00,10,8.21
14/10/2021 12:00,10.25,8.26
14/10/2021 13:00,10.61,8.53
14/10/2021 14:00,11.22,8.6
14/10/2021 15:00,11.23,9.04
14/10/2021 16:00,11.36,9
14/10/2021 17:00,11.64,8.59
14/10/2021 18:00,12.08,8.84
14/10/2021 19:00,11.66,9.25
14/10/2021 20:00,11.87,8.48
14/10/2021 21:00,10.99,8.67
14/10/2021 22:00,9.95,7.82
14/10/2021 23:00,9.65,7.33
15/10/2021 00:00,9.37,6.82
15/10/2021 01:00,8.98,6.56
15/10/2021 02:00,9.35,6.55
15/10/2021 03:00,9.85,6.47
15/10/2021 04:00,9.64,6.75
15/10/2021 05:00,10.21,6.91
15/10/2021 06:00,10.64,8.2
15/10/2021 07:00,12.12,9.44
15/10/2021 08:00,11.6,9.63
15/10/2021 09:00,11.45,9.2
15/10/2021 10:00,10.97,9.43
15/10/2021 11:00,10.45,8.63
15/10/2021 12:00,10.32,8.77
15/10/2021 13:00,11.01,8.96
15/10/2021 14:00,8.78,8.78
15/10/2021 15:00,7.29,8.78
15/10/2021 16:00,7.39,8.78
15/10/2021 17:00,7.44,8.38
15/10/2021 18:00,8.73,8.62
15/10/2021 19:00,8.59,8.94
15/10/2021 20:00,8.03,8.77
15/10/2021 21:00,8.05,8.43
15/10/2021 22:00,7.27,7.67
15/10/2021 23:00,7.43,7.34
16/10/2021 00:00,6.75,7
16/10/2021 01:00,6.45,6.72
16/10/2021 02:00,5.74,6.65
16/10/2021 03:00,4.96,6.6
16/10/2021 04:00,5.2,6.67
16/10/2021 05:00,5.16,6.85
16/10/2021 06:00,5.98,6.94
16/10/2021 07:00,7.43,8.54
16/10/2021 08:00,8.87,10.05
16/10/2021 09:00,9.15,10.74
16/10/2021 10:00,8.4,10.32
16/10/2021 11:00,8.91,9.99
16/10/2021 12:00,NaN,9.92
16/10/2021 13:00,7.76,9.69
16/10/2021 14:00,7.05,8.75
16/10/2021 15:00,7.09,9.4
16/10/2021 16:00,7.71,9.35
16/10/2021 17:00,7.37,9.12
16/10/2021 18:00,7.44,8.91
16/10/2021 19:00,7.5,9.23
16/10/2021 20:00,7.94,8.45
16/10/2021 21:00,7.53,8.22
16/10/2021 22:00,5.74,7.51
16/10/2021 23:00,5.37,7.27
17/10/2021 00:00,4.82,6.95
17/10/2021 01:00,4.19,6.7
17/10/2021 02:00,4.01,6.65
17/10/2021 03:00,3.99,6.54
17/10/2021 04:00,4.1,6.52
17/10/2021 05:00,4.17,6.64
17/10/2021 06:00,4.88,6.94
17/10/2021 07:00,6.03,7.94
17/10/2021 08:00,7.63,9.73
17/10/2021 09:00,8.6,10.41
17/10/2021 10:00,8.44,11.38
17/10/2021 11:00,7.92,9.93
17/10/2021 12:00,7.97,9.77
17/10/2021 13:00,7.11,9.49
17/10/2021 14:00,6.74,9.21
17/10/2021 15:00,6.58,8.92
17/10/2021 16:00,7.26,8.89
17/10/2021 17:00,6.75,8.81
17/10/2021 18:00,6.42,9
17/10/2021 19:00,6.87,8.99
17/10/2021 20:00,7.63,8.72
17/10/2021 21:00,6.44,8.47
17/10/2021 22:00,5.32,7.69
17/10/2021 23:00,4.67,7.4
18/10/2021 00:00,3.58,6.84
18/10/2021 01:00,2.87,6.63
18/10/2021 02:00,4.3,6.56
18/10/2021 03:00,5.11,6.55
18/10/2021 04:00,5.53,6.6
18/10/2021 05:00,5.28,6.76
18/10/2021 06:00,7.35,7.76
18/10/2021 07:00,8.62,9.89
18/10/2021 08:00,9.06,9.33
18/10/2021 09:00,9.19,9.1
18/10/2021 10:00,8.57,8.46
18/10/2021 11:00,7.83,8.5
18/10/2021 12:00,7.2,8.44
18/10/2021 13:00,7.13,8.74
18/10/2021 14:00,7.05,8.25
18/10/2021 15:00,7.27,8.17
18/10/2021 16:00,6.77,8.41
18/10/2021 17:00,6.99,8.58
18/10/2021 18:00,7.13,8.45
18/10/2021 19:00,8.45,8.96
18/10/2021 20:00,8.86,8.82
18/10/2021 21:00,8.01,8.24
18/10/2021 22:00,7.49,7.74
18/10/2021 23:00,7.11,7.24
19/10/2021 00:00,6.73,6.89
19/10/2021 01:00,6.44,6.65
19/10/2021 02:00,16.85,6.63
19/10/2021 03:00,5.94,6.53
19/10/2021 04:00,4.88,6.93
19/10/2021 05:00,5.28,6.82
19/10/2021 06:00,6.31,7.91
19/10/2021 07:00,7.65,9.48
19/10/2021 08:00,8.42,9.49
19/10/2021 09:00,7.62,9.18
19/10/2021 10:00,8.03,8.78
19/10/2021 11:00,7.76,8.33
19/10/2021 12:00,7.89,8.99
19/10/2021 13:00,8.16,8.85
19/10/2021 14:00,7.72,8.64
19/10/2021 15:00,7.7,8.25
19/10/2021 16:00,7.28,8.23
19/10/2021 17:00,6.8,8.35
19/10/2021 18:00,7.06,8.99
19/10/2021 19:00,7.32,8.99
19/10/2021 20:00,7.34,9.06
19/10/2021 21:00,6.9,8.76
19/10/2021 22:00,6.19,8.03
19/10/2021 23:00,6.66,7.44
20/10/2021 00:00,6.99,6.95
20/10/2021 01:00,6.36,6.76
20/10/2021 02:00,6.47,6.73
20/10/2021 03:00,6.21,6.64
20/10/2021 04:00,6.14,6.69
20/10/2021 05:00,6.4,6.93
20/10/2021 06:00,7.98,8.12
20/10/2021 07:00,8.57,9.43
20/10/2021 08:00,8.26,9.5
20/10/2021 09:00,8.04,8.84
20/10/2021 10:00,7.39,8.66
20/10/2021 11:00,6.86,8.11
20/10/2021 12:00,7.16,7.98
20/10/2021 13:00,7.69,8.5
20/10/2021 14:00,10.89,NaN
20/10/2021 15:00,10.71,7.94
20/10/2021 16:00,11.69,8.14
20/10/2021 17:00,11.35,8.18
20/10/2021 18:00,11.51,8.74
20/10/2021 19:00,12.56,9.07
20/10/2021 20:00,12.45,9.01
20/10/2021 21:00,12.26,8.26
20/10/2021 22:00,11.23,7.66
20/10/2021 23:00,10.51,7.27
21/10/2021 00:00,9.87,6.91
21/10/2021 01:00,9.61,6.71
21/10/2021 02:00,9.37,6.61
21/10/2021 03:00,9.25,6.59
21/10/2021 04:00,9.74,6.74
21/10/2021 05:00,10.91,6.92
21/10/2021 06:00,11.93,8
21/10/2021 07:00,12.78,9.46
21/10/2021 08:00,12.45,9.27
21/10/2021 09:00,12.05,8.84
21/10/2021 10:00,11.71,8.4
21/10/2021 11:00,11.11,8.15
21/10/2021 12:00,10.91,8.04
21/10/2021 13:00,10.95,8.3
21/10/2021 14:00,11.1,7.95
21/10/2021 15:00,10.95,8.24
21/10/2021 16:00,10.6,8.14
21/10/2021 17:00,10.63,8.05
21/10/2021 18:00,11.51,8.37
21/10/2021 19:00,11.84,8.71
21/10/2021 20:00,11.99,9.05
21/10/2021 21:00,11.94,8.47
21/10/2021 22:00,11.49,7.78
21/10/2021 23:00,10.98,7.24
22/10/2021 00:00,10.86,6.84
22/10/2021 01:00,10.44,6.64
22/10/2021 02:00,9.65,6.66
22/10/2021 03:00,9.29,6.56
22/10/2021 04:00,9.29,6.6
22/10/2021 05:00,9.69,6.83
22/10/2021 06:00,10.44,7.93
22/10/2021 07:00,11.81,9.22
22/10/2021 08:00,12.18,9.44
22/10/2021 09:00,11.68,8.97
22/10/2021 10:00,11.57,8.62
22/10/2021 11:00,11.43,8.52
22/10/2021 12:00,25.15,8.54
22/10/2021 13:00,28.74,8.58
22/10/2021 14:00,26.94,8.48
22/10/2021 15:00,24.85,9.11
22/10/2021 16:00,17.71,8.65
22/10/2021 17:00,7.2,9.23
22/10/2021 18:00,8.12,8.88
22/10/2021 19:00,12.31,8.9
22/10/2021 20:00,12.72,8.7
22/10/2021 21:00,11.99,8.18
22/10/2021 22:00,11.78,7.67
22/10/2021 23:00,11.56,7.43
23/10/2021 00:00,11.08,7.02
23/10/2021 01:00,10.81,6.75
23/10/2021 02:00,11.63,6.58
23/10/2021 03:00,10.69,6.68
23/10/2021 04:00,10.26,6.71
23/10/2021 05:00,10.86,6.78
23/10/2021 06:00,11.52,7.23
23/10/2021 07:00,11.47,8.43
23/10/2021 08:00,13.16,9.85
23/10/2021 09:00,12.79,10.53
23/10/2021 10:00,13.24,10.31
23/10/2021 11:00,13.57,9.79
23/10/2021 12:00,12.9,9.28
23/10/2021 13:00,13.59,9.23
23/10/2021 14:00,13.34,9.21
23/10/2021 15:00,12.25,9.29
23/10/2021 16:00,12.21,9.25
23/10/2021 17:00,12.25,9.94
23/10/2021 18:00,12.55,9.35
23/10/2021 19:00,12.78,8.73
23/10/2021 20:00,12.34,8.77
23/10/2021 21:00,11.83,8
23/10/2021 22:00,10.69,7.7
23/10/2021 23:00,9.64,7.42
24/10/2021 00:00,8.56,7.33
24/10/2021 01:00,7.45,6.83
24/10/2021 02:00,7.2,6.62
24/10/2021 03:00,7.31,6.62
24/10/2021 04:00,7.48,6.63
24/10/2021 05:00,8.36,6.66
24/10/2021 06:00,9.59,7.16
24/10/2021 07:00,10.69,7.8
24/10/2021 08:00,12.51,9.4
24/10/2021 09:00,12.49,10.8
24/10/2021 10:00,12.98,10.82
24/10/2021 11:00,12.6,10.92
24/10/2021 12:00,11.83,10.02
24/10/2021 13:00,11.74,8.94
24/10/2021 14:00,11.62,9.12
24/10/2021 15:00,10.68,9.4
24/10/2021 16:00,8.92,9.73
24/10/2021 17:00,7.43,9.39
24/10/2021 18:00,6.73,9.57
24/10/2021 19:00,7.58,9.39
24/10/2021 20:00,8.91,9.4
24/10/2021 21:00,7.99,8.81
24/10/2021 22:00,6.05,8.34
24/10/2021 23:00,5.98,7.81
25/10/2021 00:00,5.82,7.29
25/10/2021 01:00,5.65,7.09
25/10/2021 02:00,5.88,6.91
25/10/2021 03:00,6.45,6.9
25/10/2021 04:00,4.95,7
25/10/2021 05:00,5.53,7.6
25/10/2021 06:00,7.94,8.47
25/10/2021 07:00,13.81,9.92
25/10/2021 08:00,13.99,9.6
25/10/2021 09:00,13.98,9.15
25/10/2021 10:00,12.75,8.84
25/10/2021 11:00,11.44,8.77
25/10/2021 12:00,11.41,8.56
25/10/2021 13:00,10.79,8.6
25/10/2021 14:00,11.4,8.38
25/10/2021 15:00,13.47,8.59
25/10/2021 16:00,11.69,8.28
25/10/2021 17:00,10.63,8.45
25/10/2021 18:00,9.29,9.02
25/10/2021 19:00,9.04,9.17
25/10/2021 20:00,9.22,8.99
25/10/2021 21:00,7.78,8.49
25/10/2021 22:00,5.62,8.05
25/10/2021 23:00,5.57,7.43
26/10/2021 00:00,4.95,6.94
26/10/2021 01:00,4.24,6.72
26/10/2021 02:00,16.4,6.6
26/10/2021 03:00,5.75,6.92
26/10/2021 04:00,5.31,7
26/10/2021 05:00,8.52,6.95
26/10/2021 06:00,7.98,8.28
26/10/2021 07:00,13.95,9.39
26/10/2021 08:00,14.1,9.4
26/10/2021 09:00,14.51,8.66
26/10/2021 10:00,10.16,8.72
26/10/2021 11:00,11.19,8.13
26/10/2021 12:00,11.54,8.48
26/10/2021 13:00,11.19,8.8
26/10/2021 14:00,11.75,8.6
26/10/2021 15:00,11.16,8.41
26/10/2021 16:00,10.35,8.78
26/10/2021 17:00,10.7,8.89
26/10/2021 18:00,11.64,8.57
26/10/2021 19:00,11.93,9.07
26/10/2021 20:00,12.53,9.29
26/10/2021 21:00,11.86,8.83
26/10/2021 22:00,9.34,7.99
26/10/2021 23:00,6.79,7.4
27/10/2021 00:00,9.51,7.1
27/10/2021 01:00,7.86,6.77
27/10/2021 02:00,7.55,6.67
27/10/2021 03:00,7.28,6.77
27/10/2021 04:00,7.54,6.8
27/10/2021 05:00,8.43,6.9
27/10/2021 06:00,10.03,8.21
27/10/2021 07:00,13.34,9.51
27/10/2021 08:00,11.76,9.69
27/10/2021 09:00,10.94,9.72
27/10/2021 10:00,12.33,9.05
27/10/2021 11:00,12.57,8.68
27/10/2021 12:00,10.45,9.11
27/10/2021 13:00,10.58,9.09
27/10/2021 14:00,10.46,9.25
27/10/2021 15:00,10.82,8.73
27/10/2021 16:00,10.41,8.78
27/10/2021 17:00,8.25,8.79
27/10/2021 18:00,7.92,8.87
27/10/2021 19:00,8.7,9
27/10/2021 20:00,9.54,9.16
27/10/2021 21:00,9.3,8.35
27/10/2021 22:00,8.15,8.1
27/10/2021 23:00,7.21,7.39
28/10/2021 00:00,6.23,7.23
28/10/2021 01:00,5.87,6.88
28/10/2021 02:00,6.51,6.71
28/10/2021 03:00,7.24,6.74
28/10/2021 04:00,6.21,6.69
28/10/2021 05:00,6.2,7.06
28/10/2021 06:00,6.82,8.2
28/10/2021 07:00,10.28,9.31
28/10/2021 08:00,11.08,9.79
28/10/2021 09:00,11.27,9.56
28/10/2021 10:00,11.48,9.51
28/10/2021 11:00,10.88,9.31
28/10/2021 12:00,11.12,9.51
28/10/2021 13:00,11.7,8.77
28/10/2021 14:00,13.15,9.56
28/10/2021 15:00,12.14,9
28/10/2021 16:00,10.08,8.41
28/10/2021 17:00,9.87,9.05
28/10/2021 18:00,8.98,8.65
28/10/2021 19:00,9.2,9.28
28/10/2021 20:00,8.71,8.94
28/10/2021 21:00,8.23,8.46
28/10/2021 22:00,6.63,7.93
28/10/2021 23:00,5.83,7.86
29/10/2021 00:00,5.41,7.24
29/10/2021 01:00,5.02,6.95
29/10/2021 02:00,6.1,6.76
29/10/2021 03:00,6.8,6.81
29/10/2021 04:00,6.38,6.89
29/10/2021 05:00,6.46,7.03
29/10/2021 06:00,7.94,7.97
29/10/2021 07:00,10.25,9.6
29/10/2021 08:00,11.42,9.47
29/10/2021 09:00,11.3,9.49
29/10/2021 10:00,12.39,9.2
29/10/2021 11:00,12.05,8.83
29/10/2021 12:00,12.04,8.87
29/10/2021 13:00,13.12,9.5
29/10/2021 14:00,9.72,9.32
29/10/2021 15:00,17.6,9.08
29/10/2021 16:00,8.47,8.58
29/10/2021 17:00,7.17,8.77
29/10/2021 18:00,7.05,8.92
29/10/2021 19:00,7.83,8.65
29/10/2021 20:00,9.01,8.68
29/10/2021 21:00,8.17,8.44
29/10/2021 22:00,6.88,8.17
29/10/2021 23:00,6.4,7.39
30/10/2021 00:00,5.6,7.25
30/10/2021 01:00,5.23,6.92
30/10/2021 02:00,6.03,6.63
30/10/2021 03:00,5.43,6.7
30/10/2021 04:00,4.05,6.72
30/10/2021 05:00,4.43,7.05
30/10/2021 06:00,6.77,7.39
30/10/2021 07:00,8.16,8.69
30/10/2021 08:00,8.47,10.09
30/10/2021 09:00,9.77,10.66
30/10/2021 10:00,10.23,10.06
30/10/2021 11:00,8.74,9.29
30/10/2021 12:00,8.8,9.12
30/10/2021 13:00,8.73,9.02
30/10/2021 14:00,8.43,9.46
30/10/2021 15:00,7.33,8.94
30/10/2021 16:00,6.97,9.74
30/10/2021 17:00,6.47,10.24
30/10/2021 18:00,6.72,9.5
30/10/2021 19:00,7.34,9.3
30/10/2021 20:00,7.81,9.17
30/10/2021 21:00,7.3,8.53
30/10/2021 22:00,7.62,7.87
30/10/2021 23:00,6.83,7.64
31/10/2021 00:00,6.72,7.5
31/10/2021 01:00,6.68,7.12
31/10/2021 02:00,6.55,7.31
31/10/2021 02:00,6.48,7.25
31/10/2021 03:00,6.23,7.14
31/10/2021 04:00,6.24,7.1
31/10/2021 05:00,6.33,7.26
31/10/2021 06:00,7.48,7.98
31/10/2021 07:00,10.14,8.96
31/10/2021 08:00,9.36,9.92
31/10/2021 09:00,10.41,10.5
31/10/2021 10:00,9.43,10.57
31/10/2021 11:00,9.47,10.11
31/10/2021 12:00,8.3,9.44
31/10/2021 13:00,7.83,9.62
31/10/2021 14:00,8.28,9.77
31/10/2021 15:00,8.64,9.27
31/10/2021 16:00,9.39,8.87
31/10/2021 17:00,8.75,9.05
31/10/2021 18:00,8.6,8.6
31/10/2021 19:00,8.61,8.52
31/10/2021 20:00,9.04,8.34
31/10/2021 21:00,8.31,8.09
31/10/2021 22:00,10.46,7.45
31/10/2021 23:00,12.66,7.46
1/11/2021 0:00,5.94,7.14
1/11/2021 1:00,5.91,7.01
1/11/2021 2:00,6.38,6.91
1/11/2021 3:00,5.6,6.64
1/11/2021 4:00,6.56,6.65
1/11/2021 5:00,6.89,6.79
1/11/2021 6:00,7.21,7.27
1/11/2021 7:00,9.61,8.36
1/11/2021 8:00,9.97,9.59
1/11/2021 9:00,10.21,10.56
1/11/2021 10:00,10.2,9.58
1/11/2021 11:00,10.02,9.44
1/11/2021 12:00,9.4,8.81
1/11/2021 13:00,9.55,8.88
1/11/2021 14:00,8.27,8.68
1/11/2021 15:00,8.25,8.44
1/11/2021 16:00,7.63,8.38
1/11/2021 17:00,7.34,8.66
1/11/2021 18:00,8.12,8.97
1/11/2021 19:00,9.26,8.56
1/11/2021 20:00,8.38,8.73
1/11/2021 21:00,7.84,8.08
1/11/2021 22:00,6.93,7.81
1/11/2021 23:00,6.98,7.11
2/11/2021 0:00,6.08,6.84
2/11/2021 1:00,17.37,7.05
2/11/2021 2:00,6.94,6.97
2/11/2021 3:00,5.68,6.74
2/11/2021 4:00,5.21,6.9
2/11/2021 5:00,5.07,6.99
2/11/2021 6:00,6.52,7.64
2/11/2021 7:00,9.86,8.85
2/11/2021 8:00,9.89,9.63
2/11/2021 9:00,10.64,9.07
2/11/2021 10:00,10.84,8.82
2/11/2021 11:00,10.73,9
2/11/2021 12:00,NaN,8.8
2/11/2021 13:00,11.23,8.86
2/11/2021 14:00,11.33,9.06
2/11/2021 15:00,11.24,8.42
2/11/2021 16:00,9.99,8.49
2/11/2021 17:00,10.03,8.63
2/11/2021 18:00,9.21,8.54
2/11/2021 19:00,8.75,8.54
2/11/2021 20:00,9.4,8.61
2/11/2021 21:00,7.77,8.56
2/11/2021 22:00,6.94,7.73
2/11/2021 23:00,7,7.38
3/11/2021 0:00,7.29,7
3/11/2021 1:00,7.63,7.04
3/11/2021 2:00,8.44,7.01
3/11/2021 3:00,9.14,6.61
3/11/2021 4:00,7.02,6.83
3/11/2021 5:00,7.72,6.86
3/11/2021 6:00,8.11,7.73
3/11/2021 7:00,11.01,9.26
3/11/2021 8:00,10.99,9.79
3/11/2021 9:00,9.76,9.55
3/11/2021 10:00,9.22,9.03
3/11/2021 11:00,8.63,8.91
3/11/2021 12:00,8.69,8.8
3/11/2021 13:00,8.8,8.78
3/11/2021 14:00,8.42,8.67
3/11/2021 15:00,7.94,8.79
3/11/2021 16:00,NaN,8.46
3/11/2021 17:00,8.55,8.12
3/11/2021 18:00,8.66,8.58
3/11/2021 19:00,8.84,8.98
3/11/2021 20:00,9.26,8.88
3/11/2021 21:00,8.4,8.47
3/11/2021 22:00,7.63,7.66
3/11/2021 23:00,7.25,7.39
4/11/2021 0:00,7.55,6.98
4/11/2021 1:00,7.25,7.15
4/11/2021 2:00,7.18,6.94
4/11/2021 3:00,6.31,6.73
4/11/2021 4:00,6.41,6.78
4/11/2021 5:00,6.94,6.99
4/11/2021 6:00,9.3,8.09
4/11/2021 7:00,12.02,9.59
4/11/2021 8:00,12.67,9.33
4/11/2021 9:00,11.21,9.24
4/11/2021 10:00,12.38,8.7
4/11/2021 11:00,13.23,8.67
4/11/2021 12:00,12.12,8.54
4/11/2021 13:00,11.03,8.62
4/11/2021 14:00,10.59,8.29
4/11/2021 15:00,10.29,8.32
4/11/2021 16:00,8.7,8.12
4/11/2021 17:00,9.43,8.4
4/11/2021 18:00,9.7,8.47
4/11/2021 19:00,9.48,8.79
4/11/2021 20:00,9.85,9.42
4/11/2021 21:00,8.36,8.48
4/11/2021 22:00,6.87,7.69
4/11/2021 23:00,7,7.39
5/11/2021 0:00,6.45,7.09
5/11/2021 1:00,6.77,7.09
5/11/2021 2:00,7.33,6.91
5/11/2021 3:00,6.32,6.67
5/11/2021 4:00,6.41,6.79
5/11/2021 5:00,6.1,6.94
5/11/2021 6:00,7.7,8.47
5/11/2021 7:00,10.27,9.82
5/11/2021 8:00,10.5,9.28
5/11/2021 9:00,10.51,8.95
5/11/2021 10:00,10.91,8.63
5/11/2021 11:00,11.04,8.4
5/11/2021 12:00,10.28,8.44
5/11/2021 13:00,11.05,8.68
5/11/2021 14:00,10.89,8.63
5/11/2021 15:00,10.45,8.74
5/11/2021 16:00,9.45,8.38
5/11/2021 17:00,8.89,8.35
5/11/2021 18:00,9.22,8.32
5/11/2021 19:00,9.83,8.56
5/11/2021 20:00,9.55,8.99
5/11/2021 21:00,8.06,7.98
5/11/2021 22:00,6.42,7.45
5/11/2021 23:00,6.11,7.59
6/11/2021 0:00,5.55,7.2
6/11/2021 1:00,6.76,7.12
6/11/2021 2:00,7.44,6.98
6/11/2021 3:00,6.31,6.71
6/11/2021 4:00,6.27,6.75
6/11/2021 5:00,7.03,6.98
6/11/2021 6:00,8.02,7.46
6/11/2021 7:00,9.58,8.46
6/11/2021 8:00,10.63,10.23
6/11/2021 9:00,11.06,9.53
6/11/2021 10:00,9.83,9.8
6/11/2021 11:00,9,9.7
6/11/2021 12:00,9.73,9.46
6/11/2021 13:00,9.38,9.59
6/11/2021 14:00,9.32,9.25
6/11/2021 15:00,8.91,9.05
6/11/2021 16:00,8.98,8.73
6/11/2021 17:00,8.66,8.88
6/11/2021 18:00,9.07,8.72
6/11/2021 19:00,9.38,8.78
6/11/2021 20:00,9.59,8.56
6/11/2021 21:00,8.67,8.19
6/11/2021 22:00,8.01,7.71
6/11/2021 23:00,7.37,7.45
7/11/2021 0:00,7.01,7.1
7/11/2021 1:00,6.66,6.91
7/11/2021 2:00,6.54,6.85
7/11/2021 3:00,5.31,6.6
7/11/2021 4:00,5.39,6.69
7/11/2021 5:00,5.82,6.86
7/11/2021 6:00,6.7,7.18
7/11/2021 7:00,8.91,8.38
7/11/2021 8:00,10.07,9.78
7/11/2021 9:00,10.2,10.99
7/11/2021 10:00,10.57,11
7/11/2021 11:00,10.31,10.16
7/11/2021 12:00,9.83,9.61
7/11/2021 13:00,10.57,9.12
7/11/2021 14:00,10.79,9.05
7/11/2021 15:00,10.24,8.6
7/11/2021 16:00,7.88,8.88
7/11/2021 17:00,7.76,8.88
7/11/2021 18:00,8.21,8.8
7/11/2021 19:00,8.56,8.93
7/11/2021 20:00,9.16,8.76
7/11/2021 21:00,8.57,8.18
7/11/2021 22:00,7.65,7.83
7/11/2021 23:00,10.11,7.56
8/11/2021 0:00,16.29,6.9
8/11/2021 1:00,6.45,7.15
8/11/2021 2:00,6.35,6.98
8/11/2021 3:00,6.99,6.71
8/11/2021 4:00,6.43,6.77
8/11/2021 5:00,7.15,7.08
8/11/2021 6:00,9.17,8.22
8/11/2021 7:00,11.14,9.55
8/11/2021 8:00,10.86,9.07
8/11/2021 9:00,10.57,8.9
8/11/2021 10:00,11.81,8.39
8/11/2021 11:00,11.41,8.5
8/11/2021 12:00,11.42,8.3
8/11/2021 13:00,11.39,8.55
8/11/2021 14:00,11.11,8.46
8/11/2021 15:00,11.64,8.31
8/11/2021 16:00,10.69,7.94
8/11/2021 17:00,10.55,8.17
8/11/2021 18:00,9.79,8.25
8/11/2021 19:00,10.07,8.98
8/11/2021 20:00,9.92,9.21
8/11/2021 21:00,9.74,8.47
8/11/2021 22:00,7.14,7.97
8/11/2021 23:00,6.29,7.51
9/11/2021 0:00,5.99,7.23
9/11/2021 1:00,6.42,7.2
9/11/2021 2:00,17.08,7.25
9/11/2021 3:00,5.59,7.06
9/11/2021 4:00,6.68,7.04
9/11/2021 5:00,6.92,7.19
9/11/2021 6:00,8.36,8.61
9/11/2021 7:00,11.48,9.76
9/11/2021 8:00,11.62,9.81
9/11/2021 9:00,11.64,9.43
9/11/2021 10:00,11.73,8.53
9/11/2021 11:00,11.03,8.99
9/11/2021 12:00,11.04,8.72
9/11/2021 13:00,10.46,8.64
9/11/2021 14:00,11.16,8.62
9/11/2021 15:00,10.1,8.27
9/11/2021 16:00,8.64,8.47
9/11/2021 17:00,8.39,8.3
9/11/2021 18:00,8.56,8.68
9/11/2021 19:00,9.98,9.18
9/11/2021 20:00,10.65,9.2
9/11/2021 21:00,9.15,8.8
9/11/2021 22:00,7.88,7.92
9/11/2021 23:00,7.61,7.54
10/11/2021 0:00,7.07,6.99
10/11/2021 1:00,6.78,6.91
10/11/2021 2:00,6.45,6.73
10/11/2021 3:00,5.9,6.85
10/11/2021 4:00,5.18,6.94
10/11/2021 5:00,5.68,7.13
10/11/2021 6:00,7.43,8.36
10/11/2021 7:00,10.33,10.27
10/11/2021 8:00,10.55,9.81
10/11/2021 9:00,10.87,9.3
10/11/2021 10:00,11.88,9.32
10/11/2021 11:00,11.9,8.18
10/11/2021 12:00,11.48,8.36
10/11/2021 13:00,11.17,8.24
10/11/2021 14:00,11.89,8.33
10/11/2021 15:00,10.57,8.41
10/11/2021 16:00,9.23,8.16
10/11/2021 17:00,9.11,8.06
10/11/2021 18:00,8.48,8.33
10/11/2021 19:00,8.9,8.81
10/11/2021 20:00,9.48,8.46
10/11/2021 21:00,7.85,8.53
10/11/2021 22:00,7.46,7.78
10/11/2021 23:00,7.12,7.26
11/11/2021 0:00,6.91,7.02
11/11/2021 1:00,7.37,6.64
11/11/2021 2:00,7.47,6.55
11/11/2021 3:00,6.11,6.81
11/11/2021 4:00,5.99,7.01
11/11/2021 5:00,6.75,6.98
11/11/2021 6:00,8.44,8.07
11/11/2021 7:00,11.53,9.46
11/11/2021 8:00,10.73,9.36
11/11/2021 9:00,10.56,9.47
11/11/2021 10:00,10.79,8.36
11/11/2021 11:00,10.37,8.84
11/11/2021 12:00,10.68,8.21
11/11/2021 13:00,10.52,8.53
11/11/2021 14:00,10.86,8.68
11/11/2021 15:00,9.97,8.57
11/11/2021 16:00,8.37,8.08
11/11/2021 17:00,9.26,8.58
11/11/2021 18:00,8.73,8.59
11/11/2021 19:00,9.45,9.22
11/11/2021 20:00,9.35,9.38
11/11/2021 21:00,8.31,8.5
11/11/2021 22:00,7.33,8.05
11/11/2021 23:00,6.86,7.61
12/11/2021 0:00,5.5,7.02
12/11/2021 1:00,4.61,6.78
12/11/2021 2:00,5.55,6.68
12/11/2021 3:00,7.76,6.71
12/11/2021 4:00,7.96,6.95
12/11/2021 5:00,6.52,7.02
12/11/2021 6:00,8.37,8.35
12/11/2021 7:00,10.93,9.7
12/11/2021 8:00,10.57,9.73
12/11/2021 9:00,11.19,9.19
12/11/2021 10:00,11.44,8.55
12/11/2021 11:00,10.78,8.54
12/11/2021 12:00,10.31,7.96
12/11/2021 13:00,10.15,8.31
12/11/2021 14:00,10.7,8.47
12/11/2021 15:00,10.28,8.23
12/11/2021 16:00,8.41,8.31
12/11/2021 17:00,8.08,8.34
12/11/2021 18:00,7.37,8.02
12/11/2021 19:00,9.46,8.98
12/11/2021 20:00,9.51,8.7
12/11/2021 21:00,8.33,8.14
12/11/2021 22:00,7.16,7.64
12/11/2021 23:00,6.86,7.35
13/11/2021 00:00,6.6,7.05
13/11/2021 01:00,7.25,6.7
13/11/2021 02:00,7.07,6.5
13/11/2021 03:00,5.96,6.6
13/11/2021 04:00,5.9,6.77
13/11/2021 05:00,5.63,6.67
13/11/2021 06:00,6.1,7.07
13/11/2021 07:00,8.3,8.54
13/11/2021 08:00,8.99,9.23
13/11/2021 09:00,10.14,9.91
13/11/2021 10:00,9.72,8.94
13/11/2021 11:00,9.33,8.95
13/11/2021 12:00,9.24,8.97
13/11/2021 13:00,9.98,8.84
13/11/2021 14:00,9.88,9.07
13/11/2021 15:00,9.85,8.76
13/11/2021 16:00,9.39,8.57
13/11/2021 17:00,8.97,8.95
13/11/2021 18:00,8.97,8.73
13/11/2021 19:00,8.96,8.63
13/11/2021 20:00,8.13,8.67
13/11/2021 21:00,7.35,7.92
13/11/2021 22:00,6.86,7.66
13/11/2021 23:00,5.93,7.53
14/11/2021 00:00,5.96,6.27
14/11/2021 01:00,5.81,6.84
14/11/2021 02:00,6.57,6.64
14/11/2021 03:00,6.35,6.6
14/11/2021 04:00,6.52,6.62
14/11/2021 05:00,6.85,6.7
14/11/2021 06:00,8.14,7.14
14/11/2021 07:00,8.95,7.99
14/11/2021 08:00,9.95,9.34
14/11/2021 09:00,10.58,10.61
14/11/2021 10:00,10.53,10.27
14/11/2021 11:00,8.83,10.18
14/11/2021 12:00,8.9,9.69
14/11/2021 13:00,8.17,9.69
14/11/2021 14:00,8.69,8.82
14/11/2021 15:00,7.71,8.36
14/11/2021 16:00,7.75,8.59
14/11/2021 17:00,7.34,8.56
14/11/2021 18:00,8.18,8.65
14/11/2021 19:00,9.39,8.52
14/11/2021 20:00,9.13,8.58
14/11/2021 21:00,7.74,8.16
14/11/2021 22:00,6.98,7.71
14/11/2021 23:00,10.14,7.49
15/11/2021 00:00,15.44,6.8
15/11/2021 01:00,6.66,6.69
15/11/2021 02:00,6.07,6.57
15/11/2021 03:00,6.14,6.58
15/11/2021 04:00,5.16,6.66
15/11/2021 05:00,5.44,7.06
15/11/2021 06:00,7.21,8.12
15/11/2021 07:00,10.91,9.68
15/11/2021 08:00,11.45,9.19
15/11/2021 09:00,11.28,9.04
15/11/2021 10:00,11.4,8.58
15/11/2021 11:00,10.7,8.29
15/11/2021 12:00,10.96,8.73
15/11/2021 13:00,11.08,8.87
15/11/2021 14:00,10.48,8.75
15/11/2021 15:00,10.09,8.31
15/11/2021 16:00,8.72,7.92
15/11/2021 17:00,8.2,8.32
15/11/2021 18:00,7.94,8.61
15/11/2021 19:00,8.72,9.06
15/11/2021 20:00,8.43,8.94
15/11/2021 21:00,7.81,8.39
15/11/2021 22:00,7.07,7.79
15/11/2021 23:00,7.06,7.44
16/11/2021 00:00,6.47,6.79
16/11/2021 01:00,6.92,6.71
16/11/2021 02:00,16.43,6.68
16/11/2021 03:00,5.98,6.89
16/11/2021 04:00,5.63,7.11
16/11/2021 05:00,6.42,7.26
16/11/2021 06:00,7.96,7.95
16/11/2021 07:00,10.17,9.87
16/11/2021 08:00,10.72,9.63
16/11/2021 09:00,10.15,9.2
16/11/2021 10:00,10.54,8.24
16/11/2021 11:00,11.1,8.29
16/11/2021 12:00,11.16,7.97
16/11/2021 13:00,10.26,8.42
16/11/2021 14:00,10.45,8.5
16/11/2021 15:00,10.2,8.19
16/11/2021 16:00,9.06,8.05
16/11/2021 17:00,8.94,8.19
16/11/2021 18:00,8.23,8.32
16/11/2021 19:00,9.58,8.5
16/11/2021 20:00,9.52,8.56
16/11/2021 21:00,8,8.5
16/11/2021 22:00,6.92,7.81
16/11/2021 23:00,6.1,7.26
17/11/2021 00:00,6.07,6.95
17/11/2021 01:00,7.43,6.67
17/11/2021 02:00,8.2,6.6
17/11/2021 03:00,5.07,6.77
17/11/2021 04:00,4.98,6.82
17/11/2021 05:00,5.88,6.87
17/11/2021 06:00,7.2,8.15
17/11/2021 07:00,9.4,9.73
17/11/2021 08:00,9.27,9.29
17/11/2021 09:00,9.57,9.15
17/11/2021 10:00,9.54,8.78
17/11/2021 11:00,9.11,8.42
17/11/2021 12:00,9.53,8.9
17/11/2021 13:00,9.59,8.46
17/11/2021 14:00,10.17,8.62
17/11/2021 15:00,9.95,8.28
17/11/2021 16:00,8.65,8.17
17/11/2021 17:00,8.09,8.02
17/11/2021 18:00,8.23,8.25
17/11/2021 19:00,9.34,8.72
17/11/2021 20:00,9.3,8.72
17/11/2021 21:00,7.32,8.6
17/11/2021 22:00,5.08,7.87
17/11/2021 23:00,4.93,7.35
18/11/2021 00:00,4.41,6.95
18/11/2021 01:00,4.97,6.7
18/11/2021 02:00,4.51,6.82
18/11/2021 03:00,4.87,6.68
18/11/2021 04:00,5.12,6.83
18/11/2021 05:00,5.41,7.06
18/11/2021 06:00,6.93,8.09
18/11/2021 07:00,9.4,9.39
18/11/2021 08:00,9.19,9.55
18/11/2021 09:00,8.89,9.09
18/11/2021 10:00,9.81,9.01
18/11/2021 11:00,9.91,8.69
18/11/2021 12:00,9.43,8.36
18/11/2021 13:00,9.97,8.83
18/11/2021 14:00,10.41,8.63
18/11/2021 15:00,10.37,8.88
18/11/2021 16:00,8.22,8.21
18/11/2021 17:00,6.33,8.23
18/11/2021 18:00,6.98,8.63
18/11/2021 19:00,8.35,9.02
18/11/2021 20:00,8.91,9.05
18/11/2021 21:00,7.41,7.98
18/11/2021 22:00,6.2,7.52
18/11/2021 23:00,5.97,7.28
19/11/2021 00:00,5.63,6.98
19/11/2021 01:00,5.28,6.74
19/11/2021 02:00,5.49,6.58
19/11/2021 03:00,6.31,6.87
19/11/2021 04:00,5.05,6.91
19/11/2021 05:00,7.19,6.91
19/11/2021 06:00,8.31,8.17
19/11/2021 07:00,9.31,9.55
19/11/2021 08:00,9.58,9.68
19/11/2021 09:00,10.26,8.91
19/11/2021 10:00,10.91,8.88
19/11/2021 11:00,10.75,8.95
19/11/2021 12:00,9.53,9.05
19/11/2021 13:00,9.56,8.46
19/11/2021 14:00,10.01,8.88
19/11/2021 15:00,9.12,8.35
19/11/2021 16:00,8.11,8.39
19/11/2021 17:00,7.26,8.4
19/11/2021 18:00,7.48,8.54
19/11/2021 19:00,8.62,8.88
19/11/2021 20:00,9.36,8.5
19/11/2021 21:00,7.8,8.42
19/11/2021 22:00,6.96,7.72
19/11/2021 23:00,6.62,7.45
20/11/2021 00:00,6.29,6.95
20/11/2021 01:00,7.44,6.65
20/11/2021 02:00,6.67,6.61
20/11/2021 03:00,5.45,6.87
20/11/2021 04:00,5.85,6.99
20/11/2021 05:00,5.78,6.88
20/11/2021 06:00,6.58,7.34
20/11/2021 07:00,7.79,8.89
20/11/2021 08:00,8.3,9.48
20/11/2021 09:00,9.01,9.81
20/11/2021 10:00,8.99,9.66
20/11/2021 11:00,9.12,9.51
20/11/2021 12:00,7.87,9.96
20/11/2021 13:00,8.84,9.94
20/11/2021 14:00,8.59,9.59
20/11/2021 15:00,8.59,9.06
20/11/2021 16:00,8.09,8.72
20/11/2021 17:00,7.58,8.7
20/11/2021 18:00,7.22,8.47
20/11/2021 19:00,8.63,8.48
20/11/2021 20:00,8.78,8.69
20/11/2021 21:00,7.18,8.05
20/11/2021 22:00,5.89,7.52
20/11/2021 23:00,5.62,7.61
21/11/2021 00:00,5.28,7.34
21/11/2021 01:00,4.67,6.87
21/11/2021 02:00,5.59,6.79
21/11/2021 03:00,5.88,6.68
21/11/2021 04:00,6.34,6.63
21/11/2021 05:00,5.91,6.79
21/11/2021 06:00,6.58,7.08
21/11/2021 07:00,7.95,8.13
21/11/2021 08:00,8.65,9.27
21/11/2021 09:00,9.13,10.11
21/11/2021 10:00,9.36,10.06
21/11/2021 11:00,8.97,9.81
21/11/2021 12:00,7.85,9.9
21/11/2021 13:00,8.07,9.31
21/11/2021 14:00,8.42,9.29
21/11/2021 15:00,7.12,8.76
21/11/2021 16:00,7.01,9.03
21/11/2021 17:00,6.73,8.94
21/11/2021 18:00,6.81,8.74
21/11/2021 19:00,8.07,8.75
21/11/2021 20:00,8.96,9.01
21/11/2021 21:00,7.84,8.44
21/11/2021 22:00,6.4,7.81
21/11/2021 23:00,NaN,7.47
22/11/2021 00:00,13.22,6.94
22/11/2021 01:00,5.51,6.7
22/11/2021 02:00,5.48,6.64
22/11/2021 03:00,5.05,6.62
22/11/2021 04:00,3.82,6.69
22/11/2021 05:00,4.52,7.07
22/11/2021 06:00,6.29,8.25
22/11/2021 07:00,9.48,9.49
22/11/2021 08:00,9.74,9.41
22/11/2021 09:00,9.99,9.13
22/11/2021 10:00,10.86,8.74
22/11/2021 11:00,11.05,8.51
22/11/2021 12:00,10.51,8.56
22/11/2021 13:00,10.81,8.54
22/11/2021 14:00,10.68,8.53
22/11/2021 15:00,9.75,8.35
22/11/2021 16:00,8.06,8.5
22/11/2021 17:00,7.26,8.29
22/11/2021 18:00,7.47,8.52
22/11/2021 19:00,8.18,8.9
22/11/2021 20:00,9.21,9.02
22/11/2021 21:00,7.35,8.42
22/11/2021 22:00,6.85,7.83
22/11/2021 23:00,6.75,7.35
23/11/2021 00:00,5.85,7.04
23/11/2021 01:00,7.09,6.82
23/11/2021 02:00,19.96,6.83
23/11/2021 03:00,5.82,6.84
23/11/2021 04:00,5.67,6.9
23/11/2021 05:00,5.65,7.06
23/11/2021 06:00,8.12,8.21
23/11/2021 07:00,10.28,9.35
23/11/2021 08:00,8.29,9.36
23/11/2021 09:00,8.8,8.79
23/11/2021 10:00,9.72,9.02
23/11/2021 11:00,9.73,8.16
23/11/2021 12:00,8.73,8.8
23/11/2021 13:00,7.99,8.49
23/11/2021 14:00,9.62,8.52
23/11/2021 15:00,8.36,8.55
23/11/2021 16:00,6.99,8.35
23/11/2021 17:00,6.62,8.36
23/11/2021 18:00,8.19,8.8
23/11/2021 19:00,8.1,8.83
23/11/2021 20:00,8.07,8.99
23/11/2021 21:00,6.71,8.61
23/11/2021 22:00,5.69,8.09
23/11/2021 23:00,5.24,7.66
24/11/2021 00:00,5.17,7.05
24/11/2021 01:00,5.2,6.87
24/11/2021 02:00,4.4,6.7
24/11/2021 03:00,3.18,6.88
24/11/2021 04:00,3.51,6.96
24/11/2021 05:00,4.38,7
24/11/2021 06:00,6.77,8.13
24/11/2021 07:00,8.64,9.84
24/11/2021 08:00,9.68,9.62
24/11/2021 09:00,10,9.16
24/11/2021 10:00,9.13,8.68
24/11/2021 11:00,9.69,8.59
24/11/2021 12:00,9.65,8.47
24/11/2021 13:00,9.39,9.22
24/11/2021 14:00,9.64,9.02
24/11/2021 15:00,8.31,9.04
24/11/2021 16:00,7.68,8.25
24/11/2021 17:00,7.71,8.4
24/11/2021 18:00,6.87,8.63
24/11/2021 19:00,7.32,9.21
24/11/2021 20:00,7.38,9.02
24/11/2021 21:00,6.27,8.6
24/11/2021 22:00,5.97,8.19
24/11/2021 23:00,5.46,7.69
25/11/2021 00:00,5.01,7.15
25/11/2021 01:00,5.73,6.94
25/11/2021 02:00,5.21,6.92
25/11/2021 03:00,4.23,7.25
25/11/2021 04:00,4.49,7.17
25/11/2021 05:00,4.98,7.18
25/11/2021 06:00,6.85,8.24
25/11/2021 07:00,9.07,9.51
25/11/2021 08:00,8.72,9.25
25/11/2021 09:00,8.88,8.98
25/11/2021 10:00,8.94,8.36
25/11/2021 11:00,9.07,8.29
25/11/2021 12:00,8.7,8.38
25/11/2021 13:00,9.16,8.54
25/11/2021 14:00,8.73,8.25
25/11/2021 15:00,8.3,8.1
25/11/2021 16:00,7.62,8.18
25/11/2021 17:00,7.99,8.31
25/11/2021 18:00,7.83,8.81
25/11/2021 19:00,8.32,8.83
25/11/2021 20:00,8.44,8.81
25/11/2021 21:00,6.73,8.35
25/11/2021 22:00,5.68,7.83
25/11/2021 23:00,4.38,7.42
26/11/2021 00:00,4.26,6.99
26/11/2021 01:00,3.8,6.81
26/11/2021 02:00,3.86,6.84
26/11/2021 03:00,4.63,6.66
26/11/2021 04:00,4.45,6.76
26/11/2021 05:00,5.16,7.06
26/11/2021 06:00,6.26,8.01
26/11/2021 07:00,8.93,9.25
26/11/2021 08:00,8.75,9.03
26/11/2021 09:00,9.18,8.7
26/11/2021 10:00,9.11,8.46
26/11/2021 11:00,9.32,8.49
26/11/2021 12:00,8.5,8.12
26/11/2021 13:00,8.12,8.42
26/11/2021 14:00,8.45,8.77
26/11/2021 15:00,7.65,7.97
26/11/2021 16:00,6.3,8.18
26/11/2021 17:00,6.35,8.07
26/11/2021 18:00,6.57,8.4
26/11/2021 19:00,8.46,8.63
26/11/2021 20:00,8.32,8.71
26/11/2021 21:00,7.99,8.46
26/11/2021 22:00,6.82,7.69
26/11/2021 23:00,6.43,7.65
27/11/2021 00:00,5.75,6.92
27/11/2021 01:00,6.02,6.85
27/11/2021 02:00,5.64,6.61
27/11/2021 03:00,3.84,6.91
27/11/2021 04:00,3.17,6.94
27/11/2021 05:00,3.55,6.85
27/11/2021 06:00,4,7.21
27/11/2021 07:00,5.43,8.46
27/11/2021 08:00,7.22,9.36
27/11/2021 09:00,7.55,10
27/11/2021 10:00,8.55,9.34
27/11/2021 11:00,7.48,9.15
27/11/2021 12:00,8.1,8.93
27/11/2021 13:00,7.94,8.85
27/11/2021 14:00,8.49,8.71
27/11/2021 15:00,6.38,8.7
27/11/2021 16:00,5.79,8.52
27/11/2021 17:00,5.79,8.63
27/11/2021 18:00,5.46,8.84
27/11/2021 19:00,5.84,8.5
27/11/2021 20:00,6.47,8.98
27/11/2021 21:00,5.88,8.28
27/11/2021 22:00,4.56,7.81
27/11/2021 23:00,4.92,7.79
28/11/2021 00:00,5.01,7.2
28/11/2021 01:00,4.53,7.11
28/11/2021 02:00,4.1,6.77
28/11/2021 03:00,4,6.71
28/11/2021 04:00,4.03,6.79
28/11/2021 05:00,4.49,6.79
28/11/2021 06:00,4.96,6.95
28/11/2021 07:00,6.2,7.72
28/11/2021 08:00,6.59,8.89
28/11/2021 09:00,8.14,10.35
28/11/2021 10:00,9.16,10.64
28/11/2021 11:00,8.12,10.35
28/11/2021 12:00,6.95,9.48
28/11/2021 13:00,7.69,9.57
28/11/2021 14:00,7.91,9.38
28/11/2021 15:00,6.89,8.52
28/11/2021 16:00,5.87,8.69
28/11/2021 17:00,7.03,8.87
28/11/2021 18:00,6.82,9.23
28/11/2021 19:00,7.58,8.68
28/11/2021 20:00,8.02,8.86
28/11/2021 21:00,7.05,8.58
28/11/2021 22:00,5.89,8.12
28/11/2021 23:00,9.31,7.37
29/11/2021 00:00,12.61,7.19
29/11/2021 01:00,4.36,6.85
29/11/2021 02:00,5.2,6.75
29/11/2021 03:00,5.89,6.66
29/11/2021 04:00,4.4,6.86
29/11/2021 05:00,5.9,7.32
29/11/2021 06:00,8.3,8.29
29/11/2021 07:00,11.01,9.58
29/11/2021 08:00,10.24,9.56
29/11/2021 09:00,10.61,9.35
29/11/2021 10:00,NaN,8.64
29/11/2021 11:00,NaN,8.69
29/11/2021 12:00,9.36,8.65
29/11/2021 13:00,10.29,8.66
29/11/2021 14:00,9.41,8.35
29/11/2021 15:00,8.47,8.32
29/11/2021 16:00,6.84,8.46
29/11/2021 17:00,5.99,8.53
29/11/2021 18:00,6.38,8.43
29/11/2021 19:00,7.1,9.01
29/11/2021 20:00,8.23,9.25
29/11/2021 21:00,6.85,8.76
29/11/2021 22:00,5.67,7.94
29/11/2021 23:00,5.14,7.61
30/11/2021 00:00,5.37,7.24
30/11/2021 01:00,5.67,7.12
30/11/2021 02:00,14.98,6.97
30/11/2021 03:00,4.33,6.95
30/11/2021 04:00,4.36,7.08
30/11/2021 05:00,4.59,7.36
30/11/2021 06:00,6.18,8.27
30/11/2021 07:00,8.07,9.54
30/11/2021 08:00,9.62,9.56
30/11/2021 09:00,9.62,9.29
30/11/2021 10:00,9.17,9.12
30/11/2021 11:00,8.83,8.84
30/11/2021 12:00,8.93,8.99
30/11/2021 13:00,9.72,9
30/11/2021 14:00,9.9,8.87
30/11/2021 15:00,9.5,8.68
30/11/2021 16:00,8.15,8.56
30/11/2021 17:00,7.68,8.88
30/11/2021 18:00,7.88,8.93
30/11/2021 19:00,8.27,9.01
30/11/2021 20:00,7.96,9.73
30/11/2021 21:00,6.82,9.16
30/11/2021 22:00,5.23,8.46
30/11/2021 23:00,4.67,7.79
1/12/2021 0:00,4.59,7.65
1/12/2021 1:00,4.08,7.15
1/12/2021 2:00,5.04,7.11
1/12/2021 3:00,5.05,7.04
1/12/2021 4:00,5.04,7.28
1/12/2021 5:00,5.55,7.51
1/12/2021 6:00,6.95,8.61
1/12/2021 7:00,9.86,10.12
1/12/2021 8:00,10.13,9.92
1/12/2021 9:00,10.35,9.2
1/12/2021 10:00,8.81,8.81
1/12/2021 11:00,9.51,8.46
1/12/2021 12:00,10.76,8.36
1/12/2021 13:00,11.51,8.59
1/12/2021 14:00,11.28,8.21
1/12/2021 15:00,9.8,7.91
1/12/2021 16:00,8.02,8.22
1/12/2021 17:00,7.77,8.15
1/12/2021 18:00,7.44,8.48
1/12/2021 19:00,8.3,8.98
1/12/2021 20:00,8.13,9.54
1/12/2021 21:00,6.68,8.57
1/12/2021 22:00,5.28,8.09
1/12/2021 23:00,5.14,7.52
2/12/2021 0:00,5.05,6.99
2/12/2021 1:00,5.73,6.74
2/12/2021 2:00,3.76,6.68
2/12/2021 3:00,3.01,6.75
2/12/2021 4:00,2.63,6.95
2/12/2021 5:00,3.3,7.03
2/12/2021 6:00,6.12,8.02
2/12/2021 7:00,8.71,9.42
2/12/2021 8:00,8.63,8.95
2/12/2021 9:00,9.08,8.99
2/12/2021 10:00,8.93,8.58
2/12/2021 11:00,8.95,8.34
2/12/2021 12:00,8.72,8.24
2/12/2021 13:00,8.66,8.19
2/12/2021 14:00,8.97,8.38
2/12/2021 15:00,8.16,8.12
2/12/2021 16:00,6.84,8.09
2/12/2021 17:00,6.1,8.13
2/12/2021 18:00,5.8,8.53
2/12/2021 19:00,6.63,8.67
2/12/2021 20:00,7.82,8.56
2/12/2021 21:00,7.09,8.44
2/12/2021 22:00,5.48,7.76
2/12/2021 23:00,5.35,7.57
3/12/2021 0:00,5.17,7.01
3/12/2021 1:00,4.58,6.63
3/12/2021 2:00,5.08,6.56
3/12/2021 3:00,6.18,6.96
3/12/2021 4:00,4.43,7.05
3/12/2021 5:00,5.51,6.97
3/12/2021 6:00,6.66,8.14
3/12/2021 7:00,7.61,9.45
3/12/2021 8:00,8.93,9.33
3/12/2021 9:00,8.62,9.03
3/12/2021 10:00,8.14,8.77
3/12/2021 11:00,8.63,8.45
3/12/2021 12:00,8.91,8.16
3/12/2021 13:00,8.87,8.72
3/12/2021 14:00,9.71,8.29
3/12/2021 15:00,9.22,8.4
3/12/2021 16:00,7.51,8.08
3/12/2021 17:00,7.38,8.12
3/12/2021 18:00,7.73,8.49
3/12/2021 19:00,8.1,8.8
3/12/2021 20:00,9.41,8.61
3/12/2021 21:00,7.24,8.32
3/12/2021 22:00,4.42,7.83
3/12/2021 23:00,4.1,7.68
4/12/2021 0:00,3.97,7.17
4/12/2021 1:00,4.3,6.73
4/12/2021 2:00,4.3,6.75
4/12/2021 3:00,4.31,7.01
4/12/2021 4:00,4.18,NaN
4/12/2021 5:00,4.41,6.86
4/12/2021 6:00,6.05,7.1
4/12/2021 7:00,7.51,8.3
4/12/2021 8:00,8.58,9.43
4/12/2021 9:00,9.08,10.15
4/12/2021 10:00,9.54,9.92
4/12/2021 11:00,8.7,9.49
4/12/2021 12:00,8.14,9.03
4/12/2021 13:00,7.21,8.82
4/12/2021 14:00,6.78,8.84
4/12/2021 15:00,6.88,8.66
4/12/2021 16:00,5.82,9.08
4/12/2021 17:00,5.79,8.8
4/12/2021 18:00,5.46,8.34
4/12/2021 19:00,7.06,8.51
4/12/2021 20:00,7,8.61
4/12/2021 21:00,6.55,8.36
4/12/2021 22:00,5.37,7.67
4/12/2021 23:00,4.73,7.35
5/12/2021 0:00,5.18,7
5/12/2021 1:00,4.6,6.86
5/12/2021 2:00,4.1,6.65
5/12/2021 3:00,4.14,6.62
5/12/2021 4:00,4,6.64
5/12/2021 5:00,3.54,6.7
5/12/2021 6:00,4.35,7.1
5/12/2021 7:00,5.6,7.98
5/12/2021 8:00,6.32,9.1
5/12/2021 9:00,6.97,9.78
5/12/2021 10:00,7.67,9.92
5/12/2021 11:00,7.22,9.94
5/12/2021 12:00,7.49,9.71
5/12/2021 13:00,7.61,8.73
5/12/2021 14:00,7.57,8.69
5/12/2021 15:00,7.04,8.82
5/12/2021 16:00,6.5,8.23
5/12/2021 17:00,6.72,8.69
5/12/2021 18:00,7.14,8.71
5/12/2021 19:00,6.6,8.88
5/12/2021 20:00,6.66,8.77
5/12/2021 21:00,5.94,8.46
5/12/2021 22:00,5.02,7.83
5/12/2021 23:00,8.32,7.52
6/12/2021 0:00,12.63,6.96
6/12/2021 1:00,4.3,6.71
6/12/2021 2:00,5.23,6.67
6/12/2021 3:00,5.82,6.65
6/12/2021 4:00,5.77,6.76
6/12/2021 5:00,7.1,7.15
6/12/2021 6:00,8.15,8.17
6/12/2021 7:00,8.69,9.5
6/12/2021 8:00,8.84,9.53
6/12/2021 9:00,10.05,9.35
6/12/2021 10:00,8.71,8.92
6/12/2021 11:00,8.52,8.42
6/12/2021 12:00,8.6,8.71
6/12/2021 13:00,9.22,8.77
6/12/2021 14:00,8.45,8.7
6/12/2021 15:00,7.59,8.67
6/12/2021 16:00,6.46,8.17
6/12/2021 17:00,6.59,8.23
6/12/2021 18:00,6.88,8.66
6/12/2021 19:00,7.87,9.34
6/12/2021 20:00,7.69,9.1
6/12/2021 21:00,6.89,8.79
6/12/2021 22:00,5.35,7.91
6/12/2021 23:00,5.86,7.47
7/12/2021 0:00,5.89,7.07
7/12/2021 1:00,4.85,6.8
7/12/2021 2:00,15.56,6.87
7/12/2021 3:00,3.41,7.16
7/12/2021 4:00,3.43,7.11
7/12/2021 5:00,4.46,7.21
7/12/2021 6:00,5.82,8.13
7/12/2021 7:00,9.19,9.33
7/12/2021 8:00,10.16,9.33
7/12/2021 9:00,10.36,8.94
7/12/2021 10:00,9.85,8.36
7/12/2021 11:00,9.25,8.6
7/12/2021 12:00,9.6,8.46
7/12/2021 13:00,9.04,8.38
7/12/2021 14:00,8.82,8.29
7/12/2021 15:00,8.54,8.19
7/12/2021 16:00,8.4,8.09
7/12/2021 17:00,6.92,8.19
7/12/2021 18:00,6,8.4
7/12/2021 19:00,7.51,8.76
7/12/2021 20:00,7.55,8.62
7/12/2021 21:00,6.84,8.15
7/12/2021 22:00,5.29,7.53
7/12/2021 23:00,4.9,7.58
8/12/2021 0:00,5.08,7.04
8/12/2021 1:00,4.46,6.81
8/12/2021 2:00,4.55,6.68
8/12/2021 3:00,4.29,6.73
8/12/2021 4:00,4.2,6.84
8/12/2021 5:00,5.09,7.36
8/12/2021 6:00,5.74,7.52
8/12/2021 7:00,5.91,8.25
8/12/2021 8:00,7.14,9.24
8/12/2021 9:00,8.05,9.89
8/12/2021 10:00,8.04,9.49
8/12/2021 11:00,6.76,9.35
8/12/2021 12:00,7.57,9.15
8/12/2021 13:00,7.47,8.98
8/12/2021 14:00,7.8,8.93
8/12/2021 15:00,7.18,8.67
8/12/2021 16:00,7.17,8.31
8/12/2021 17:00,6.64,8.38
8/12/2021 18:00,6.15,8.54
8/12/2021 19:00,7.49,9.5
8/12/2021 20:00,8.4,8.97
8/12/2021 21:00,6.33,9.02
8/12/2021 22:00,4.48,8.45
8/12/2021 23:00,4.52,7.68
9/12/2021 0:00,4.17,7.13
9/12/2021 1:00,4.52,6.93
9/12/2021 2:00,4.32,6.75
9/12/2021 3:00,4.47,6.81
9/12/2021 4:00,4.37,7.01
9/12/2021 5:00,4.84,7.02
9/12/2021 6:00,6.65,8.28
9/12/2021 7:00,8.79,9.69
9/12/2021 8:00,9.12,8.94
9/12/2021 9:00,9,8.63
9/12/2021 10:00,9.17,8.56
9/12/2021 11:00,9.52,8.15
9/12/2021 12:00,9.14,8.29
9/12/2021 13:00,10.15,8.52
9/12/2021 14:00,9.61,8.42
9/12/2021 15:00,8.65,8.23
9/12/2021 16:00,8.07,8.13
9/12/2021 17:00,7.49,8.41
9/12/2021 18:00,7.77,8.56
9/12/2021 19:00,8.44,8.94
9/12/2021 20:00,9.5,9.01
9/12/2021 21:00,8.33,8.66
9/12/2021 22:00,6.68,7.8
9/12/2021 23:00,5.46,7.34
10/12/2021 0:00,5.4,7.09
10/12/2021 1:00,4.9,6.73
10/12/2021 2:00,4.87,6.76
10/12/2021 3:00,5.51,6.9
10/12/2021 4:00,3.69,6.92
10/12/2021 5:00,4.14,6.87
10/12/2021 6:00,5.95,7.98
10/12/2021 7:00,8.08,9.32
10/12/2021 8:00,9.11,9.2
10/12/2021 9:00,8.54,9.15
10/12/2021 10:00,10.62,8.54
10/12/2021 11:00,9.69,8.19
10/12/2021 12:00,9.27,8.04
10/12/2021 13:00,9.87,8.44
10/12/2021 14:00,9.95,8.51
10/12/2021 15:00,8.4,8.18
10/12/2021 16:00,7.91,8.06
10/12/2021 17:00,6.99,8.09
10/12/2021 18:00,6.1,8.23
10/12/2021 19:00,7.19,8.7
10/12/2021 20:00,7.84,8.52
10/12/2021 21:00,5.94,8.14
10/12/2021 22:00,4.36,7.95
10/12/2021 23:00,4.91,7.51
11/12/2021 0:00,5.13,7.13
11/12/2021 1:00,5.45,6.83
11/12/2021 2:00,5.82,6.7
11/12/2021 3:00,4.44,6.77
11/12/2021 4:00,4.31,6.93
11/12/2021 5:00,5.51,6.9
11/12/2021 6:00,5.66,7.16
11/12/2021 7:00,7.2,8.4
11/12/2021 8:00,8.03,9.87
11/12/2021 9:00,8.34,10.15
11/12/2021 10:00,8.16,9.75
11/12/2021 11:00,7.96,9.68
11/12/2021 12:00,7.18,9.07
11/12/2021 13:00,8.25,9.12
11/12/2021 14:00,8.11,8.73
11/12/2021 15:00,6.62,8.55
11/12/2021 16:00,5.76,8.7
11/12/2021 17:00,6.89,8.48
11/12/2021 18:00,7.4,8.28
11/12/2021 19:00,7.61,8.94
11/12/2021 20:00,7.94,9.15
11/12/2021 21:00,7.29,8.14
11/12/2021 22:00,6.33,7.76
11/12/2021 23:00,6.01,7.68
12/12/2021 0:00,5.57,7.28
12/12/2021 1:00,4.99,6.97
12/12/2021 2:00,4.06,6.8
12/12/2021 3:00,3.7,6.66
12/12/2021 4:00,3.78,6.74
12/12/2021 5:00,3.7,6.88
12/12/2021 6:00,5.81,7.16
12/12/2021 7:00,6.84,7.67
12/12/2021 8:00,8.54,9.3
12/12/2021 9:00,9.35,10.35
12/12/2021 10:00,9.93,10.32
12/12/2021 11:00,8.78,10.19
12/12/2021 12:00,8.54,9.87
12/12/2021 13:00,7.86,9.16
12/12/2021 14:00,7.43,9.11
12/12/2021 15:00,6.66,8.98
12/12/2021 16:00,6.15,8.97
12/12/2021 17:00,6.31,9.06
12/12/2021 18:00,5.88,8.75
12/12/2021 19:00,6.85,8.95
12/12/2021 20:00,7.79,9.03
12/12/2021 21:00,7.52,8.5
12/12/2021 22:00,6.23,8.19
12/12/2021 23:00,9.12,7.62
13/12/2021 00:00,14.6,7.13
13/12/2021 01:00,5.09,6.92
13/12/2021 02:00,5.07,6.74
13/12/2021 03:00,6.15,6.78
13/12/2021 04:00,5.29,6.93
13/12/2021 05:00,5.63,7.28
13/12/2021 06:00,5.89,8.04
13/12/2021 07:00,8.76,9.48
13/12/2021 08:00,9.32,9.57
13/12/2021 09:00,9.69,9.18
13/12/2021 10:00,9.56,8.84
13/12/2021 11:00,9.32,8.49
13/12/2021 12:00,9.17,8.55
13/12/2021 13:00,10.39,8.58
13/12/2021 14:00,10.57,8.29
13/12/2021 15:00,10.18,8.63
13/12/2021 16:00,9.52,8.25
13/12/2021 17:00,7.53,8.32
13/12/2021 18:00,6.89,8.31
13/12/2021 19:00,7.73,8.8
13/12/2021 20:00,8.58,9.12
13/12/2021 21:00,6.41,8.58
13/12/2021 22:00,4.36,8.03
13/12/2021 23:00,4.24,7.5
14/12/2021 00:00,4.24,6.99
14/12/2021 01:00,5.1,6.75
14/12/2021 02:00,14.6,6.72
14/12/2021 03:00,4.49,6.97
14/12/2021 04:00,4.31,7.18
14/12/2021 05:00,4.67,7.17
14/12/2021 06:00,7.26,7.99
14/12/2021 07:00,9,9.38
14/12/2021 08:00,9.95,9.5
14/12/2021 09:00,10.72,9.13
14/12/2021 10:00,10.33,8.34
14/12/2021 11:00,9.49,8.5
14/12/2021 12:00,9.1,8.45
14/12/2021 13:00,9.12,8.59
14/12/2021 14:00,9.03,8.83
14/12/2021 15:00,8.35,8.35
14/12/2021 16:00,7.18,8.07
14/12/2021 17:00,7.7,7.93
14/12/2021 18:00,7.41,8.6
14/12/2021 19:00,8.45,8.56
14/12/2021 20:00,8.47,8.81
14/12/2021 21:00,7.05,8.46
14/12/2021 22:00,5.94,8.18
14/12/2021 23:00,5.34,7.36
15/12/2021 00:00,5.94,7.14
15/12/2021 01:00,5.35,6.89
15/12/2021 02:00,3.86,6.72
15/12/2021 03:00,3.81,6.73
15/12/2021 04:00,3.83,6.9
15/12/2021 05:00,4.03,7.15
15/12/2021 06:00,6.74,8.14
15/12/2021 07:00,9.51,9.68
15/12/2021 08:00,9.28,9.18
15/12/2021 09:00,10.53,9.2
15/12/2021 10:00,9.77,8.91
15/12/2021 11:00,9.57,8.36
15/12/2021 12:00,9.63,8.02
15/12/2021 13:00,9.47,8.55
15/12/2021 14:00,NaN,8.12
15/12/2021 15:00,8.57,8.11
15/12/2021 16:00,6.98,7.91
15/12/2021 17:00,6.41,8.13
15/12/2021 18:00,6.69,8.44
15/12/2021 19:00,6.2,8.67
15/12/2021 20:00,8.2,8.91
15/12/2021 21:00,6.89,8.48
15/12/2021 22:00,5.74,7.86
15/12/2021 23:00,5.47,7.52
16/12/2021 00:00,5.27,6.95
16/12/2021 01:00,5.96,6.8
16/12/2021 02:00,6.08,6.71
16/12/2021 03:00,4.64,6.63
16/12/2021 04:00,4.51,6.69
16/12/2021 05:00,5.47,6.94
16/12/2021 06:00,7.13,7.96
16/12/2021 07:00,7.5,9.45
16/12/2021 08:00,9.17,9.53
16/12/2021 09:00,9.3,8.74
16/12/2021 10:00,9.41,8.69
16/12/2021 11:00,8.68,8.03
16/12/2021 12:00,9.12,8.28
16/12/2021 13:00,9.54,8.35
16/12/2021 14:00,9.24,8.35
16/12/2021 15:00,9.22,9.04
16/12/2021 16:00,8.31,8.53
16/12/2021 17:00,7.46,8.09
16/12/2021 18:00,7.36,8.66
16/12/2021 19:00,7.88,8.84
16/12/2021 20:00,8.41,8.81
16/12/2021 21:00,7.54,8.4
16/12/2021 22:00,4.95,8.04
16/12/2021 23:00,4.87,7.55
17/12/2021 00:00,4.07,7.05
17/12/2021 01:00,3.2,6.74
17/12/2021 02:00,3.35,6.66
17/12/2021 03:00,5.82,6.91
17/12/2021 04:00,4.6,6.94
17/12/2021 05:00,5,6.91
17/12/2021 06:00,7.28,7.98
17/12/2021 07:00,9,9.58
17/12/2021 08:00,9.67,9.48
17/12/2021 09:00,9.76,9.25
17/12/2021 10:00,9.92,8.57
17/12/2021 11:00,8.18,8.02
17/12/2021 12:00,9.13,8.3
17/12/2021 13:00,8.97,7.97
17/12/2021 14:00,9.26,8.34
17/12/2021 15:00,8.73,8.26
17/12/2021 16:00,7.29,8.57
17/12/2021 17:00,6.83,8.18
17/12/2021 18:00,7.89,8.47
17/12/2021 19:00,8.01,8.38
17/12/2021 20:00,NaN,8.51
17/12/2021 21:00,7.05,7.95
17/12/2021 22:00,5.89,7.66
17/12/2021 23:00,5.31,7.52
18/12/2021 00:00,4.83,7
18/12/2021 01:00,5.79,6.91
18/12/2021 02:00,5.79,6.66
18/12/2021 03:00,3.37,6.88
18/12/2021 04:00,3.19,6.86
18/12/2021 05:00,3.43,6.93
18/12/2021 06:00,5.23,7.1
18/12/2021 07:00,6.66,8.41
18/12/2021 08:00,8.69,9.68
18/12/2021 09:00,9.13,10.43
18/12/2021 10:00,8.64,10.05
18/12/2021 11:00,8.68,9.63
18/12/2021 12:00,8.31,9.36
18/12/2021 13:00,8.24,9.39
18/12/2021 14:00,7.55,9.33
18/12/2021 15:00,6.95,8.83
18/12/2021 16:00,6.83,8.79
18/12/2021 17:00,5.92,8.65
18/12/2021 18:00,5.55,8.51
18/12/2021 19:00,6.26,8.44
18/12/2021 20:00,7.8,8.72
18/12/2021 21:00,7.28,8.21
18/12/2021 22:00,6.13,7.81
18/12/2021 23:00,6.36,7.52
19/12/2021 00:00,5.76,7.25
19/12/2021 01:00,5.61,6.89
19/12/2021 02:00,5.07,6.8
19/12/2021 03:00,4.81,6.69
19/12/2021 04:00,4.6,6.77
19/12/2021 05:00,4.5,6.85
19/12/2021 06:00,5.04,7.08
19/12/2021 07:00,5.94,7.8
19/12/2021 08:00,7.73,9.29
19/12/2021 09:00,8.69,10.53
19/12/2021 10:00,8.87,10.15
19/12/2021 11:00,7.69,9.99
19/12/2021 12:00,7.11,9.81
19/12/2021 13:00,6.89,9.43
19/12/2021 14:00,7.44,8.98
19/12/2021 15:00,6.8,8.76
19/12/2021 16:00,6.62,8.55
19/12/2021 17:00,6.69,8.61
19/12/2021 18:00,7.27,8.49
19/12/2021 19:00,7.5,9.07
19/12/2021 20:00,7.97,9.05
19/12/2021 21:00,7.39,8.4
19/12/2021 22:00,6.44,7.99
19/12/2021 23:00,9.09,7.51
20/12/2021 00:00,13.6,6.99
20/12/2021 01:00,4.05,6.8
20/12/2021 02:00,4,6.61
20/12/2021 03:00,4.91,NaN
20/12/2021 04:00,4.57,6.58
20/12/2021 05:00,5.94,6.97
20/12/2021 06:00,7.31,8.16
20/12/2021 07:00,9.75,9.43
20/12/2021 08:00,10.14,9.36
20/12/2021 09:00,10.07,8.97
20/12/2021 10:00,10.31,8.46
20/12/2021 11:00,9.42,8.05
20/12/2021 12:00,11.26,8.51
20/12/2021 13:00,11.14,8.69
20/12/2021 14:00,11.45,8.26
20/12/2021 15:00,8.03,8.2
20/12/2021 16:00,8.09,8.07
20/12/2021 17:00,7.53,7.98
20/12/2021 18:00,7.97,8.42
20/12/2021 19:00,8.41,8.71
20/12/2021 20:00,8.37,9.17
20/12/2021 21:00,7.44,8.57
20/12/2021 22:00,5.84,8.1
20/12/2021 23:00,5.82,7.47
21/12/2021 00:00,5.49,6.98
21/12/2021 01:00,5.57,6.72
21/12/2021 02:00,15.59,6.65
21/12/2021 03:00,3.65,6.69
21/12/2021 04:00,3.24,6.91
21/12/2021 05:00,3.53,7.04
21/12/2021 06:00,5.43,8.1
21/12/2021 07:00,8.61,9.67
21/12/2021 08:00,9.87,9.49
21/12/2021 09:00,9.43,8.96
21/12/2021 10:00,9.78,8.73
21/12/2021 11:00,10.19,8.25
21/12/2021 12:00,9.48,8.24
21/12/2021 13:00,9.31,8.53
21/12/2021 14:00,8.74,8.94
21/12/2021 15:00,8.32,8.35
21/12/2021 16:00,7,8.34
21/12/2021 17:00,6.57,8.38
21/12/2021 18:00,7.2,8.36
21/12/2021 19:00,7.19,8.79
21/12/2021 20:00,7.76,9.02
21/12/2021 21:00,7.18,8.44
21/12/2021 22:00,5.85,7.92
21/12/2021 23:00,5.62,7.48
22/12/2021 00:00,5.45,6.94
22/12/2021 01:00,4.92,6.76
22/12/2021 02:00,4.86,6.64
22/12/2021 03:00,4.92,6.65
22/12/2021 04:00,4.97,6.74
22/12/2021 05:00,5.84,6.93
22/12/2021 06:00,6.77,8.19
22/12/2021 07:00,8.34,9.56
22/12/2021 08:00,9.01,9.47
22/12/2021 09:00,8.29,8.89
22/12/2021 10:00,8.6,8.46
22/12/2021 11:00,7.97,8.68
22/12/2021 12:00,8.65,8.71
22/12/2021 13:00,8.81,8.39
22/12/2021 14:00,9.05,8.24
22/12/2021 15:00,8.39,8.27
22/12/2021 16:00,7.99,8.1
22/12/2021 17:00,7.84,8.04
22/12/2021 18:00,7.48,8.19
22/12/2021 19:00,7.96,8.51
22/12/2021 20:00,8.34,8.95
22/12/2021 21:00,7.52,8.54
22/12/2021 22:00,5.88,8.08
22/12/2021 23:00,4.76,7.63
23/12/2021 00:00,3.97,7.16
23/12/2021 01:00,4.41,6.85
23/12/2021 02:00,4.38,6.74
23/12/2021 03:00,3.24,6.92
23/12/2021 04:00,4.36,6.98
23/12/2021 05:00,4.64,7.08
23/12/2021 06:00,6.57,8.07
23/12/2021 07:00,9.32,9.73
23/12/2021 08:00,8.9,9.87
23/12/2021 09:00,9.63,9
23/12/2021 10:00,9.46,8.6
23/12/2021 11:00,9.26,8.39
23/12/2021 12:00,9.14,8.03
23/12/2021 13:00,8.65,8.23
23/12/2021 14:00,8.63,8.03
23/12/2021 15:00,7.95,8.31
23/12/2021 16:00,7.06,8.47
23/12/2021 17:00,6.27,8.61
23/12/2021 18:00,7.23,8.22
23/12/2021 19:00,8.34,8.58
23/12/2021 20:00,8.77,8.73
23/12/2021 21:00,7.71,8.31
23/12/2021 22:00,6.73,7.99
23/12/2021 23:00,6.03,7.76
24/12/2021 00:00,5.54,7.26
24/12/2021 01:00,5.46,6.87
24/12/2021 02:00,5.41,6.71
24/12/2021 03:00,6.04,6.94
24/12/2021 04:00,4.51,6.96
24/12/2021 05:00,4.13,6.99
24/12/2021 06:00,5.28,7.57
24/12/2021 07:00,7.07,8.67
24/12/2021 08:00,8.37,9.38
24/12/2021 09:00,8.71,10.2
24/12/2021 10:00,8.62,9.7
24/12/2021 11:00,9.41,9.71
24/12/2021 12:00,8.98,9.54
24/12/2021 13:00,9.41,9.51
24/12/2021 14:00,9.59,9.35
24/12/2021 15:00,9.37,8.94
24/12/2021 16:00,7.93,9.49
24/12/2021 17:00,NaN,9.62
24/12/2021 18:00,7.1,9.44
24/12/2021 19:00,6.87,9.06
24/12/2021 20:00,6.32,8.84
24/12/2021 21:00,5.65,8.26
24/12/2021 22:00,5.24,8.21
24/12/2021 23:00,5.28,8.14
25/12/2021 00:00,5.79,8.05
25/12/2021 01:00,5.6,7.82
25/12/2021 02:00,6.31,7.37
25/12/2021 03:00,6.09,7.05
25/12/2021 04:00,5.16,6.93
25/12/2021 05:00,4.98,7.02
25/12/2021 06:00,5.32,7.32
25/12/2021 07:00,6.12,7.79
25/12/2021 08:00,7.02,8.92
25/12/2021 09:00,7.52,10.3
25/12/2021 10:00,7.53,11.04
25/12/2021 11:00,8.27,10.64
25/12/2021 12:00,7.05,9.86
25/12/2021 13:00,6.07,8.89
25/12/2021 14:00,5.99,8.73
25/12/2021 15:00,6.07,8.8
25/12/2021 16:00,5.51,8.93
25/12/2021 17:00,5.82,8.83
25/12/2021 18:00,6.1,8.32
25/12/2021 19:00,6.64,8.84
25/12/2021 20:00,6.98,9.11
25/12/2021 21:00,6.95,8.52
25/12/2021 22:00,5.73,7.82
25/12/2021 23:00,5.46,7.95
26/12/2021 00:00,5.92,7.48
26/12/2021 01:00,4.77,7.11
26/12/2021 02:00,4.91,7.04
26/12/2021 03:00,3.33,6.91
26/12/2021 04:00,3.25,6.94
26/12/2021 05:00,3.07,6.98
26/12/2021 06:00,4.06,7.12
26/12/2021 07:00,5.52,7.66
26/12/2021 08:00,7.26,8.81
26/12/2021 09:00,7.57,10.1
26/12/2021 10:00,8.53,10.51
26/12/2021 11:00,8.33,10.41
26/12/2021 12:00,7.86,9.83
26/12/2021 13:00,7.44,9.41
26/12/2021 14:00,7.01,8.83
26/12/2021 15:00,6.65,8.69
26/12/2021 16:00,5.94,8.74
26/12/2021 17:00,5.98,8.52
26/12/2021 18:00,5.84,8.28
26/12/2021 19:00,5.9,8.78
26/12/2021 20:00,6.37,8.82
26/12/2021 21:00,6.75,8.52
26/12/2021 22:00,6.25,7.61
26/12/2021 23:00,9.65,7.48
27/12/2021 00:00,14.69,7.24
27/12/2021 01:00,5.05,6.72
27/12/2021 02:00,4.84,6.63
27/12/2021 03:00,5.85,6.81
27/12/2021 04:00,5.47,6.97
27/12/2021 05:00,5.35,6.8
27/12/2021 06:00,6.33,7.43
27/12/2021 07:00,7.4,8.48
27/12/2021 08:00,8.52,9.69
27/12/2021 09:00,9.31,9.74
27/12/2021 10:00,9.77,9.8
27/12/2021 11:00,8.04,9.22
27/12/2021 12:00,9.07,8.9
27/12/2021 13:00,8.77,8.99
27/12/2021 14:00,8.94,8.76
27/12/2021 15:00,8.69,8.38
27/12/2021 16:00,8.19,8.26
27/12/2021 17:00,7.45,8.3
27/12/2021 18:00,7.61,8.34
27/12/2021 19:00,8.14,8.88
27/12/2021 20:00,8.68,9.23
27/12/2021 21:00,7.24,8.18
27/12/2021 22:00,5.72,7.75
27/12/2021 23:00,4.28,7.45
28/12/2021 00:00,4.01,7.09
28/12/2021 01:00,3.44,6.81
28/12/2021 02:00,14.7,6.78
28/12/2021 03:00,4.97,6.92
28/12/2021 04:00,4.77,6.86
28/12/2021 05:00,5.24,6.9
28/12/2021 06:00,5.97,7.47
28/12/2021 07:00,8.28,8.68
28/12/2021 08:00,10.05,9.19
28/12/2021 09:00,9.92,9.17
28/12/2021 10:00,10.1,9.09
28/12/2021 11:00,9.57,8.94
28/12/2021 12:00,8.38,8.48
28/12/2021 13:00,8.58,8.63
28/12/2021 14:00,8.75,8.57
28/12/2021 15:00,8.57,8.39
28/12/2021 16:00,6.97,8.26
28/12/2021 17:00,5.92,8.26
28/12/2021 18:00,6.96,8.87
28/12/2021 19:00,7.52,8.82
28/12/2021 20:00,8.46,8.74
28/12/2021 21:00,6.84,8.27
28/12/2021 22:00,5.88,7.76
28/12/2021 23:00,5.69,7.44
29/12/2021 00:00,5.43,7.2
29/12/2021 01:00,5.1,6.76
29/12/2021 02:00,4.91,6.67
29/12/2021 03:00,4.07,6.64
29/12/2021 04:00,3.51,7.01
29/12/2021 05:00,3.95,6.85
29/12/2021 06:00,4.94,7.42
29/12/2021 07:00,7.22,8.67
29/12/2021 08:00,9.13,9.6
29/12/2021 09:00,9.3,9.51
29/12/2021 10:00,9.63,8.74
29/12/2021 11:00,9.81,8.59
29/12/2021 12:00,9.51,9.04
29/12/2021 13:00,10.18,8.69
29/12/2021 14:00,9.83,8.66
29/12/2021 15:00,8.52,8.4
29/12/2021 16:00,6.77,8.31
29/12/2021 17:00,6.53,8.76
29/12/2021 18:00,6.55,8.58
29/12/2021 19:00,6.59,8.84
29/12/2021 20:00,7.49,8.73
29/12/2021 21:00,6.18,8.22
29/12/2021 22:00,6.17,7.91
29/12/2021 23:00,5.8,7.45
30/12/2021 00:00,5.47,7.19
30/12/2021 01:00,5.13,6.81
30/12/2021 02:00,5.55,6.63
30/12/2021 03:00,5.84,6.57
30/12/2021 04:00,5.1,6.85
30/12/2021 05:00,5.61,6.82
30/12/2021 06:00,6.67,7.68
30/12/2021 07:00,8.32,8.51
30/12/2021 08:00,8.67,9.4
30/12/2021 09:00,8.43,9.54
30/12/2021 10:00,9.16,8.93
30/12/2021 11:00,9.19,8.5
30/12/2021 12:00,8.61,9.1
30/12/2021 13:00,8.58,9.16
30/12/2021 14:00,8.35,8.6
30/12/2021 15:00,8.33,8.33
30/12/2021 16:00,7.81,8.39
30/12/2021 17:00,7.61,8.46
30/12/2021 18:00,7.07,8.5
30/12/2021 19:00,7.45,8.6
30/12/2021 20:00,8.2,8.7
30/12/2021 21:00,7.1,8.43
30/12/2021 22:00,6.03,7.95
30/12/2021 23:00,5.58,7.89
31/12/2021 00:00,5.21,7.28
31/12/2021 01:00,3.68,7.12
31/12/2021 02:00,3.49,6.93
31/12/2021 03:00,5.79,6.9
31/12/2021 04:00,6.26,7.08
31/12/2021 05:00,5.74,7.2
31/12/2021 06:00,6.23,7.43
31/12/2021 07:00,8.36,8.39
31/12/2021 08:00,8.73,9.14
31/12/2021 09:00,10.63,9.64
31/12/2021 10:00,10.36,9.19
31/12/2021 11:00,10.49,8.82
31/12/2021 12:00,9.17,9.15
31/12/2021 13:00,8.75,8.82
31/12/2021 14:00,9.37,8.72
31/12/2021 15:00,7.73,8.7
31/12/2021 16:00,7.2,9
31/12/2021 17:00,7.56,9.54
31/12/2021 18:00,7.6,9.86
31/12/2021 19:00,7.62,9.41
31/12/2021 20:00,6.57,8.29
31/12/2021 21:00,6.45,7.8
31/12/2021 22:00,5.87,7.63
31/12/2021 23:00,5.84,7.62
1/1/2022 0:00,5.4,7.57
1/1/2022 1:00,5.69,7.57
1/1/2022 2:00,5.72,7.4
1/1/2022 3:00,6.15,7.34
1/1/2022 4:00,5.1,6.92
1/1/2022 5:00,4.91,6.76
1/1/2022 6:00,4.94,6.96
1/1/2022 7:00,6.11,7.36
1/1/2022 8:00,6.39,7.77
1/1/2022 9:00,7.12,8.92
1/1/2022 10:00,8.13,9.12
1/1/2022 11:00,7.76,9.69
1/1/2022 12:00,7.38,9.52
1/1/2022 13:00,7,9.5
1/1/2022 14:00,6.96,8.9
1/1/2022 15:00,7.4,8.97
1/1/2022 16:00,7.47,8.84
1/1/2022 17:00,7.07,8.21
1/1/2022 18:00,6.7,8.36
1/1/2022 19:00,6.94,8.64
1/1/2022 20:00,8.01,8.85
1/1/2022 21:00,7.4,7.87
1/1/2022 22:00,6.57,7.78
1/1/2022 23:00,5.09,7.46
2/1/2022 0:00,4.49,7.03
2/1/2022 1:00,4.14,6.77
2/1/2022 2:00,3.92,6.69
2/1/2022 3:00,4.19,6.66
2/1/2022 4:00,5.52,6.68
2/1/2022 5:00,5.87,6.72
2/1/2022 6:00,6.52,7.11
2/1/2022 7:00,7.16,7.49
2/1/2022 8:00,8.26,8.64
2/1/2022 9:00,9.25,9.77
2/1/2022 10:00,9.25,9.86
2/1/2022 11:00,8.46,9.71
2/1/2022 12:00,7.63,9.04
2/1/2022 13:00,7.41,9.4
2/1/2022 14:00,7.41,8.96
2/1/2022 15:00,6.07,8.47
2/1/2022 16:00,5.69,8.59
2/1/2022 17:00,6.22,8.32
2/1/2022 18:00,5.86,8.5
2/1/2022 19:00,8,9.03
2/1/2022 20:00,7.76,8.65
2/1/2022 21:00,6.9,8.25
2/1/2022 22:00,6.39,7.66
2/1/2022 23:00,9.2,7.49
3/1/2022 0:00,14.85,7.13
3/1/2022 1:00,5.82,6.82
3/1/2022 2:00,6.05,6.66
3/1/2022 3:00,6.28,6.87
3/1/2022 4:00,4.75,7.07
3/1/2022 5:00,4.62,6.95
3/1/2022 6:00,5.33,7.66
3/1/2022 7:00,7.89,8.68
3/1/2022 8:00,8.77,9.13
3/1/2022 9:00,8.97,9.44
3/1/2022 10:00,9.41,9.38
3/1/2022 11:00,9.88,8.82
3/1/2022 12:00,9.93,8.94
3/1/2022 13:00,9.67,8.99
3/1/2022 14:00,9.6,8.41
3/1/2022 15:00,10.37,8.31
3/1/2022 16:00,9.15,8.33
3/1/2022 17:00,8.33,8.29
3/1/2022 18:00,7.83,8.85
3/1/2022 19:00,8.64,8.92
3/1/2022 20:00,8.65,9.42
3/1/2022 21:00,7.64,8.51
3/1/2022 22:00,6.36,7.73
3/1/2022 23:00,5.81,7.27
4/1/2022 0:00,6.99,7.18
4/1/2022 1:00,6.22,6.79
4/1/2022 2:00,19.88,6.67
4/1/2022 3:00,7.43,6.67
4/1/2022 4:00,6.35,6.92
4/1/2022 5:00,6.76,6.94
4/1/2022 6:00,7.93,7.42
4/1/2022 7:00,10.03,8.36
4/1/2022 8:00,10.95,9.17
4/1/2022 9:00,11.67,8.95
4/1/2022 10:00,10.58,8.8
4/1/2022 11:00,10.97,9.04
4/1/2022 12:00,10.72,8.51
4/1/2022 13:00,10.78,8.54
4/1/2022 14:00,10.38,8.74
4/1/2022 15:00,10.34,8.42
4/1/2022 16:00,9.61,8.03
4/1/2022 17:00,10.03,8.11
4/1/2022 18:00,9.82,8.63
4/1/2022 19:00,10.41,8.78
4/1/2022 20:00,10.97,9.12
4/1/2022 21:00,10.15,8.35
4/1/2022 22:00,9.11,7.81
4/1/2022 23:00,8.89,7.44
5/1/2022 0:00,8.5,7.13
5/1/2022 1:00,7.35,6.74
5/1/2022 2:00,6.99,6.77
5/1/2022 3:00,6.99,6.74
5/1/2022 4:00,7.22,6.81
5/1/2022 5:00,7.75,6.87
5/1/2022 6:00,9.45,7.65
5/1/2022 7:00,11.67,8.74
5/1/2022 8:00,12.08,9.21
5/1/2022 9:00,12.49,9.07
5/1/2022 10:00,12.2,9.42
5/1/2022 11:00,13.15,8.48
5/1/2022 12:00,12.18,8.81
5/1/2022 13:00,12,9.05
5/1/2022 14:00,11.88,8.68
5/1/2022 15:00,11.09,8.46
5/1/2022 16:00,10.73,8.79
5/1/2022 17:00,9.85,8.5
5/1/2022 18:00,10.56,8.45
5/1/2022 19:00,11.56,8.88
5/1/2022 20:00,12.31,8.85
5/1/2022 21:00,11.33,8.47
5/1/2022 22:00,10.31,7.8
5/1/2022 23:00,10.46,7.59
6/1/2022 0:00,10.09,7.34
6/1/2022 1:00,9.75,6.95
6/1/2022 2:00,10.13,6.82
6/1/2022 3:00,11.03,6.81
6/1/2022 4:00,10.07,6.83
6/1/2022 5:00,10.31,7.08
6/1/2022 6:00,11.04,7.08
6/1/2022 7:00,15.12,8.02
6/1/2022 8:00,8.49,9.42
6/1/2022 9:00,7.93,10.24
6/1/2022 10:00,8.21,10.62
6/1/2022 11:00,7.62,10.3
6/1/2022 12:00,7.91,9.63
6/1/2022 13:00,7.7,9.6
6/1/2022 14:00,8.36,9.22
6/1/2022 15:00,7.5,8.89
6/1/2022 16:00,10.31,8.62
6/1/2022 17:00,7.44,8.82
6/1/2022 18:00,10.13,8.97
6/1/2022 19:00,9.71,8.98
6/1/2022 20:00,10.42,9.05
6/1/2022 21:00,9.06,8.64
6/1/2022 22:00,7.27,7.82
6/1/2022 23:00,6.27,7.75
7/1/2022 0:00,6.38,7.36
7/1/2022 1:00,5.41,6.97
7/1/2022 2:00,5.18,6.89
7/1/2022 3:00,5.64,6.93
7/1/2022 4:00,5.73,7.22
7/1/2022 5:00,6.29,6.96
7/1/2022 6:00,7.69,7.7
7/1/2022 7:00,10.16,8.8
7/1/2022 8:00,11.71,9.69
7/1/2022 9:00,12.22,9.72
7/1/2022 10:00,11.82,9.99
7/1/2022 11:00,11.91,9
7/1/2022 12:00,11.78,9.15
7/1/2022 13:00,11.8,9.21
7/1/2022 14:00,11.25,8.93
7/1/2022 15:00,11.56,8.62
7/1/2022 16:00,9.69,9.05
7/1/2022 17:00,8.93,8.61
7/1/2022 18:00,8.68,8.9
7/1/2022 19:00,9.46,9.12
7/1/2022 20:00,9.88,9.38
7/1/2022 21:00,8.58,8.86
7/1/2022 22:00,6.85,8.07
7/1/2022 23:00,6.68,7.98
8/1/2022 0:00,6.66,7.53
8/1/2022 1:00,6.14,7.1
8/1/2022 2:00,6.59,7.24
8/1/2022 3:00,7.79,7.35
8/1/2022 4:00,6.93,7.35
8/1/2022 5:00,7.14,7.3
8/1/2022 6:00,7.57,7.52
8/1/2022 7:00,9.31,8.41
8/1/2022 8:00,10.14,9.72
8/1/2022 9:00,11.22,10.53
8/1/2022 10:00,11.43,10.1
8/1/2022 11:00,11.66,9.75
8/1/2022 12:00,9.89,9.77
8/1/2022 13:00,10.48,9.34
8/1/2022 14:00,10.73,8.92
8/1/2022 15:00,9.17,9.04
8/1/2022 16:00,8.73,8.73
8/1/2022 17:00,8.83,8.8
8/1/2022 18:00,8.28,8.75
8/1/2022 19:00,9.07,8.68
8/1/2022 20:00,9.83,9.22
8/1/2022 21:00,8.84,8.55
8/1/2022 22:00,7.59,8.03
8/1/2022 23:00,7.29,7.75
9/1/2022 0:00,7.13,7.3
9/1/2022 1:00,6.94,7.15
9/1/2022 2:00,7.63,6.95
9/1/2022 3:00,7.75,6.89
9/1/2022 4:00,7.83,6.96
9/1/2022 5:00,7.9,7.04
9/1/2022 6:00,8.77,7.2
9/1/2022 7:00,9.22,7.6
9/1/2022 8:00,10.07,8.88
9/1/2022 9:00,10.4,10.43
9/1/2022 10:00,11.06,10.84
9/1/2022 11:00,10.66,10.89
9/1/2022 12:00,10.86,10.28
9/1/2022 13:00,12.04,9.98
9/1/2022 14:00,12.25,10.35
9/1/2022 15:00,9.12,10.05
9/1/2022 16:00,7.94,9.71
9/1/2022 17:00,7.88,8.69
9/1/2022 18:00,7.61,9.35
9/1/2022 19:00,7.56,9.4
9/1/2022 20:00,8.14,9.36
9/1/2022 21:00,7.74,8.84
9/1/2022 22:00,5.85,7.88
9/1/2022 23:00,8.97,7.95
10/1/2022 0:00,12.53,7.25
10/1/2022 1:00,5.22,6.94
10/1/2022 2:00,5.6,6.98
10/1/2022 3:00,6.23,6.95
10/1/2022 4:00,5.65,7.11
10/1/2022 5:00,5.67,7.55
10/1/2022 6:00,6.86,8.26
10/1/2022 7:00,10.31,9.99
10/1/2022 8:00,9.64,9.54
10/1/2022 9:00,9.99,9.27
10/1/2022 10:00,10.35,8.87
10/1/2022 11:00,10.93,8.98
10/1/2022 12:00,10.43,8.98
10/1/2022 13:00,10.1,9.26
10/1/2022 14:00,9.51,9.07
10/1/2022 15:00,8.52,8.96
10/1/2022 16:00,7.53,8.25
10/1/2022 17:00,6.4,8.45
10/1/2022 18:00,6.68,8.68
10/1/2022 19:00,7.65,9.35
10/1/2022 20:00,8,9.27
10/1/2022 21:00,7.13,9.16
10/1/2022 22:00,5.89,8.21
10/1/2022 23:00,5.19,7.62
11/1/2022 0:00,4.83,7.37
11/1/2022 1:00,5.6,7.04
11/1/2022 2:00,15.75,6.97
11/1/2022 3:00,5.9,6.99
11/1/2022 4:00,4.9,7.08
11/1/2022 5:00,4.77,7.21
11/1/2022 6:00,5.95,8.06
11/1/2022 7:00,9.36,9.57
11/1/2022 8:00,9.59,9.73
11/1/2022 9:00,10.12,9.59
11/1/2022 10:00,9.48,9.18
11/1/2022 11:00,9.19,8.69
11/1/2022 12:00,9.12,9.01
11/1/2022 13:00,9.27,8.84
11/1/2022 14:00,9.05,8.9
11/1/2022 15:00,7.65,8.48
11/1/2022 16:00,7.56,8.06
11/1/2022 17:00,7.7,8.42
11/1/2022 18:00,7.79,8.9
11/1/2022 19:00,8.33,9.01
11/1/2022 20:00,8.57,9.4
11/1/2022 21:00,7.43,9.2
11/1/2022 22:00,5.58,8.11
11/1/2022 23:00,5.46,7.5
12/1/2022 0:00,4.78,7.17
12/1/2022 1:00,3.35,6.95
12/1/2022 2:00,3.11,6.76
12/1/2022 3:00,3.12,6.75
12/1/2022 4:00,3.11,6.87
12/1/2022 5:00,4.83,7.1
12/1/2022 6:00,6.39,8.02
12/1/2022 7:00,8.37,9.44
12/1/2022 8:00,9.37,9.11
12/1/2022 9:00,10.65,9.38
12/1/2022 10:00,8.53,9.08
12/1/2022 11:00,8.12,8.7
12/1/2022 12:00,8.18,8.64
12/1/2022 13:00,8.1,8.38
12/1/2022 14:00,9.21,8.44
12/1/2022 15:00,8.41,8.38
12/1/2022 16:00,8.6,8.5
12/1/2022 17:00,7.75,8.52
12/1/2022 18:00,7.27,8.5
12/1/2022 19:00,8.57,8.95
12/1/2022 20:00,10.38,9.44
12/1/2022 21:00,9.02,8.46
12/1/2022 22:00,7.91,7.98
12/1/2022 23:00,7.44,7.56
13/01/2022 00:00,5.75,7.11
13/01/2022 01:00,5.17,7.02
13/01/2022 02:00,6.06,6.97
13/01/2022 03:00,5.87,6.92
13/01/2022 04:00,5.51,6.98
13/01/2022 05:00,6.71,7.1
13/01/2022 06:00,8.25,8.2
13/01/2022 07:00,10.38,9.68
13/01/2022 08:00,11.2,9.65
13/01/2022 09:00,11.94,9.52
13/01/2022 10:00,12.04,9.25
13/01/2022 11:00,11.66,8.68
13/01/2022 12:00,10.13,8.45
13/01/2022 13:00,10.33,8.85
13/01/2022 14:00,10.3,8.59
13/01/2022 15:00,10.09,8.25
13/01/2022 16:00,10.1,8.49
13/01/2022 17:00,8.69,8.48
13/01/2022 18:00,8.9,8.6
13/01/2022 19:00,10.43,9.08
13/01/2022 20:00,10.27,9.04
13/01/2022 21:00,9.12,8.73
13/01/2022 22:00,7.91,8.1
13/01/2022 23:00,7.17,7.56
14/01/2022 00:00,7.13,7.27
14/01/2022 01:00,6.51,6.83
14/01/2022 02:00,6.61,6.88
14/01/2022 03:00,7.08,6.81
14/01/2022 04:00,4.51,6.99
14/01/2022 05:00,4.88,7.31
14/01/2022 06:00,6.41,8.03
14/01/2022 07:00,9.34,9.66
14/01/2022 08:00,10.11,9.42
14/01/2022 09:00,9.26,9.39
14/01/2022 10:00,9.92,8.98
14/01/2022 11:00,10.28,8.6
14/01/2022 12:00,10.98,8.7
14/01/2022 13:00,10.5,8.98
14/01/2022 14:00,10.38,8.42
14/01/2022 15:00,10.67,NaN
14/01/2022 16:00,7.56,8.61
14/01/2022 17:00,6.96,8.59
14/01/2022 18:00,6.85,8.39
14/01/2022 19:00,7.4,8.87
14/01/2022 20:00,7.4,8.99
14/01/2022 21:00,5.97,8.71
14/01/2022 22:00,4.75,7.77
14/01/2022 23:00,5.17,7.47
15/01/2022 00:00,5.22,7.11
15/01/2022 01:00,4.7,6.9
15/01/2022 02:00,4.91,6.82
15/01/2022 03:00,5.63,6.85
15/01/2022 04:00,5.04,6.9
15/01/2022 05:00,4.87,6.96
15/01/2022 06:00,5.39,7.42
15/01/2022 07:00,6.84,8.26
15/01/2022 08:00,9.22,9.36
15/01/2022 09:00,8.44,10.17
15/01/2022 10:00,7.99,9.88
15/01/2022 11:00,8.27,9.57
15/01/2022 12:00,7.75,9.3
15/01/2022 13:00,7.94,9.2
15/01/2022 14:00,8.01,9.45
15/01/2022 15:00,7.29,8.75
15/01/2022 16:00,6.65,8.87
15/01/2022 17:00,7.66,8.68
15/01/2022 18:00,8.31,9.18
15/01/2022 19:00,7.29,8.43
15/01/2022 20:00,7.61,8.31
15/01/2022 21:00,6.99,8.23
15/01/2022 22:00,6.24,7.82
15/01/2022 23:00,6.41,7.5
16/01/2022 00:00,6.18,7.26
16/01/2022 01:00,4.59,6.9
16/01/2022 02:00,4,6.71
16/01/2022 03:00,3.51,6.68
16/01/2022 04:00,3.76,6.71
16/01/2022 05:00,4.03,6.74
16/01/2022 06:00,5.82,6.95
16/01/2022 07:00,6.72,7.63
16/01/2022 08:00,7.9,9.15
16/01/2022 09:00,8.33,10.31
16/01/2022 10:00,9.71,10.41
16/01/2022 11:00,8.74,9.64
16/01/2022 12:00,8.07,10.13
16/01/2022 13:00,6.91,9.92
16/01/2022 14:00,6.96,9.08
16/01/2022 15:00,6.17,8.59
16/01/2022 16:00,5.87,8.89
16/01/2022 17:00,6.37,9.1
16/01/2022 18:00,5.73,9.18
16/01/2022 19:00,6.9,9.27
16/01/2022 20:00,7.7,9.05
16/01/2022 21:00,6.61,8.44
16/01/2022 22:00,5.7,7.89
16/01/2022 23:00,9.04,7.5
17/01/2022 00:00,13.29,7.19
17/01/2022 01:00,4.71,6.86
17/01/2022 02:00,4.39,6.66
17/01/2022 03:00,5.36,6.83
17/01/2022 04:00,4.81,7.07
17/01/2022 05:00,4.57,7.43
17/01/2022 06:00,5.21,8.09
17/01/2022 07:00,8.25,9.66
17/01/2022 08:00,8.98,9.27
17/01/2022 09:00,9.03,9.51
17/01/2022 10:00,8.39,8.92
17/01/2022 11:00,9.28,8.48
17/01/2022 12:00,8.76,8.53
17/01/2022 13:00,8.35,8.78
17/01/2022 14:00,10.38,8.18
17/01/2022 15:00,9.08,8.49
17/01/2022 16:00,7.93,8.46
17/01/2022 17:00,8.34,8.17
17/01/2022 18:00,8.5,8.51
17/01/2022 19:00,8.05,9.06
17/01/2022 20:00,7.43,9.04
17/01/2022 21:00,5.64,8.07
17/01/2022 22:00,4.38,7.76
17/01/2022 23:00,4.56,7.34
18/01/2022 00:00,3.86,7.04
18/01/2022 01:00,3.87,6.76
18/01/2022 02:00,15.85,6.91
18/01/2022 03:00,5.89,6.91
18/01/2022 04:00,4.59,6.82
18/01/2022 05:00,4.86,6.97
18/01/2022 06:00,6.8,7.83
18/01/2022 07:00,9,9.21
18/01/2022 08:00,9.78,9.69
18/01/2022 09:00,10.1,9.44
18/01/2022 10:00,10.01,8.91
18/01/2022 11:00,10.5,8.19
18/01/2022 12:00,8.39,9.01
18/01/2022 13:00,8.87,8.53
18/01/2022 14:00,9.36,8.2
18/01/2022 15:00,7.88,8.28
18/01/2022 16:00,6.67,8.22
18/01/2022 17:00,6.76,8.44
18/01/2022 18:00,7.82,8.5
18/01/2022 19:00,8.31,8.62
18/01/2022 20:00,7.94,9.35
18/01/2022 21:00,6.84,8.59
18/01/2022 22:00,5.68,7.78
18/01/2022 23:00,5.7,7.5
19/01/2022 00:00,5.39,7.07
19/01/2022 01:00,4.33,6.82
19/01/2022 02:00,4.01,6.77
19/01/2022 03:00,4.15,6.7
19/01/2022 04:00,4.24,6.87
19/01/2022 05:00,4.94,6.98
19/01/2022 06:00,7.35,8.15
19/01/2022 07:00,10.83,9.53
19/01/2022 08:00,10.36,9.45
19/01/2022 09:00,10.16,9.17
19/01/2022 10:00,9.48,8.32
19/01/2022 11:00,9.31,8.24
19/01/2022 12:00,9.95,8.33
19/01/2022 13:00,9.16,8.64
19/01/2022 14:00,9.56,8.68
19/01/2022 15:00,8.3,8.11
19/01/2022 16:00,7.58,7.9
19/01/2022 17:00,7.36,8.74
19/01/2022 18:00,7.07,8.32
19/01/2022 19:00,7.4,9.17
19/01/2022 20:00,8.24,9.17
19/01/2022 21:00,6.43,8.74
19/01/2022 22:00,5.76,7.93
19/01/2022 23:00,5.74,7.63
20/01/2022 00:00,5.07,7.15
20/01/2022 01:00,4.9,6.94
20/01/2022 02:00,5.29,6.97
20/01/2022 03:00,4.96,6.88
20/01/2022 04:00,4.64,6.95
20/01/2022 05:00,3.85,7.12
20/01/2022 06:00,6.9,8.04
20/01/2022 07:00,7.92,9.7
20/01/2022 08:00,8.88,9.23
20/01/2022 09:00,8.68,9.13
20/01/2022 10:00,8.76,8.62
20/01/2022 11:00,8.79,8.67
20/01/2022 12:00,9.59,8.52
20/01/2022 13:00,9.3,8.44
20/01/2022 14:00,10.51,8.78
20/01/2022 15:00,11.28,8.36
20/01/2022 16:00,9.8,8.39
20/01/2022 17:00,8.58,8.42
20/01/2022 18:00,7.48,8.51
20/01/2022 19:00,7.63,8.84
20/01/2022 20:00,7.52,9.18
20/01/2022 21:00,6.92,8.53
20/01/2022 22:00,5.19,8.03
20/01/2022 23:00,5.14,7.74
21/01/2022 00:00,4.76,7.21
21/01/2022 01:00,5.4,6.98
21/01/2022 02:00,5.46,6.91
21/01/2022 03:00,6.73,7.1
21/01/2022 04:00,5.48,7.08
21/01/2022 05:00,6.06,7.48
21/01/2022 06:00,7.58,8.11
21/01/2022 07:00,10.3,9.33
21/01/2022 08:00,10.65,9.58
21/01/2022 09:00,10.7,9.08
21/01/2022 10:00,9.36,9.18
21/01/2022 11:00,9.42,8.67
21/01/2022 12:00,9.46,8.83
21/01/2022 13:00,9.03,9.06
21/01/2022 14:00,8.57,9.1
21/01/2022 15:00,7.61,8.98
21/01/2022 16:00,7.32,8.53
21/01/2022 17:00,8.08,8.45
21/01/2022 18:00,7.86,8.62
21/01/2022 19:00,7.75,8.67
21/01/2022 20:00,7.66,8.81
21/01/2022 21:00,6.65,8.31
21/01/2022 22:00,5.98,7.89
21/01/2022 23:00,5.19,7.6
22/01/2022 00:00,4.85,7.03
22/01/2022 01:00,3.59,6.9
22/01/2022 02:00,4.16,6.77
22/01/2022 03:00,4.01,6.83
22/01/2022 04:00,3.12,6.89
22/01/2022 05:00,3.57,6.99
22/01/2022 06:00,5.67,7.27
22/01/2022 07:00,7.07,8.43
22/01/2022 08:00,8.39,9.87
22/01/2022 09:00,9.24,10.25
22/01/2022 10:00,8.85,9.73
22/01/2022 11:00,7.93,9.36
22/01/2022 12:00,7.23,9.31
22/01/2022 13:00,6.68,9
22/01/2022 14:00,6.38,9.4
22/01/2022 15:00,5.72,8.7
22/01/2022 16:00,6.32,8.94
22/01/2022 17:00,6.83,8.68
22/01/2022 18:00,5.37,8.84
22/01/2022 19:00,6.55,8.72
22/01/2022 20:00,6.49,8.86
22/01/2022 21:00,6.29,8.2
22/01/2022 22:00,5.25,7.74
22/01/2022 23:00,4.72,7.41
23/01/2022 00:00,4.85,7.3
23/01/2022 01:00,4.54,6.98
23/01/2022 02:00,4.98,6.93
23/01/2022 03:00,4.7,6.84
23/01/2022 04:00,4.74,6.84
23/01/2022 05:00,4.69,6.96
23/01/2022 06:00,5.21,7.29
23/01/2022 07:00,5.03,7.86
23/01/2022 08:00,7.22,9.02
23/01/2022 09:00,7.57,10.15
23/01/2022 10:00,7.31,10.57
23/01/2022 11:00,7.12,10.11
23/01/2022 12:00,7.77,9.79
23/01/2022 13:00,6.74,9.21
23/01/2022 14:00,7.14,9.29
23/01/2022 15:00,6.75,8.81
23/01/2022 16:00,6.98,8.87
23/01/2022 17:00,6.55,8.91
23/01/2022 18:00,6.83,9.11
23/01/2022 19:00,7.03,8.73
23/01/2022 20:00,7.22,9.01
23/01/2022 21:00,6.17,8.63
23/01/2022 22:00,4.34,7.96
23/01/2022 23:00,8.49,7.52
24/01/2022 00:00,12.35,7.14
24/01/2022 01:00,3.08,6.93
24/01/2022 02:00,3.46,6.89
24/01/2022 03:00,5.59,6.77
24/01/2022 04:00,5.01,6.89
24/01/2022 05:00,5.04,7.21
24/01/2022 06:00,6.18,7.97
24/01/2022 07:00,8.85,9.39
24/01/2022 08:00,8.61,9.69
24/01/2022 09:00,9.12,8.98
24/01/2022 10:00,9.57,9.16
24/01/2022 11:00,8.96,8.65
24/01/2022 12:00,8.27,8.61
24/01/2022 13:00,8.07,9.05
24/01/2022 14:00,8.5,8.97
24/01/2022 15:00,7.31,8.58
24/01/2022 16:00,6.48,8.24
24/01/2022 17:00,6.16,8.5
24/01/2022 18:00,6.99,8.38
24/01/2022 19:00,7.15,9.3
24/01/2022 20:00,7.22,9.31
24/01/2022 21:00,5.9,8.71
24/01/2022 22:00,4.45,7.87
24/01/2022 23:00,4.58,7.63
25/01/2022 00:00,3.85,7.18
25/01/2022 01:00,3.9,6.96
25/01/2022 02:00,15.07,6.86
25/01/2022 03:00,3.7,6.95
25/01/2022 04:00,2.66,7.08
25/01/2022 05:00,3.41,7.18
25/01/2022 06:00,5.27,8.23
25/01/2022 07:00,8.06,9.37
25/01/2022 08:00,8.42,9.59
25/01/2022 09:00,9.05,9.45
25/01/2022 10:00,8.95,9
25/01/2022 11:00,8.64,8.94
25/01/2022 12:00,9,8.64
25/01/2022 13:00,9.29,8.78
25/01/2022 14:00,8.46,8.52
25/01/2022 15:00,6.97,8.41
25/01/2022 16:00,6.77,8.44
25/01/2022 17:00,6.22,8.39
25/01/2022 18:00,6.61,8.8
25/01/2022 19:00,7.19,8.98
25/01/2022 20:00,6.72,8.93
25/01/2022 21:00,6.01,8.8
25/01/2022 22:00,5.53,8.26
25/01/2022 23:00,5.3,7.62
26/01/2022 00:00,4.49,7.2
26/01/2022 01:00,4.38,6.91
26/01/2022 02:00,4.28,6.8
26/01/2022 03:00,4.24,6.75
26/01/2022 04:00,4.19,6.88
26/01/2022 05:00,4.57,7.13
26/01/2022 06:00,6.57,8.01
26/01/2022 07:00,8.85,9.68
26/01/2022 08:00,8.87,9.34
26/01/2022 09:00,7.17,9.29
26/01/2022 10:00,8.65,8.58
26/01/2022 11:00,8.91,8.46
26/01/2022 12:00,8.37,8.58
26/01/2022 13:00,8.37,8.92
26/01/2022 14:00,7.95,8.65
26/01/2022 15:00,8.04,8.43
26/01/2022 16:00,7.67,8.25
26/01/2022 17:00,7.87,8.31
26/01/2022 18:00,7.86,8.78
26/01/2022 19:00,7.81,8.92
26/01/2022 20:00,8.4,9.17
26/01/2022 21:00,7.23,8.62
26/01/2022 22:00,5.35,7.85
26/01/2022 23:00,3.83,7.32
27/01/2022 00:00,3.61,7.19
27/01/2022 01:00,3.76,6.94
27/01/2022 02:00,4.5,6.84
27/01/2022 03:00,4.38,7.08
27/01/2022 04:00,4.81,6.87
27/01/2022 05:00,5.06,7.45
27/01/2022 06:00,6.24,8.15
27/01/2022 07:00,8.67,9.38
27/01/2022 08:00,8.57,9.62
27/01/2022 09:00,8.68,9.32
27/01/2022 10:00,8.56,8.68
27/01/2022 11:00,9.04,8.33
27/01/2022 12:00,7.84,8.74
27/01/2022 13:00,8.54,8.23
27/01/2022 14:00,8.35,8.31
27/01/2022 15:00,7.83,8.1
27/01/2022 16:00,7.08,8.31
27/01/2022 17:00,7.18,8.43
27/01/2022 18:00,6.71,8.42
27/01/2022 19:00,8.04,9.07
27/01/2022 20:00,7.85,9.43
27/01/2022 21:00,6.29,8.63
27/01/2022 22:00,5.57,7.82
27/01/2022 23:00,5.14,7.63
28/01/2022 00:00,5.7,7.35
28/01/2022 01:00,4.75,6.88
28/01/2022 02:00,4.86,6.79
28/01/2022 03:00,5.64,6.69
28/01/2022 04:00,4.8,6.81
28/01/2022 05:00,3.77,7.03
28/01/2022 06:00,5.22,8.22
28/01/2022 07:00,8.37,9.47
28/01/2022 08:00,7.9,9.39
28/01/2022 09:00,7.74,9.26
28/01/2022 10:00,7.91,8.85
28/01/2022 11:00,8.18,8.2
28/01/2022 12:00,8.07,8.38
28/01/2022 13:00,9.19,8.88
28/01/2022 14:00,8.8,8.71
28/01/2022 15:00,8.31,8.76
28/01/2022 16:00,8.07,8.41
28/01/2022 17:00,7.6,8.47
28/01/2022 18:00,7.47,8.39
28/01/2022 19:00,6.7,8.82
28/01/2022 20:00,6.25,8.88
28/01/2022 21:00,5.5,8.6
28/01/2022 22:00,4.58,7.87
28/01/2022 23:00,3.71,7.46
29/01/2022 00:00,3.25,7.09
29/01/2022 01:00,3.77,6.96
29/01/2022 02:00,5.66,6.84
29/01/2022 03:00,5.4,6.95
29/01/2022 04:00,4.75,6.83
29/01/2022 05:00,4.75,7.34
29/01/2022 06:00,5.53,7.43
29/01/2022 07:00,7.56,8.29
29/01/2022 08:00,8.47,9.53
29/01/2022 09:00,8.83,10.3
29/01/2022 10:00,8,9.74
29/01/2022 11:00,7.63,9.11
29/01/2022 12:00,7.71,9.47
29/01/2022 13:00,7.07,9.85
29/01/2022 14:00,7.08,9.06
29/01/2022 15:00,6.87,8.84
29/01/2022 16:00,5.91,8.46
29/01/2022 17:00,5.95,9.1
29/01/2022 18:00,7.46,8.83
29/01/2022 19:00,7.1,9.02
29/01/2022 20:00,6.97,8.69
29/01/2022 21:00,6.38,8.49
29/01/2022 22:00,5.56,7.81
29/01/2022 23:00,4.91,7.49
30/01/2022 00:00,4.99,7.46
30/01/2022 01:00,4.99,6.94
30/01/2022 02:00,4.63,6.8
30/01/2022 03:00,3.92,6.75
30/01/2022 04:00,3.1,6.78
30/01/2022 05:00,3.8,6.96
30/01/2022 06:00,4.33,7.11
30/01/2022 07:00,5.72,8.02
30/01/2022 08:00,9.09,9.18
30/01/2022 09:00,11.25,10.51
30/01/2022 10:00,9.96,10.42
30/01/2022 11:00,8.4,10.05
30/01/2022 12:00,8.23,9.72
30/01/2022 13:00,8.07,9.59
30/01/2022 14:00,6.42,8.83
30/01/2022 15:00,5.47,8.71
30/01/2022 16:00,5.46,8.79
30/01/2022 17:00,5.79,9.47
30/01/2022 18:00,5.84,8.71
30/01/2022 19:00,5.88,9.29
30/01/2022 20:00,6.45,9.41
30/01/2022 21:00,6.7,8.65
30/01/2022 22:00,6.01,8.02
30/01/2022 23:00,9.14,7.49
31/01/2022 00:00,13.3,7.01
31/01/2022 01:00,4.58,6.85
31/01/2022 02:00,NaN,6.75
31/01/2022 03:00,5.92,6.87
31/01/2022 04:00,5.17,7.1
31/01/2022 05:00,5.23,7.1
31/01/2022 06:00,6.49,8.12
31/01/2022 07:00,8.76,9.66
31/01/2022 08:00,8.04,9.57
31/01/2022 09:00,7.95,9.06
31/01/2022 10:00,8.9,8.73
31/01/2022 11:00,8.82,8.4
31/01/2022 12:00,7.99,8.67
31/01/2022 13:00,8.17,NaN
31/01/2022 14:00,8.3,8.09
31/01/2022 15:00,7.72,8.54
31/01/2022 16:00,7.05,8.15
31/01/2022 17:00,6.22,8.16
31/01/2022 18:00,6.99,8.94
31/01/2022 19:00,7.93,8.93
31/01/2022 20:00,8.47,9.14
31/01/2022 21:00,7.27,8.32
31/01/2022 22:00,5.52,7.96
31/01/2022 23:00,5.02,7.43
1/2/2022 0:00,4.85,7.09
1/2/2022 1:00,4.89,6.95
1/2/2022 2:00,15.67,6.9
1/2/2022 3:00,4.97,6.92
1/2/2022 4:00,3.2,6.8
1/2/2022 5:00,3.67,7.25
1/2/2022 6:00,5.84,8.4
1/2/2022 7:00,9.18,9.61
1/2/2022 8:00,8.4,9.56
1/2/2022 9:00,7.78,9.47
1/2/2022 10:00,8.5,8.93
1/2/2022 11:00,8.69,8.71
1/2/2022 12:00,8.94,8.97
1/2/2022 13:00,8.86,8.69
1/2/2022 14:00,9.11,8.5
1/2/2022 15:00,7.8,8.55
1/2/2022 16:00,7.68,8.45
1/2/2022 17:00,6.55,8.36
1/2/2022 18:00,6.38,8.8
1/2/2022 19:00,7.7,9.06
1/2/2022 20:00,7.45,9.48
1/2/2022 21:00,5.85,8.33
1/2/2022 22:00,4.86,8.13
1/2/2022 23:00,5.79,7.61
2/2/2022 0:00,5.38,7.29
2/2/2022 1:00,4.83,6.93
2/2/2022 2:00,4.84,6.84
2/2/2022 3:00,4.98,7.19
2/2/2022 4:00,4.75,6.91
2/2/2022 5:00,5.63,7.42
2/2/2022 6:00,6.96,8.38
2/2/2022 7:00,9.18,9.72
2/2/2022 8:00,10.13,9.51
2/2/2022 9:00,9.22,9.21
2/2/2022 10:00,8,8.71
2/2/2022 11:00,8.37,8.65
2/2/2022 12:00,8.2,8.74
2/2/2022 13:00,8.19,8.81
2/2/2022 14:00,8.35,8.43
2/2/2022 15:00,7.65,8.31
2/2/2022 16:00,7.84,8.14
2/2/2022 17:00,8.86,8.25
2/2/2022 18:00,8.66,8.9
2/2/2022 19:00,8.65,9.18
2/2/2022 20:00,8.7,9.52
2/2/2022 21:00,8.17,8.96
2/2/2022 22:00,6.07,7.81
2/2/2022 23:00,5.43,7.56
3/2/2022 0:00,5.04,7.29
3/2/2022 1:00,3.39,6.96
3/2/2022 2:00,4.45,6.91
3/2/2022 3:00,4.62,6.89
3/2/2022 4:00,3.28,6.84
3/2/2022 5:00,4.58,7.28
3/2/2022 6:00,7.33,8.28
3/2/2022 7:00,9.62,9.51
3/2/2022 8:00,8.55,9.4
3/2/2022 9:00,8.98,9.23
3/2/2022 10:00,8.78,8.73
3/2/2022 11:00,8.39,8.39
3/2/2022 12:00,8.01,8.75
3/2/2022 13:00,8.25,8.91
3/2/2022 14:00,8.71,8.88
3/2/2022 15:00,7.41,8.71
3/2/2022 16:00,6.41,8.24
3/2/2022 17:00,6.58,8.38
3/2/2022 18:00,6.8,8.67
3/2/2022 19:00,8.47,9.32
3/2/2022 20:00,7.93,9.09
3/2/2022 21:00,6.57,8.44
3/2/2022 22:00,5.59,8.13
3/2/2022 23:00,4.99,7.63
4/2/2022 0:00,5,7.24
4/2/2022 1:00,5.13,7.12
4/2/2022 2:00,5.14,7.32
4/2/2022 3:00,5.89,7.63
4/2/2022 4:00,4.91,7.02
4/2/2022 5:00,4.6,7.33
4/2/2022 6:00,5.76,8.22
4/2/2022 7:00,8.23,9.63
4/2/2022 8:00,8.34,9.39
4/2/2022 9:00,9.09,9.33
4/2/2022 10:00,8.66,8.73
4/2/2022 11:00,8.25,8.36
4/2/2022 12:00,8.22,8.19
4/2/2022 13:00,8.42,8.58
4/2/2022 14:00,9.2,8.37
4/2/2022 15:00,8.36,8.12
4/2/2022 16:00,7.63,8.36
4/2/2022 17:00,7.26,8.08
4/2/2022 18:00,7.86,8.51
4/2/2022 19:00,7.23,8.92
4/2/2022 20:00,6.03,9.14
4/2/2022 21:00,5.34,8.31
4/2/2022 22:00,3.76,7.69
4/2/2022 23:00,4,7.54
5/2/2022 0:00,3.32,7.38
5/2/2022 1:00,3.94,6.95
5/2/2022 2:00,5.34,6.93
5/2/2022 3:00,5.29,6.89
5/2/2022 4:00,4.44,6.76
5/2/2022 5:00,4.36,7.18
5/2/2022 6:00,6.89,7.42
5/2/2022 7:00,6.95,8.43
5/2/2022 8:00,7.74,9.2
5/2/2022 9:00,8.34,9.85
5/2/2022 10:00,8.59,9.99
5/2/2022 11:00,7.25,9.44
5/2/2022 12:00,7.1,9.2
5/2/2022 13:00,7.57,9.28
5/2/2022 14:00,8.02,9.01
5/2/2022 15:00,6.9,8.81
5/2/2022 16:00,6.31,9.04
5/2/2022 17:00,6.07,9.24
5/2/2022 18:00,6.23,8.9
5/2/2022 19:00,6.95,8.91
5/2/2022 20:00,7.37,8.83
5/2/2022 21:00,6.48,8.18
5/2/2022 22:00,5.43,7.82
5/2/2022 23:00,5.28,7.51
6/2/2022 0:00,5.16,7.34
6/2/2022 1:00,4.91,7.05
6/2/2022 2:00,4.71,7.13
6/2/2022 3:00,4.75,6.87
6/2/2022 4:00,3.05,6.83
6/2/2022 5:00,3.33,6.85
6/2/2022 6:00,4.26,7.11
6/2/2022 7:00,5.95,8.02
6/2/2022 8:00,6.29,9.54
6/2/2022 9:00,7.73,10.11
6/2/2022 10:00,7.99,10.54
6/2/2022 11:00,7.61,10.07
6/2/2022 12:00,7.89,9.98
6/2/2022 13:00,7.37,9.72
6/2/2022 14:00,7.65,8.92
6/2/2022 15:00,6.7,9.34
6/2/2022 16:00,5.5,8.73
6/2/2022 17:00,5.83,9.28
6/2/2022 18:00,5.98,9.09
6/2/2022 19:00,6.62,8.99
6/2/2022 20:00,6.66,9.22
6/2/2022 21:00,5.3,8.45
6/2/2022 22:00,4.7,8.07
6/2/2022 23:00,8.34,7.78
7/2/2022 0:00,11.24,7.1
7/2/2022 1:00,4.82,6.99
7/2/2022 2:00,5.02,6.82
7/2/2022 3:00,5.35,6.84
7/2/2022 4:00,4.54,7.06
7/2/2022 5:00,4.2,7.44
7/2/2022 6:00,5.36,8.23
7/2/2022 7:00,9.1,9.52
7/2/2022 8:00,8.63,9.31
7/2/2022 9:00,7.73,9.1
7/2/2022 10:00,8.64,8.97
7/2/2022 11:00,8,8.74
7/2/2022 12:00,7.76,8.68
7/2/2022 13:00,8.7,9.08
7/2/2022 14:00,7.98,8.8
7/2/2022 15:00,7.14,8.51
7/2/2022 16:00,7.7,8.63
7/2/2022 17:00,8.35,8.34
7/2/2022 18:00,7.51,8.71
7/2/2022 19:00,8.16,9.18
7/2/2022 20:00,8.08,9.23
7/2/2022 21:00,7.18,8.53
7/2/2022 22:00,5.58,7.98
7/2/2022 23:00,4.66,7.41
8/2/2022 0:00,3.4,7.2
8/2/2022 1:00,3.47,6.94
8/2/2022 2:00,15.57,6.88
8/2/2022 3:00,4.14,6.85
8/2/2022 4:00,4.01,6.99
8/2/2022 5:00,4.81,7.37
8/2/2022 6:00,6.8,8.3
8/2/2022 7:00,8.44,9.67
8/2/2022 8:00,9.06,10.36
8/2/2022 9:00,8.77,9.69
8/2/2022 10:00,9.13,9.56
8/2/2022 11:00,9.27,9.11
8/2/2022 12:00,8.54,8.38
8/2/2022 13:00,8.06,8.74
8/2/2022 14:00,7.87,9.03
8/2/2022 15:00,7.8,8.62
8/2/2022 16:00,6.66,8.7
8/2/2022 17:00,6.27,8.36
8/2/2022 18:00,6.72,8.75
8/2/2022 19:00,8.3,9.12
8/2/2022 20:00,8.81,9.73
8/2/2022 21:00,7.19,8.56
8/2/2022 22:00,6.11,7.99
8/2/2022 23:00,5.79,7.5
9/2/2022 0:00,5.03,7.13
9/2/2022 1:00,4.77,6.93
9/2/2022 2:00,4.55,6.98
9/2/2022 3:00,4.62,6.89
9/2/2022 4:00,4.62,6.86
9/2/2022 5:00,4.21,7.24
9/2/2022 6:00,5.36,8.25
9/2/2022 7:00,8.09,10.07
9/2/2022 8:00,9.06,9.51
9/2/2022 9:00,8.56,8.98
9/2/2022 10:00,8.33,8.79
9/2/2022 11:00,7.49,8.36
9/2/2022 12:00,7.79,8.92
9/2/2022 13:00,9.01,8.82
9/2/2022 14:00,8.83,8.37
9/2/2022 15:00,7.87,8.32
9/2/2022 16:00,7.52,8.91
9/2/2022 17:00,7.15,8.44
9/2/2022 18:00,7.57,8.81
9/2/2022 19:00,7.88,9.25
9/2/2022 20:00,7.55,9.39
9/2/2022 21:00,5.51,8.55
9/2/2022 22:00,4.53,8.1
9/2/2022 23:00,4.05,7.43
10/2/2022 0:00,3.62,7.11
10/2/2022 1:00,3.44,6.85
10/2/2022 2:00,5.27,6.8
10/2/2022 3:00,6.02,6.84
10/2/2022 4:00,4.67,6.98
10/2/2022 5:00,4.92,7.42
10/2/2022 6:00,6.83,8.48
10/2/2022 7:00,9.37,9.79
10/2/2022 8:00,9.65,9.14
10/2/2022 9:00,8.59,8.84
10/2/2022 10:00,8.62,8.24
10/2/2022 11:00,7.87,8.11
10/2/2022 12:00,8.31,8.24
10/2/2022 13:00,8.53,8.63
10/2/2022 14:00,7.64,8.19
10/2/2022 15:00,7.45,8.06
10/2/2022 16:00,6.91,8.12
10/2/2022 17:00,7.17,8.67
10/2/2022 18:00,8.07,8.55
10/2/2022 19:00,8.43,9
10/2/2022 20:00,8.25,9
10/2/2022 21:00,6.86,8.44
10/2/2022 22:00,5.39,7.91
10/2/2022 23:00,5.04,7.46
11/2/2022 0:00,5.06,7.14
11/2/2022 1:00,4.65,6.92
11/2/2022 2:00,3.4,6.86
11/2/2022 3:00,4.15,6.9
11/2/2022 4:00,3.56,6.97
11/2/2022 5:00,3.52,7.23
11/2/2022 6:00,5.16,8.22
11/2/2022 7:00,9.21,9.43
11/2/2022 8:00,8.52,9.32
11/2/2022 9:00,8.82,8.98
11/2/2022 10:00,8.09,8.9
11/2/2022 11:00,8.88,8.29
11/2/2022 12:00,10.13,8.27
11/2/2022 13:00,10.69,8.62
11/2/2022 14:00,8.05,8.51
11/2/2022 15:00,8.22,8.59
11/2/2022 16:00,6.6,8.28
11/2/2022 17:00,6.92,8.46
11/2/2022 18:00,6.68,8.93
11/2/2022 19:00,6.67,9.34
11/2/2022 20:00,8.13,8.94
11/2/2022 21:00,7.75,8.7
11/2/2022 22:00,6.16,7.79
11/2/2022 23:00,5.53,7.6
12/2/2022 0:00,5.22,7.2
12/2/2022 1:00,4.99,6.94
12/2/2022 2:00,5.74,7.06
12/2/2022 3:00,5.88,6.92
12/2/2022 4:00,4.75,6.3
12/2/2022 5:00,5.06,7.01
12/2/2022 6:00,5.98,7.48
12/2/2022 7:00,6.57,8.66
12/2/2022 8:00,6.95,9.98
12/2/2022 9:00,7.2,10.27
12/2/2022 10:00,7.66,10.19
12/2/2022 11:00,7.2,10.17
12/2/2022 12:00,8.22,9.8
12/2/2022 13:00,7.92,10.01
12/2/2022 14:00,7.66,9.44
12/2/2022 15:00,8.07,9
12/2/2022 16:00,7.28,9.12
12/2/2022 17:00,7.65,9
12/2/2022 18:00,7.24,9.04
12/2/2022 19:00,7.36,8.78
12/2/2022 20:00,7.68,8.71
12/2/2022 21:00,6.86,8.35
12/2/2022 22:00,5.6,7.92
12/2/2022 23:00,4.26,7.64
13/02/2022 00:00,3.75,7.52
13/02/2022 01:00,3.65,7.14
13/02/2022 02:00,3.35,6.9
13/02/2022 03:00,3.72,6.85
13/02/2022 04:00,4.7,6.83
13/02/2022 05:00,4.9,7.07
13/02/2022 06:00,6.04,7.37
13/02/2022 07:00,6.99,8.02
13/02/2022 08:00,8.62,9.67
13/02/2022 09:00,9.1,10.66
13/02/2022 10:00,8.9,10.64
13/02/2022 11:00,7.91,10.31
13/02/2022 12:00,6.72,9.58
13/02/2022 13:00,6.73,9.59
13/02/2022 14:00,6.36,9.18
13/02/2022 15:00,5.92,8.96
13/02/2022 16:00,5.27,8.91
13/02/2022 17:00,5.63,8.89
13/02/2022 18:00,6.44,9.2
13/02/2022 19:00,6.52,9.33
13/02/2022 20:00,7.36,9.31
13/02/2022 21:00,6.01,9.03
13/02/2022 22:00,5,8.11
13/02/2022 23:00,8.57,7.47
14/02/2022 00:00,11.31,7.12
14/02/2022 01:00,4.39,6.9
14/02/2022 02:00,4.53,6.85
14/02/2022 03:00,5.59,7.02
14/02/2022 04:00,3.6,7.13
14/02/2022 05:00,3.71,7.33
14/02/2022 06:00,5.25,8.09
14/02/2022 07:00,7.54,9.55
14/02/2022 08:00,7.6,9.04
14/02/2022 09:00,8.49,9.28
14/02/2022 10:00,9.47,8.84
14/02/2022 11:00,9.39,8.32
14/02/2022 12:00,9.47,8.38
14/02/2022 13:00,9.45,8.74
14/02/2022 14:00,10.25,8.49
14/02/2022 15:00,8.65,8.48
14/02/2022 16:00,7.59,8.38
14/02/2022 17:00,6.03,8.28
14/02/2022 18:00,6.32,8.4
14/02/2022 19:00,6.83,9.12
14/02/2022 20:00,6.39,9.14
14/02/2022 21:00,5.51,8.29
14/02/2022 22:00,4,8.08
14/02/2022 23:00,4.84,7.5
15/02/2022 00:00,4.85,7.14
15/02/2022 01:00,4.51,6.98
15/02/2022 02:00,16.47,7.01
15/02/2022 03:00,5.67,6.98
15/02/2022 04:00,4.46,7.05
15/02/2022 05:00,4.82,7.2
15/02/2022 06:00,6.75,8.01
15/02/2022 07:00,8.9,9.51
15/02/2022 08:00,9.4,9.14
15/02/2022 09:00,9.19,8.64
15/02/2022 10:00,8.77,8.69
15/02/2022 11:00,7.51,8.22
15/02/2022 12:00,7.61,8.36
15/02/2022 13:00,7.78,8.48
15/02/2022 14:00,8.06,8.14
15/02/2022 15:00,7.49,8.02
15/02/2022 16:00,6.94,7.97
15/02/2022 17:00,7.26,8.15
15/02/2022 18:00,7.29,8.38
15/02/2022 19:00,7.69,9.01
15/02/2022 20:00,8.07,9.26
15/02/2022 21:00,6.39,8.7
15/02/2022 22:00,5.81,7.88
15/02/2022 23:00,5.49,7.68
16/02/2022 00:00,4.81,7.2
16/02/2022 01:00,3.98,6.93
16/02/2022 02:00,3.65,6.98
16/02/2022 03:00,3.6,6.85
16/02/2022 04:00,3.7,6.89
16/02/2022 05:00,5.81,7.28
16/02/2022 06:00,7.25,8.34
16/02/2022 07:00,9.79,9.38
16/02/2022 08:00,8.74,9.4
16/02/2022 09:00,8.78,9.32
16/02/2022 10:00,8.59,8.69
16/02/2022 11:00,8.39,8.58
16/02/2022 12:00,8.69,8.64
16/02/2022 13:00,7.77,9.02
16/02/2022 14:00,8.24,8.26
16/02/2022 15:00,8.92,8.11
16/02/2022 16:00,6.6,8.39
16/02/2022 17:00,6.16,8.32
16/02/2022 18:00,6.62,8.81
16/02/2022 19:00,7.32,9.08
16/02/2022 20:00,8.18,9.15
16/02/2022 21:00,6.36,8.75
16/02/2022 22:00,5.56,8.03
16/02/2022 23:00,5.1,7.63
17/02/2022 00:00,4.75,7.12
17/02/2022 01:00,4.41,6.99
17/02/2022 02:00,5.04,7.01
17/02/2022 03:00,5.72,6.97
17/02/2022 04:00,4.56,6.85
17/02/2022 05:00,3.88,7.22
17/02/2022 06:00,4.96,8.17
17/02/2022 07:00,7.77,9.54
17/02/2022 08:00,7.76,9.32
17/02/2022 09:00,8.37,8.83
17/02/2022 10:00,7.33,8.7
17/02/2022 11:00,7.83,8.09
17/02/2022 12:00,8.87,8.06
17/02/2022 13:00,8.38,8.58
17/02/2022 14:00,8.08,8.3
17/02/2022 15:00,8.05,8.54
17/02/2022 16:00,7.74,8.51
17/02/2022 17:00,6.79,8.35
17/02/2022 18:00,NaN,8.92
17/02/2022 19:00,6.64,8.98
17/02/2022 20:00,6.54,9.12
17/02/2022 21:00,5.3,8.72
17/02/2022 22:00,3.66,7.91
17/02/2022 23:00,3.78,7.73
18/02/2022 00:00,3.07,7.16
18/02/2022 01:00,3.98,6.96
18/02/2022 02:00,3.96,6.99
18/02/2022 03:00,4.9,7
18/02/2022 04:00,4.59,6.92
18/02/2022 05:00,4.3,7.24
18/02/2022 06:00,5.7,8.43
18/02/2022 07:00,8.41,9.82
18/02/2022 08:00,8.63,9.29
18/02/2022 09:00,8.69,9.01
18/02/2022 10:00,9.06,8.7
18/02/2022 11:00,7.23,8.36
18/02/2022 12:00,7.3,8.46
18/02/2022 13:00,7.89,8.34
18/02/2022 14:00,7.94,8.41
18/02/2022 15:00,8.08,8.86
18/02/2022 16:00,6.66,8.44
18/02/2022 17:00,6.62,8.39
18/02/2022 18:00,6.75,8.6
18/02/2022 19:00,7.19,8.85
18/02/2022 20:00,7.25,8.84
18/02/2022 21:00,6.59,8.46
18/02/2022 22:00,5.24,7.79
18/02/2022 23:00,5.05,7.55
19/02/2022 00:00,4.91,7.13
19/02/2022 01:00,4.85,6.85
19/02/2022 02:00,5.02,6.89
19/02/2022 03:00,4.01,6.97
19/02/2022 04:00,2.81,6.86
19/02/2022 05:00,3,7.14
19/02/2022 06:00,4.18,7.35
19/02/2022 07:00,6.15,8.37
19/02/2022 08:00,7.25,9.24
19/02/2022 09:00,7.58,9.6
19/02/2022 10:00,7.79,9.4
19/02/2022 11:00,7.39,8.67
19/02/2022 12:00,7.75,9.27
19/02/2022 13:00,7.78,9.32
19/02/2022 14:00,6.03,9.52
19/02/2022 15:00,5.92,8.53
19/02/2022 16:00,5.96,8.65
19/02/2022 17:00,6.11,8.87
19/02/2022 18:00,5.37,8.58
19/02/2022 19:00,5.31,9.11
19/02/2022 20:00,5.35,8.82
19/02/2022 21:00,6.01,8.37
19/02/2022 22:00,4.87,7.9
19/02/2022 23:00,4.53,7.64
20/02/2022 00:00,4.43,7.43
20/02/2022 01:00,4.11,7.18
20/02/2022 02:00,4.08,6.87
20/02/2022 03:00,3.99,6.82
20/02/2022 04:00,4.26,6.85
20/02/2022 05:00,4.82,6.87
20/02/2022 06:00,5.55,7.15
20/02/2022 07:00,6.33,7.98
20/02/2022 08:00,7.13,9.32
20/02/2022 09:00,7.03,10.31
20/02/2022 10:00,7.35,10.23
20/02/2022 11:00,6.8,10.15
20/02/2022 12:00,7.55,9.82
20/02/2022 13:00,6.35,9.86
20/02/2022 14:00,6.14,9.28
20/02/2022 15:00,6.59,9.29
20/02/2022 16:00,5.12,9.18
20/02/2022 17:00,6.33,9.07
20/02/2022 18:00,6.81,9.44
20/02/2022 19:00,6.72,9.24
20/02/2022 20:00,7.05,9.06
20/02/2022 21:00,6.51,8.58
20/02/2022 22:00,5.42,7.81
20/02/2022 23:00,8.44,7.69
21/02/2022 00:00,10.54,7.27
21/02/2022 01:00,3.31,6.88
21/02/2022 02:00,2.73,6.75
21/02/2022 03:00,3.47,6.82
21/02/2022 04:00,3.16,7.02
21/02/2022 05:00,3.18,7.23
21/02/2022 06:00,6.61,8.07
21/02/2022 07:00,8.75,9.56
21/02/2022 08:00,8.94,9.43
21/02/2022 09:00,8.53,9.22
21/02/2022 10:00,8.77,9.04
21/02/2022 11:00,8.32,8.89
21/02/2022 12:00,8.81,8.61
21/02/2022 13:00,7.6,8.77
21/02/2022 14:00,7.45,8.3
21/02/2022 15:00,6.82,8.27
21/02/2022 16:00,7.12,8.46
21/02/2022 17:00,7.08,8.71
21/02/2022 18:00,6.04,9.04
21/02/2022 19:00,7.32,9.14
21/02/2022 20:00,7.7,9.71
21/02/2022 21:00,6.59,8.65
21/02/2022 22:00,5.78,7.83
21/02/2022 23:00,5.23,7.67
22/02/2022 00:00,4.4,7.17
22/02/2022 01:00,4.12,6.96
22/02/2022 02:00,16.14,6.84
22/02/2022 03:00,5.43,6.81
22/02/2022 04:00,4.32,6.83
22/02/2022 05:00,3.97,7.22
22/02/2022 06:00,5.09,8.11
22/02/2022 07:00,8.76,9.58
22/02/2022 08:00,8.28,9.5
22/02/2022 09:00,8.03,9.31
22/02/2022 10:00,7.93,8.7
22/02/2022 11:00,7.73,8.38
22/02/2022 12:00,8.16,8.59
22/02/2022 13:00,8.83,8.95
22/02/2022 14:00,8.82,8.72
22/02/2022 15:00,8.18,8.41
22/02/2022 16:00,7.49,8.23
22/02/2022 17:00,7.25,8.46
22/02/2022 18:00,7.37,8.86
22/02/2022 19:00,7.61,9.06
22/02/2022 20:00,6.91,9.35
22/02/2022 21:00,5.56,8.85
22/02/2022 22:00,4.06,8.03
22/02/2022 23:00,3.2,7.68
23/02/2022 00:00,2.73,7.28
23/02/2022 01:00,2.73,7.01
23/02/2022 02:00,3.76,7.07
23/02/2022 03:00,3.58,6.94
23/02/2022 04:00,3.63,7.13
23/02/2022 05:00,4,7.52
23/02/2022 06:00,5.99,8.61
23/02/2022 07:00,8.42,9.91
23/02/2022 08:00,8.85,9.54
23/02/2022 09:00,8.72,9.18
23/02/2022 10:00,8.78,8.83
23/02/2022 11:00,7.65,8.87
23/02/2022 12:00,8.33,8.24
23/02/2022 13:00,7.83,8.58
23/02/2022 14:00,7.61,8.28
23/02/2022 15:00,7.78,8.49
23/02/2022 16:00,7.58,8.32
23/02/2022 17:00,7.45,8.16
23/02/2022 18:00,7.65,8.53
23/02/2022 19:00,8.01,9.43
23/02/2022 20:00,NaN,9.43
23/02/2022 21:00,7.02,8.63
23/02/2022 22:00,5.24,7.94
23/02/2022 23:00,4.74,7.52
24/02/2022 00:00,4.43,7.16
24/02/2022 01:00,4.36,6.91
24/02/2022 02:00,4.44,6.77
24/02/2022 03:00,4.29,6.79
24/02/2022 04:00,3.09,6.92
24/02/2022 05:00,4.07,7.33
24/02/2022 06:00,5.04,8.41
24/02/2022 07:00,9.37,9.72
24/02/2022 08:00,10.32,9.5
24/02/2022 09:00,11.13,8.85
24/02/2022 10:00,11.41,8.79
24/02/2022 11:00,8.26,8.59
24/02/2022 12:00,8.1,8.52
24/02/2022 13:00,7.8,8.87
24/02/2022 14:00,7.97,8.42
24/02/2022 15:00,7.8,8.23
24/02/2022 16:00,6.7,8.3
24/02/2022 17:00,6.22,8.12
24/02/2022 18:00,6.11,8.79
24/02/2022 19:00,7.25,8.92
24/02/2022 20:00,8.08,9.14
24/02/2022 21:00,6.72,8.4
24/02/2022 22:00,5.53,7.79
24/02/2022 23:00,5.3,7.65
25/02/2022 00:00,4.98,7.29
25/02/2022 01:00,4.81,6.94
25/02/2022 02:00,5.28,7.05
25/02/2022 03:00,5.99,6.93
25/02/2022 04:00,4.93,7.04
25/02/2022 05:00,5.02,7.34
25/02/2022 06:00,5.63,8.62
25/02/2022 07:00,8.38,9.64
25/02/2022 08:00,7.95,9.32
25/02/2022 09:00,7.6,9.03
25/02/2022 10:00,7.63,8.84
25/02/2022 11:00,7.69,8.86
25/02/2022 12:00,7.61,8.53
25/02/2022 13:00,8.16,8.7
25/02/2022 14:00,9.74,8.54
25/02/2022 15:00,9.71,8.19
25/02/2022 16:00,8.16,8.32
25/02/2022 17:00,6.68,8.42
25/02/2022 18:00,6.86,9.24
25/02/2022 19:00,8.06,8.9
25/02/2022 20:00,7.84,8.94
25/02/2022 21:00,6.16,8.46
25/02/2022 22:00,4.52,7.91
25/02/2022 23:00,3.59,7.65
26/02/2022 00:00,3.17,7.41
26/02/2022 01:00,2.97,7.03
26/02/2022 02:00,4.91,7.11
26/02/2022 03:00,5.54,7.01
26/02/2022 04:00,4.27,6.91
26/02/2022 05:00,4.61,7.06
26/02/2022 06:00,6.2,7.39
26/02/2022 07:00,7.47,8.92
26/02/2022 08:00,8.31,9.67
26/02/2022 09:00,7.82,10.03
26/02/2022 10:00,7.72,9.57
26/02/2022 11:00,6.91,9.36
26/02/2022 12:00,6.46,9.53
26/02/2022 13:00,6.99,9.08
26/02/2022 14:00,6.62,9.11
26/02/2022 15:00,7.05,8.97
26/02/2022 16:00,5.93,8.54
26/02/2022 17:00,5.27,8.59
26/02/2022 18:00,6.69,9.05
26/02/2022 19:00,6.84,9.01
26/02/2022 20:00,7.05,8.74
26/02/2022 21:00,6.16,7.95
26/02/2022 22:00,5.24,7.89
26/02/2022 23:00,4.91,7.67
27/02/2022 00:00,4.63,7.19
27/02/2022 01:00,4.42,7.2
27/02/2022 02:00,4.4,6.93
27/02/2022 03:00,3.81,6.92
27/02/2022 04:00,2.9,6.76
27/02/2022 05:00,3.28,6.88
27/02/2022 06:00,4.23,7.29
27/02/2022 07:00,5.38,8.4
27/02/2022 08:00,7.92,9.24
27/02/2022 09:00,8.34,10.3
27/02/2022 10:00,9.14,10.13
27/02/2022 11:00,8.33,9.58
27/02/2022 12:00,7.99,9.7
27/02/2022 13:00,7.28,9.35
27/02/2022 14:00,7.17,8.72
27/02/2022 15:00,6.08,8.54
27/02/2022 16:00,4.91,8.59
27/02/2022 17:00,4.9,9.05
27/02/2022 18:00,4.97,8.75
27/02/2022 19:00,5.57,9.17
27/02/2022 20:00,5.79,9.19
27/02/2022 21:00,6.1,8.14
27/02/2022 22:00,5.6,7.84
27/02/2022 23:00,8.52,7.44
28/02/2022 00:00,10.89,7.16
28/02/2022 01:00,4.07,7.05
28/02/2022 02:00,4.16,6.82
28/02/2022 03:00,5.09,6.9
28/02/2022 04:00,4.28,7.31
28/02/2022 05:00,4.47,7.25
28/02/2022 06:00,5.85,7.94
28/02/2022 07:00,8.12,9.46
28/02/2022 08:00,8.57,9.7
28/02/2022 09:00,8.99,9.42
28/02/2022 10:00,8.76,NaN
28/02/2022 11:00,8.04,8.55
28/02/2022 12:00,8.85,9.12
28/02/2022 13:00,8.95,8.89
28/02/2022 14:00,8.14,9.04
28/02/2022 15:00,8.11,8.89
28/02/2022 16:00,7.56,8.47
28/02/2022 17:00,7.56,8.49
28/02/2022 18:00,8.1,8.68
28/02/2022 19:00,7.85,9.26
28/02/2022 20:00,7.55,8.96
28/02/2022 21:00,6.86,8.44
28/02/2022 22:00,5.62,7.84
28/02/2022 23:00,4.16,7.52
1/3/2022 0:00,3.29,7.16
1/3/2022 1:00,3.33,6.94
1/3/2022 2:00,15.38,7.1
1/3/2022 3:00,4.3,7.05
1/3/2022 4:00,4.37,7.12
1/3/2022 5:00,4.79,7.4
1/3/2022 6:00,6.19,7.92
1/3/2022 7:00,8.69,9.19
1/3/2022 8:00,8.77,9.08
1/3/2022 9:00,8.79,9.31
1/3/2022 10:00,9.32,8.83
1/3/2022 11:00,10.68,8.51
1/3/2022 12:00,10.28,8.68
1/3/2022 13:00,9.66,8.95
1/3/2022 14:00,8.96,8.93
1/3/2022 15:00,8.61,8.39
1/3/2022 16:00,7.46,8.59
1/3/2022 17:00,6.97,8.3
1/3/2022 18:00,6.89,9
1/3/2022 19:00,7.84,8.93
1/3/2022 20:00,7.99,8.91
1/3/2022 21:00,6.55,8.51
1/3/2022 22:00,5.15,7.87
1/3/2022 23:00,4.81,7.39
2/3/2022 0:00,4.63,7.36
2/3/2022 1:00,4.35,7.01
2/3/2022 2:00,4.24,6.92
2/3/2022 3:00,4.43,6.86
2/3/2022 4:00,4.42,6.98
2/3/2022 5:00,4.06,7.28
2/3/2022 6:00,5.71,8.09
2/3/2022 7:00,8.41,9.47
2/3/2022 8:00,8.87,9.85
2/3/2022 9:00,9.42,9.42
2/3/2022 10:00,9.11,9.24
2/3/2022 11:00,8.87,9.25
2/3/2022 12:00,9.8,9.16
2/3/2022 13:00,10.48,8.94
2/3/2022 14:00,8.44,8.89
2/3/2022 15:00,7.32,8.53
2/3/2022 16:00,7.14,8.45
2/3/2022 17:00,6.98,8.42
2/3/2022 18:00,7.38,8.98
2/3/2022 19:00,6.73,9.36
2/3/2022 20:00,6.82,9.21
2/3/2022 21:00,6.77,8.63
2/3/2022 22:00,5.21,8.14
2/3/2022 23:00,5.14,7.6
3/3/2022 0:00,4.77,7.29
3/3/2022 1:00,4.32,7.09
3/3/2022 2:00,5.03,7.08
3/3/2022 3:00,5.65,7.02
3/3/2022 4:00,4.7,7.04
3/3/2022 5:00,4.6,7.4
3/3/2022 6:00,6.78,8.27
3/3/2022 7:00,9.33,9.68
3/3/2022 8:00,8.32,9.35
3/3/2022 9:00,8.66,9.15
3/3/2022 10:00,8.3,8.83
3/3/2022 11:00,8.53,8.68
3/3/2022 12:00,8.91,8.65
3/3/2022 13:00,9.01,8.92
3/3/2022 14:00,8.44,8.74
3/3/2022 15:00,8.13,8.66
3/3/2022 16:00,7.97,8.9
3/3/2022 17:00,7.61,8.66
3/3/2022 18:00,7.96,9
3/3/2022 19:00,8.22,9.35
3/3/2022 20:00,7.74,9.26
3/3/2022 21:00,7.48,8.74
3/3/2022 22:00,5.51,8.11
3/3/2022 23:00,4.14,7.87
4/3/2022 0:00,3.86,7.41
4/3/2022 1:00,3.24,7.2
4/3/2022 2:00,3.45,7.3
4/3/2022 3:00,4.94,7.27
4/3/2022 4:00,4.96,7.26
4/3/2022 5:00,5.12,7.49
4/3/2022 6:00,6.85,9
4/3/2022 7:00,8.46,9.94
4/3/2022 8:00,9.51,9.87
4/3/2022 9:00,9.02,9.28
4/3/2022 10:00,9.27,9.32
4/3/2022 11:00,8.36,9.08
4/3/2022 12:00,8.08,8.94
4/3/2022 13:00,NaN,9.17
4/3/2022 14:00,7.8,8.83
4/3/2022 15:00,7.45,8.79
4/3/2022 16:00,6.8,8.61
4/3/2022 17:00,6.65,8.39
4/3/2022 18:00,7.41,8.86
4/3/2022 19:00,7.24,9.51
4/3/2022 20:00,7.81,9.33
4/3/2022 21:00,6.44,8.55
4/3/2022 22:00,5.56,8.15
4/3/2022 23:00,5.28,7.91
5/3/2022 0:00,5.12,7.53
5/3/2022 1:00,4.81,7.22
5/3/2022 2:00,5.37,7.28
5/3/2022 3:00,5.65,7.11
5/3/2022 4:00,3.36,7.2
5/3/2022 5:00,3.27,7.34
5/3/2022 6:00,4.36,7.63
5/3/2022 7:00,6.34,8.99
5/3/2022 8:00,7.62,10.3
5/3/2022 9:00,7.83,10.59
5/3/2022 10:00,8.5,10
5/3/2022 11:00,9.35,9.73
5/3/2022 12:00,7.99,9.51
5/3/2022 13:00,8.1,9.39
5/3/2022 14:00,8.09,9.44
5/3/2022 15:00,7.52,9.21
5/3/2022 16:00,7.27,9.59
5/3/2022 17:00,6.1,9.44
5/3/2022 18:00,5.92,9.23
5/3/2022 19:00,6.47,9.01
5/3/2022 20:00,6.44,8.93
5/3/2022 21:00,5.9,8.72
5/3/2022 22:00,5,8.1
5/3/2022 23:00,5.05,7.69
6/3/2022 0:00,5.11,7.61
6/3/2022 1:00,4.83,7.2
6/3/2022 2:00,4.56,7.17
6/3/2022 3:00,4.79,6.99
6/3/2022 4:00,5.14,7.07
6/3/2022 5:00,5.04,7.19
6/3/2022 6:00,5.46,7.47
6/3/2022 7:00,7.23,8.5
6/3/2022 8:00,7.58,10.29
6/3/2022 9:00,8.26,10.8
6/3/2022 10:00,8.36,10.78
6/3/2022 11:00,7.02,9.58
6/3/2022 12:00,6.39,9.66
6/3/2022 13:00,5.93,9.56
6/3/2022 14:00,6.33,9.1
6/3/2022 15:00,6.41,8.9
6/3/2022 16:00,6.14,9
6/3/2022 17:00,6.67,9.27
6/3/2022 18:00,7.26,9.84
6/3/2022 19:00,8.02,9.26
6/3/2022 20:00,7.31,9.53
6/3/2022 21:00,7.07,8.77
6/3/2022 22:00,6.04,8.21
6/3/2022 23:00,8.76,7.81
7/3/2022 0:00,12.7,7.47
7/3/2022 1:00,4.58,7.26
7/3/2022 2:00,3.2,7.06
7/3/2022 3:00,3.17,7.11
7/3/2022 4:00,3.46,7.45
7/3/2022 5:00,4.36,7.69
7/3/2022 6:00,6.29,8.62
7/3/2022 7:00,9.57,9.69
7/3/2022 8:00,8.89,9.76
7/3/2022 9:00,8.71,9.22
7/3/2022 10:00,9.41,9.05
7/3/2022 11:00,9.56,8.89
7/3/2022 12:00,9.67,9.47
7/3/2022 13:00,8.8,9.25
7/3/2022 14:00,8.32,8.85
7/3/2022 15:00,8.95,8.72
7/3/2022 16:00,6.87,8.98
7/3/2022 17:00,6.4,8.62
7/3/2022 18:00,6.31,8.65
7/3/2022 19:00,7.61,9.25
7/3/2022 20:00,7.76,9.33
7/3/2022 21:00,6.59,9.1
7/3/2022 22:00,5.67,8.34
7/3/2022 23:00,4.93,7.74
8/3/2022 0:00,4.29,7.38
8/3/2022 1:00,4.35,7.19
8/3/2022 2:00,15.33,7.16
8/3/2022 3:00,5.48,7.17
8/3/2022 4:00,4.43,7.11
8/3/2022 5:00,4.49,7.6
8/3/2022 6:00,5.79,8.67
8/3/2022 7:00,8.76,9.81
8/3/2022 8:00,8.02,9.84
8/3/2022 9:00,7.72,9.07
8/3/2022 10:00,9.54,9.33
8/3/2022 11:00,9.5,8.8
8/3/2022 12:00,8.36,9.08
8/3/2022 13:00,9.16,8.6
8/3/2022 14:00,9.88,8.68
8/3/2022 15:00,9.18,8.58
8/3/2022 16:00,7.75,8.57
8/3/2022 17:00,8.03,8.65
8/3/2022 18:00,7.16,8.78
8/3/2022 19:00,7.29,9.13
8/3/2022 20:00,7.86,9.56
8/3/2022 21:00,6.54,9.16
8/3/2022 22:00,4.99,8.56
8/3/2022 23:00,4.46,7.85
9/3/2022 0:00,3.82,7.36
9/3/2022 1:00,3.43,7.21
9/3/2022 2:00,3.19,7.14
9/3/2022 3:00,4.25,7.22
9/3/2022 4:00,4.55,7.19
9/3/2022 5:00,4.77,7.5
9/3/2022 6:00,6.3,8.64
9/3/2022 7:00,9.37,10.19
9/3/2022 8:00,9.03,9.73
9/3/2022 9:00,8.77,9.04
9/3/2022 10:00,9.12,8.93
9/3/2022 11:00,8.47,9.09
9/3/2022 12:00,8.47,9.06
9/3/2022 13:00,8.77,8.72
9/3/2022 14:00,8.37,8.93
9/3/2022 15:00,7.84,8.92
9/3/2022 16:00,7.05,8.69
9/3/2022 17:00,6.86,8.66
9/3/2022 18:00,8.02,8.94
9/3/2022 19:00,7.96,9.67
9/3/2022 20:00,8.09,9.41
9/3/2022 21:00,7.04,8.69
9/3/2022 22:00,6.29,8.2
9/3/2022 23:00,5.65,7.82
10/3/2022 0:00,4.91,7.47
10/3/2022 1:00,4.66,7.08
10/3/2022 2:00,5.01,7.15
10/3/2022 3:00,4.4,7.09
10/3/2022 4:00,3.27,7.13
10/3/2022 5:00,3.55,7.32
10/3/2022 6:00,6.86,8.61
10/3/2022 7:00,8.45,10.08
10/3/2022 8:00,7.91,9.79
10/3/2022 9:00,9.42,9.48
10/3/2022 10:00,9.13,9.06
10/3/2022 11:00,9,8.84
10/3/2022 12:00,8.63,8.99
10/3/2022 13:00,8.93,9.14
10/3/2022 14:00,9.63,8.89
10/3/2022 15:00,8.89,9.08
10/3/2022 16:00,6.56,8.63
10/3/2022 17:00,7.13,8.58
10/3/2022 18:00,6.43,8.9
10/3/2022 19:00,6.68,9.15
10/3/2022 20:00,6.46,9.62
10/3/2022 21:00,5.12,8.91
10/3/2022 22:00,5.46,8.2
10/3/2022 23:00,5.21,7.65
11/3/2022 0:00,4.27,7.48
11/3/2022 1:00,4.26,7.1
11/3/2022 2:00,4.13,7.17
11/3/2022 3:00,5.18,7.24
11/3/2022 4:00,4.55,7.09
11/3/2022 5:00,4.87,7.26
11/3/2022 6:00,6.24,8.52
11/3/2022 7:00,9.29,10.24
11/3/2022 8:00,8.97,9.42
11/3/2022 9:00,8.49,9.04
11/3/2022 10:00,8.48,9.15
11/3/2022 11:00,7.6,9.01
11/3/2022 12:00,7.75,8.5
11/3/2022 13:00,8.02,8.66
11/3/2022 14:00,8.27,9.13
11/3/2022 15:00,7.67,8.79
11/3/2022 16:00,7.43,8.4
11/3/2022 17:00,7.15,8.84
11/3/2022 18:00,7.07,9.12
11/3/2022 19:00,7.11,9.11
11/3/2022 20:00,7.13,9.43
11/3/2022 21:00,6.52,8.74
11/3/2022 22:00,5.56,8.05
11/3/2022 23:00,5.03,7.74
12/3/2022 0:00,3.68,7.71
12/3/2022 1:00,3.49,7.34
12/3/2022 2:00,4.05,7.31
12/3/2022 3:00,4.21,7.13
12/3/2022 4:00,3.88,7.16
12/3/2022 5:00,4.94,7.27
12/3/2022 6:00,5.29,8.09
12/3/2022 7:00,7.45,9.49
12/3/2022 8:00,8.79,10.12
12/3/2022 9:00,7.96,10.6
12/3/2022 10:00,8.43,10.4
12/3/2022 11:00,8.29,9.82
12/3/2022 12:00,7.57,9.33
12/3/2022 13:00,7.47,9.57
12/3/2022 14:00,6.25,9.65
12/3/2022 15:00,6.29,9.37
12/3/2022 16:00,5.6,9.64
12/3/2022 17:00,5.19,9.32
12/3/2022 18:00,6,9.15
12/3/2022 19:00,7.2,9.14
12/3/2022 20:00,7.08,9.27
12/3/2022 21:00,5.75,9.03
12/3/2022 22:00,5.22,8.28
12/3/2022 23:00,5.01,7.87
13/03/2022 00:00,4.21,7.6
13/03/2022 01:00,4.28,7.32
13/03/2022 02:00,4.27,7.28
13/03/2022 03:00,4.15,7.15
13/03/2022 04:00,4.26,7.2
13/03/2022 05:00,4.3,7.23
13/03/2022 06:00,4.6,7.58
13/03/2022 07:00,5.99,8.66
13/03/2022 08:00,7.22,10.02
13/03/2022 09:00,7.52,11.32
13/03/2022 10:00,8.57,10.64
13/03/2022 11:00,6.95,10.53
13/03/2022 12:00,6.84,9.88
13/03/2022 13:00,6.77,9.92
13/03/2022 14:00,7.01,9.6
13/03/2022 15:00,6.76,9.48
13/03/2022 16:00,6.33,9.52
13/03/2022 17:00,6.88,9.29
13/03/2022 18:00,6.67,9.63
13/03/2022 19:00,7.13,9.24
13/03/2022 20:00,7.4,9.45
13/03/2022 21:00,5.31,9.03
13/03/2022 22:00,4.31,8.14
13/03/2022 23:00,7.34,7.86
14/03/2022 00:00,9.79,7.51
14/03/2022 01:00,3,7.11
14/03/2022 02:00,3.66,7.11
14/03/2022 03:00,5.53,7.06
14/03/2022 04:00,4.68,7.43
14/03/2022 05:00,5.1,7.66
14/03/2022 06:00,6.37,8.54
14/03/2022 07:00,9.39,10.38
14/03/2022 08:00,8.97,9.82
14/03/2022 09:00,9.6,9.55
14/03/2022 10:00,10.21,9.28
14/03/2022 11:00,7.67,8.87
14/03/2022 12:00,7.47,8.76
14/03/2022 13:00,8.95,9.33
14/03/2022 14:00,8.09,9.22
14/03/2022 15:00,9.06,8.58
14/03/2022 16:00,6.67,8.81
14/03/2022 17:00,6.71,9.12
14/03/2022 18:00,7.56,9.15
14/03/2022 19:00,7.67,9.56
14/03/2022 20:00,7.45,9.1
14/03/2022 21:00,6.22,8.9
14/03/2022 22:00,5.75,8.42
14/03/2022 23:00,5.24,7.79
15/03/2022 00:00,4.62,7.4
15/03/2022 01:00,4.45,7.2
15/03/2022 02:00,15.25,7.24
15/03/2022 03:00,3.99,7.21
15/03/2022 04:00,2.7,7.2
15/03/2022 05:00,2.81,7.36
15/03/2022 06:00,4.9,8.66
15/03/2022 07:00,8.11,10.03
15/03/2022 08:00,7.77,10.12
15/03/2022 09:00,9.4,9.49
15/03/2022 10:00,10.38,9.11
15/03/2022 11:00,10.66,8.76
15/03/2022 12:00,11.23,9.06
15/03/2022 13:00,9.5,8.96
15/03/2022 14:00,9.78,9.32
15/03/2022 15:00,9.67,8.64
15/03/2022 16:00,7.87,8.57
15/03/2022 17:00,7.31,8.71
15/03/2022 18:00,6.3,9.39
15/03/2022 19:00,6.51,9.29
15/03/2022 20:00,7.05,9.52
15/03/2022 21:00,5.48,8.68
15/03/2022 22:00,4.23,8.04
15/03/2022 23:00,5.09,7.81
16/03/2022 00:00,4.59,7.43
16/03/2022 01:00,4.47,7.18
16/03/2022 02:00,4.33,7.37
16/03/2022 03:00,4.08,7.25
16/03/2022 04:00,3.75,7.2
16/03/2022 05:00,4.2,7.81
16/03/2022 06:00,6.67,8.94
16/03/2022 07:00,9.24,10.61
16/03/2022 08:00,9.68,9.88
16/03/2022 09:00,8.9,9.45
16/03/2022 10:00,8.5,9.77
16/03/2022 11:00,8.77,9
16/03/2022 12:00,8.24,9.12
16/03/2022 13:00,9.21,8.98
16/03/2022 14:00,9.37,9.06
16/03/2022 15:00,9.69,8.3
16/03/2022 16:00,9.53,8.9
16/03/2022 17:00,7.37,8.89
16/03/2022 18:00,7.3,8.97
16/03/2022 19:00,7.4,9.39
16/03/2022 20:00,8.08,9.66
16/03/2022 21:00,6.58,8.97
16/03/2022 22:00,5.46,8.34
16/03/2022 23:00,5.2,7.73
17/03/2022 00:00,3.75,7.52
17/03/2022 01:00,3.27,7.28
17/03/2022 02:00,3.95,7.16
17/03/2022 03:00,3.93,7.24
17/03/2022 04:00,3.28,7.27
17/03/2022 05:00,4.56,7.63
17/03/2022 06:00,6.23,8.8
17/03/2022 07:00,9.71,9.69
17/03/2022 08:00,8.9,9.56
17/03/2022 09:00,8.7,9.75
17/03/2022 10:00,9.48,9.05
17/03/2022 11:00,8.92,8.9
17/03/2022 12:00,8.06,9.2
17/03/2022 13:00,8.16,9.55
17/03/2022 14:00,8.59,9.01
17/03/2022 15:00,8.06,9.06
17/03/2022 16:00,6.06,8.83
17/03/2022 17:00,6.03,9.36
17/03/2022 18:00,6.56,9.4
17/03/2022 19:00,6.8,9.58
17/03/2022 20:00,7.18,9.73
17/03/2022 21:00,6.49,8.89
17/03/2022 22:00,5.16,8.23
17/03/2022 23:00,5.35,8.01
18/03/2022 00:00,4.97,7.33
18/03/2022 01:00,4.8,7.19
18/03/2022 02:00,4.53,7.21
18/03/2022 03:00,5.28,7.17
18/03/2022 04:00,4.16,7.3
18/03/2022 05:00,4.45,7.79
18/03/2022 06:00,6.05,9.04
18/03/2022 07:00,9.65,10.22
18/03/2022 08:00,11.56,9.96
18/03/2022 09:00,9.2,10.15
18/03/2022 10:00,8.47,9.41
18/03/2022 11:00,7.52,8.8
18/03/2022 12:00,8.15,9.01
18/03/2022 13:00,7.78,9.24
18/03/2022 14:00,12.13,8.56
18/03/2022 15:00,8.67,8.66
18/03/2022 16:00,7.42,8.9
18/03/2022 17:00,6.81,9.43
18/03/2022 18:00,6.78,9.71
18/03/2022 19:00,7.36,9.4
18/03/2022 20:00,6.96,9.28
18/03/2022 21:00,5.71,8.61
18/03/2022 22:00,4.49,8.36
18/03/2022 23:00,3.15,7.88
19/03/2022 00:00,2.59,7.61
19/03/2022 01:00,2.56,7.3
19/03/2022 02:00,2.74,7.15
19/03/2022 03:00,4.48,7.13
19/03/2022 04:00,3.99,7.2
19/03/2022 05:00,4.27,7.37
19/03/2022 06:00,5.58,7.93
19/03/2022 07:00,7.21,9.36
19/03/2022 08:00,8.14,10.53
19/03/2022 09:00,7.89,11.41
19/03/2022 10:00,8.31,10.55
19/03/2022 11:00,7.9,10.53
19/03/2022 12:00,6.9,9.89
19/03/2022 13:00,6.84,10.09
19/03/2022 14:00,6.27,9.76
19/03/2022 15:00,6.23,9.78
19/03/2022 16:00,6.03,9.62
19/03/2022 17:00,5.87,9.65
19/03/2022 18:00,5.9,9.56
19/03/2022 19:00,6.17,9.71
19/03/2022 20:00,6.78,9.25
19/03/2022 21:00,5.88,8.53
19/03/2022 22:00,5.32,8.38
19/03/2022 23:00,4.79,8.05
20/03/2022 00:00,4.44,7.7
20/03/2022 01:00,4.3,7.55
20/03/2022 02:00,4.04,7.42
20/03/2022 03:00,3.99,7.44
20/03/2022 04:00,4.2,7.43
20/03/2022 05:00,4.35,7.6
20/03/2022 06:00,4.18,8.12
20/03/2022 07:00,5.52,9.14
20/03/2022 08:00,7.54,10.77
20/03/2022 09:00,7.14,11.28
20/03/2022 10:00,7.58,11.49
20/03/2022 11:00,6.94,11.42
20/03/2022 12:00,6.48,10.89
20/03/2022 13:00,6.82,10.49
20/03/2022 14:00,7,10.15
20/03/2022 15:00,7.06,9.63
20/03/2022 16:00,6.55,9.67
20/03/2022 17:00,7.4,10.04
20/03/2022 18:00,8.99,9.83
20/03/2022 19:00,7.67,9.57
20/03/2022 20:00,7.55,9.53
20/03/2022 21:00,4.68,9.03
20/03/2022 22:00,4.4,8.32
20/03/2022 23:00,7.19,7.93
21/03/2022 00:00,9.5,7.67
21/03/2022 01:00,2.87,7.42
21/03/2022 02:00,4.43,7.27
21/03/2022 03:00,5.51,7.37
21/03/2022 04:00,4.54,7.58
21/03/2022 05:00,4.85,7.91
21/03/2022 06:00,6.23,8.85
21/03/2022 07:00,8.97,10.31
21/03/2022 08:00,8.89,10.25
21/03/2022 09:00,9.8,10.19
21/03/2022 10:00,9.84,10.18
21/03/2022 11:00,9.57,10.48
21/03/2022 12:00,8.43,9.42
21/03/2022 13:00,9.44,9.76
21/03/2022 14:00,9.69,9.32
21/03/2022 15:00,7.56,9.15
21/03/2022 16:00,6.99,9.43
21/03/2022 17:00,6.99,9.55
21/03/2022 18:00,7.13,10.11
21/03/2022 19:00,7.37,10.03
21/03/2022 20:00,8.02,9.86
21/03/2022 21:00,6.73,9.63
21/03/2022 22:00,5.37,8.37
21/03/2022 23:00,4.89,8.11
22/03/2022 00:00,4.66,7.62
22/03/2022 01:00,4.36,7.45
22/03/2022 02:00,15.79,7.54
22/03/2022 03:00,4.29,7.41
22/03/2022 04:00,3.29,7.37
22/03/2022 05:00,3.92,7.8
22/03/2022 06:00,5.35,9.03
22/03/2022 07:00,7.79,10.85
22/03/2022 08:00,9.33,10.29
22/03/2022 09:00,9.59,10
22/03/2022 10:00,9.95,9.41
22/03/2022 11:00,11.53,9.45
22/03/2022 12:00,11.27,9.33
22/03/2022 13:00,11.51,10.66
22/03/2022 14:00,9.26,10.84
22/03/2022 15:00,8.6,10.34
22/03/2022 16:00,7.68,9.64
22/03/2022 17:00,7.33,9.52
22/03/2022 18:00,6.42,10.24
22/03/2022 19:00,6.28,9.8
22/03/2022 20:00,6.63,9.98
22/03/2022 21:00,6.56,9.56
22/03/2022 22:00,5.52,8.63
22/03/2022 23:00,4.31,8.1
23/03/2022 00:00,4.27,7.66
23/03/2022 01:00,3.98,7.49
23/03/2022 02:00,4.03,7.54
23/03/2022 03:00,3.94,7.44
23/03/2022 04:00,3.63,7.41
23/03/2022 05:00,4.2,7.98
23/03/2022 06:00,6,9.27
23/03/2022 07:00,9.18,10.91
23/03/2022 08:00,8.14,10.29
23/03/2022 09:00,8.2,10.29
23/03/2022 10:00,8.4,10.18
23/03/2022 11:00,8.43,10.12
23/03/2022 12:00,8.75,9.54
23/03/2022 13:00,8.37,9.55
23/03/2022 14:00,8.7,8.94
23/03/2022 15:00,9.05,8.99
23/03/2022 16:00,8.32,10.04
23/03/2022 17:00,8.01,9.91
23/03/2022 18:00,8.1,9.72
23/03/2022 19:00,7.32,9.15
23/03/2022 20:00,7.48,9.61
23/03/2022 21:00,6.41,9.17
23/03/2022 22:00,5.76,8.13
23/03/2022 23:00,4.14,7.86
24/03/2022 00:00,3.29,7.58
24/03/2022 01:00,3.05,7.54
24/03/2022 02:00,3.68,7.29
24/03/2022 03:00,5.2,7.39
24/03/2022 04:00,6.68,7.47
24/03/2022 05:00,5.96,7.76
24/03/2022 06:00,6.92,9.27
24/03/2022 07:00,8.85,10.77
24/03/2022 08:00,9.9,10.67
24/03/2022 09:00,9.46,9.76
24/03/2022 10:00,9.02,9.98
24/03/2022 11:00,8.5,10.11
24/03/2022 12:00,8.48,9.28
24/03/2022 13:00,8.49,9.45
24/03/2022 14:00,8.12,9.14
24/03/2022 15:00,7.93,9.37
24/03/2022 16:00,7.04,9.72
24/03/2022 17:00,7.27,9.43
24/03/2022 18:00,7.27,9.56
24/03/2022 19:00,7.99,9.88
24/03/2022 20:00,7.87,9.18
24/03/2022 21:00,6.74,8.74
24/03/2022 22:00,5.2,8.45
24/03/2022 23:00,4.92,7.87
25/03/2022 00:00,4.25,7.31
25/03/2022 01:00,4.08,7.28
25/03/2022 02:00,3.93,7.27
25/03/2022 03:00,4.04,7.19
25/03/2022 04:00,2.76,7.23
25/03/2022 05:00,2.93,8.19
25/03/2022 06:00,5.37,8.82
25/03/2022 07:00,8.04,10.75
25/03/2022 08:00,8.76,10.16
25/03/2022 09:00,8.56,10.19
25/03/2022 10:00,7.97,9.97
25/03/2022 11:00,NaN,9.73
25/03/2022 12:00,8.89,10.15
25/03/2022 13:00,8.81,9.03
25/03/2022 14:00,8.75,9.52
25/03/2022 15:00,8.2,8.96
25/03/2022 16:00,7.4,10.26
25/03/2022 17:00,7.34,9.88
25/03/2022 18:00,6.56,9.46
25/03/2022 19:00,6.1,10.01
25/03/2022 20:00,6.32,9.77
25/03/2022 21:00,5.18,8.76
25/03/2022 22:00,4.66,8.22
25/03/2022 23:00,3.74,7.69
26/03/2022 00:00,4.37,7.6
26/03/2022 01:00,4.24,7.33
26/03/2022 02:00,5.1,7.22
26/03/2022 03:00,5.73,7.13
26/03/2022 04:00,5.4,NaN
26/03/2022 05:00,6.8,7.87
26/03/2022 06:00,9.04,8.05
26/03/2022 07:00,7.19,9.56
26/03/2022 08:00,8.06,10.7
26/03/2022 09:00,8.2,11.78
26/03/2022 10:00,6.62,10.63
26/03/2022 11:00,6.06,10.76
26/03/2022 12:00,5.96,10.56
26/03/2022 13:00,6.77,10.68
26/03/2022 14:00,6.12,9.84
26/03/2022 15:00,5.95,10.15
26/03/2022 16:00,5.77,10.75
26/03/2022 17:00,6.33,10.25
26/03/2022 18:00,6.07,10.4
26/03/2022 19:00,6.29,9.4
26/03/2022 20:00,6.29,9.24
26/03/2022 21:00,6.38,8.48
26/03/2022 22:00,6.11,8.09
26/03/2022 23:00,4.79,8.11
27/03/2022 00:00,4.31,7.58
27/03/2022 01:00,4.28,7.37
27/03/2022 03:00,4.02,7.12
27/03/2022 04:00,4.04,7.18
27/03/2022 05:00,4,7.14
27/03/2022 06:00,4.65,7.38
27/03/2022 07:00,5.02,8.29
27/03/2022 08:00,6.24,10.06
27/03/2022 09:00,7.18,11.31
27/03/2022 10:00,8.07,11.51
27/03/2022 11:00,9.06,11.9
27/03/2022 12:00,7.38,11.39
27/03/2022 13:00,8.06,10.99
27/03/2022 14:00,6.79,10.47
27/03/2022 15:00,6.51,10.65
27/03/2022 16:00,6.1,10.86
27/03/2022 17:00,5.45,10.26
27/03/2022 18:00,5.99,10.68
27/03/2022 19:00,6.2,10.35
27/03/2022 20:00,6.35,10.16
27/03/2022 21:00,5.5,9.42
27/03/2022 22:00,5.65,8.62
27/03/2022 23:00,5.61,7.99
28/03/2022 00:00,8.06,7.56
28/03/2022 01:00,9.95,7.19
28/03/2022 02:00,4.54,7.29
28/03/2022 03:00,4.81,7.16
28/03/2022 04:00,5.16,7.26
28/03/2022 05:00,5.93,7.46
28/03/2022 06:00,8.36,8.57
28/03/2022 07:00,9.74,9.61
28/03/2022 08:00,8.59,10.17
28/03/2022 09:00,8.35,9.74
28/03/2022 10:00,9.12,9.5
28/03/2022 11:00,10.26,9.57
28/03/2022 12:00,10.7,9.21
28/03/2022 13:00,8.12,9.68
28/03/2022 14:00,8.26,9.19
28/03/2022 15:00,7.66,9.39
28/03/2022 16:00,7.03,9.38
28/03/2022 17:00,6.88,9.44
28/03/2022 18:00,6.62,9.8
28/03/2022 19:00,7.82,10.43
28/03/2022 20:00,7.66,10.16
28/03/2022 21:00,6.45,9.57
28/03/2022 22:00,5.75,9.04
28/03/2022 23:00,5.29,8.36
29/03/2022 00:00,3.19,7.71
29/03/2022 01:00,2.91,7.52
29/03/2022 02:00,2.75,7.32
29/03/2022 03:00,14.74,7.37
29/03/2022 04:00,4.4,7.52
29/03/2022 05:00,4.72,7.57
29/03/2022 06:00,5.86,8.76
29/03/2022 07:00,8.55,10.2
29/03/2022 08:00,9.31,9.72
29/03/2022 09:00,9.79,9.77
29/03/2022 10:00,10.17,9.05
29/03/2022 11:00,9.77,9.09
29/03/2022 12:00,8.35,8.98
29/03/2022 13:00,8.19,9.31
29/03/2022 14:00,8.57,8.97
29/03/2022 15:00,8.06,9.12
29/03/2022 16:00,6.93,9.65
29/03/2022 17:00,7.28,9.31
29/03/2022 18:00,7.5,9.74
29/03/2022 19:00,7.6,9.71
29/03/2022 20:00,7.9,9.79
29/03/2022 21:00,6.77,9.65
29/03/2022 22:00,5.7,8.5
29/03/2022 23:00,5.68,7.92
30/03/2022 00:00,4.64,7.63
30/03/2022 01:00,4.5,7.27
30/03/2022 02:00,4.46,7.26
30/03/2022 03:00,4.52,7.35
30/03/2022 04:00,4.32,7.28
30/03/2022 05:00,3.86,7.43
30/03/2022 06:00,5.45,8.62
30/03/2022 07:00,8.53,10.21
30/03/2022 08:00,10.18,9.72
30/03/2022 09:00,9.95,9.69
30/03/2022 10:00,9.43,8.59
30/03/2022 11:00,7.84,8.83
30/03/2022 12:00,8.24,9.1
30/03/2022 13:00,9.05,NaN
30/03/2022 14:00,9.41,8.77
30/03/2022 15:00,8.59,8.95
30/03/2022 16:00,7.82,8.21
30/03/2022 17:00,8.61,8.42
30/03/2022 18:00,8.3,9.03
30/03/2022 19:00,7.45,9.4
30/03/2022 20:00,7.26,9.58
30/03/2022 21:00,5.37,9.21
30/03/2022 22:00,4.53,8.38
30/03/2022 23:00,4.15,7.81
31/03/2022 00:00,3.25,7.57
31/03/2022 01:00,3.84,7.23
31/03/2022 02:00,3.93,7.17
31/03/2022 03:00,4.14,7.14
31/03/2022 04:00,4.36,7.33
31/03/2022 05:00,5.2,7.6
31/03/2022 06:00,5.58,8.34
31/03/2022 07:00,7.97,10
31/03/2022 08:00,8.23,9.23
31/03/2022 09:00,8.03,8.94
31/03/2022 10:00,8,8.82
31/03/2022 11:00,8.16,8.69
31/03/2022 12:00,6.71,8.54
31/03/2022 13:00,7.69,9.24
31/03/2022 14:00,8.37,9.28
31/03/2022 15:00,7.45,8.56
31/03/2022 16:00,5.93,8.6
31/03/2022 17:00,6.72,9.06
31/03/2022 18:00,6.84,8.69
31/03/2022 19:00,8.07,9.18
31/03/2022 20:00,7.71,9.84
31/03/2022 21:00,7.1,9.17
31/03/2022 22:00,6.34,8.46
31/03/2022 23:00,5.74,7.86
1/4/2022 0:00,4.75,7.44
1/4/2022 1:00,4.61,7.3
1/4/2022 2:00,4.13,7.14
1/4/2022 3:00,4.47,7.13
1/4/2022 4:00,3.36,7.28
1/4/2022 5:00,4.74,7.43
1/4/2022 6:00,5.74,8.54
1/4/2022 7:00,9.84,10.13
1/4/2022 8:00,11.84,9.75
1/4/2022 9:00,8.91,9.23
1/4/2022 10:00,8.8,8.87
1/4/2022 11:00,9.11,8.45
1/4/2022 12:00,9.94,8.74
1/4/2022 13:00,9.22,8.77
1/4/2022 14:00,8.2,9.02
1/4/2022 15:00,6.96,8.78
1/4/2022 16:00,7.26,8.65
1/4/2022 17:00,6.38,8.44
1/4/2022 18:00,5.66,9.18
1/4/2022 19:00,5.76,9.34
1/4/2022 20:00,7.15,9.41
1/4/2022 21:00,6.1,8.69
1/4/2022 22:00,5.62,8.36
1/4/2022 23:00,4.83,8.01
2/4/2022 0:00,4.71,7.51
2/4/2022 1:00,4.45,7.28
2/4/2022 2:00,4.35,7.21
2/4/2022 3:00,4.41,7.2
2/4/2022 4:00,4.81,7.33
2/4/2022 5:00,4.7,7.22
2/4/2022 6:00,4.68,7.75
2/4/2022 7:00,6.12,8.99
2/4/2022 8:00,7.3,9.55
2/4/2022 9:00,7.19,9.98
2/4/2022 10:00,7.91,10.19
2/4/2022 11:00,6.72,9.56
2/4/2022 12:00,6.71,9.69
2/4/2022 13:00,6.79,9.44
2/4/2022 14:00,6.46,9.05
2/4/2022 15:00,6.95,8.93
2/4/2022 16:00,6.82,8.72
2/4/2022 17:00,6.63,9.11
2/4/2022 18:00,6.18,9.46
2/4/2022 19:00,7.31,9.19
2/4/2022 20:00,6.88,9.23
2/4/2022 21:00,6.05,8.97
2/4/2022 22:00,5.42,8.33
2/4/2022 23:00,5.11,7.99
3/4/2022 0:00,3.45,7.53
3/4/2022 1:00,3.11,7.38
3/4/2022 2:00,3,7.17
3/4/2022 3:00,2.73,7.2
3/4/2022 4:00,3.01,7.18
3/4/2022 5:00,5.14,7.25
3/4/2022 6:00,5.35,7.42
3/4/2022 7:00,6.64,8.65
3/4/2022 8:00,7.79,10.13
3/4/2022 9:00,8.85,11.09
3/4/2022 10:00,10.21,11.31
3/4/2022 11:00,10.05,10.86
3/4/2022 12:00,8.93,10.55
3/4/2022 13:00,7.01,10.05
3/4/2022 14:00,6.83,9.46
3/4/2022 15:00,6.28,9.49
3/4/2022 16:00,5.51,9.02
3/4/2022 17:00,5.86,9.2
3/4/2022 18:00,5.5,9.15
3/4/2022 19:00,6.41,9.63
3/4/2022 20:00,7.57,9.77
3/4/2022 21:00,7.32,9.29
3/4/2022 22:00,6.72,8.65
3/4/2022 23:00,6.3,8.2
4/4/2022 0:00,8.98,7.69
4/4/2022 1:00,12.96,7.46
4/4/2022 2:00,5.2,7.38
4/4/2022 3:00,6.02,7.32
4/4/2022 4:00,4.68,7.37
4/4/2022 5:00,4.4,7.63
4/4/2022 6:00,5.61,8.84
4/4/2022 7:00,7.82,10.14
4/4/2022 8:00,8.01,9.88
4/4/2022 9:00,8.97,9.86
4/4/2022 10:00,8.73,9.54
4/4/2022 11:00,8.68,8.92
4/4/2022 12:00,9.98,NaN
4/4/2022 13:00,9.39,9.22
4/4/2022 14:00,9.02,8.87
4/4/2022 15:00,8.9,8.98
4/4/2022 16:00,7.87,8.61
4/4/2022 17:00,7.4,8.96
4/4/2022 18:00,7.82,9.05
4/4/2022 19:00,6.32,9.53
4/4/2022 20:00,6.53,10
4/4/2022 21:00,5.1,9.13
4/4/2022 22:00,3.77,8.3
4/4/2022 23:00,3.35,8.1
5/4/2022 0:00,2.82,7.4
5/4/2022 1:00,3.74,7.25
5/4/2022 2:00,3.77,7.3
5/4/2022 3:00,14.78,7.33
5/4/2022 4:00,4.62,7.19
5/4/2022 5:00,4.86,7.35
5/4/2022 6:00,6.45,8.59
5/4/2022 7:00,8.22,10.33
5/4/2022 8:00,8.35,9.99
5/4/2022 9:00,8.95,9.54
5/4/2022 10:00,10.31,8.68
5/4/2022 11:00,10.31,8.69
5/4/2022 12:00,8.94,8.55
5/4/2022 13:00,8.14,9.01
5/4/2022 14:00,8.23,8.96
5/4/2022 15:00,7.34,9.2
5/4/2022 16:00,7.06,8.84
5/4/2022 17:00,7.19,8.88
5/4/2022 18:00,6.9,9.34
5/4/2022 19:00,7.33,9.56
5/4/2022 20:00,7.99,10.04
5/4/2022 21:00,7.21,9.29
5/4/2022 22:00,5.58,8.44
5/4/2022 23:00,5.6,7.87
6/4/2022 0:00,5.1,7.4
6/4/2022 1:00,3.33,7.2
6/4/2022 2:00,3.61,7.08
6/4/2022 3:00,3.27,7.11
6/4/2022 4:00,3.22,7.33
6/4/2022 5:00,4.37,7.39
6/4/2022 6:00,6.82,8.41
6/4/2022 7:00,10.14,10.36
6/4/2022 8:00,9.91,10.12
6/4/2022 9:00,9.4,9.61
6/4/2022 10:00,10.46,9.11
6/4/2022 11:00,9.75,8.87
6/4/2022 12:00,8.47,9.01
6/4/2022 13:00,8.88,9.29
6/4/2022 14:00,9.7,8.86
6/4/2022 15:00,8.95,9.05
6/4/2022 16:00,6.96,9.12
6/4/2022 17:00,6.91,9.09
6/4/2022 18:00,7.13,9.66
6/4/2022 19:00,8.35,9.65
6/4/2022 20:00,8.63,10.33
6/4/2022 21:00,7.24,9.37
6/4/2022 22:00,6.05,8.64
6/4/2022 23:00,5.53,8.35
7/4/2022 0:00,5.5,7.57
7/4/2022 1:00,5.68,7.26
7/4/2022 2:00,6.5,7.21
7/4/2022 3:00,8.06,7.12
7/4/2022 4:00,5.2,7.28
7/4/2022 5:00,3.74,7.65
7/4/2022 6:00,5.6,8.7
7/4/2022 7:00,7.65,10.31
7/4/2022 8:00,8.21,10.05
7/4/2022 9:00,7.57,9.41
7/4/2022 10:00,8.06,8.79
7/4/2022 11:00,8.9,9.37
7/4/2022 12:00,8.28,9.13
7/4/2022 13:00,9.3,9.04
7/4/2022 14:00,8.55,9.23
7/4/2022 15:00,8.9,8.99
7/4/2022 16:00,7.97,9.65
7/4/2022 17:00,7.7,9.56
7/4/2022 18:00,7.81,9.73
7/4/2022 19:00,6.95,10.15
7/4/2022 20:00,7.46,9.79
7/4/2022 21:00,5.63,9.41
7/4/2022 22:00,4.64,8.62
7/4/2022 23:00,3.97,8.12
8/4/2022 0:00,3.65,7.67
8/4/2022 1:00,4.32,7.23
8/4/2022 2:00,4.35,7.11
8/4/2022 3:00,5.22,7.18
8/4/2022 4:00,4.68,7.44
8/4/2022 5:00,4.63,7.88
8/4/2022 6:00,5.82,9.28
8/4/2022 7:00,8.4,10.4
8/4/2022 8:00,9.37,10.04
8/4/2022 9:00,9.24,9.89
8/4/2022 10:00,8.06,9.45
8/4/2022 11:00,7.77,8.94
8/4/2022 12:00,7.6,9.14
8/4/2022 13:00,7.44,9.58
8/4/2022 14:00,7.56,8.85
8/4/2022 15:00,6.73,8.67
8/4/2022 16:00,6.24,8.75
8/4/2022 17:00,7.05,8.97
8/4/2022 18:00,7.22,9
8/4/2022 19:00,7.58,9.26
8/4/2022 20:00,8.52,9.6
8/4/2022 21:00,8.79,9.23
8/4/2022 22:00,5.62,8.48
8/4/2022 23:00,4.54,8.2
9/4/2022 0:00,4.49,7.9
9/4/2022 1:00,3.97,7.32
9/4/2022 2:00,3.53,7.27
9/4/2022 3:00,2.64,7.19
9/4/2022 4:00,3.26,7.32
9/4/2022 5:00,2.97,7.54
9/4/2022 6:00,4.01,8.02
9/4/2022 7:00,6.72,9.05
9/4/2022 8:00,8.16,10.25
9/4/2022 9:00,7.89,10.3
9/4/2022 10:00,7.62,10.14
9/4/2022 11:00,7.29,9.67
9/4/2022 12:00,6.93,9.75
9/4/2022 13:00,7.27,9.79
9/4/2022 14:00,6.83,9.65
9/4/2022 15:00,5.69,9.2
9/4/2022 16:00,5.46,9.36
9/4/2022 17:00,5.44,9.15
9/4/2022 18:00,5.16,8.91
9/4/2022 19:00,5.67,9.3
9/4/2022 20:00,5.97,9.13
9/4/2022 21:00,5.65,8.56
9/4/2022 22:00,5.26,8.07
9/4/2022 23:00,4.94,8.11
10/4/2022 0:00,4.95,7.68
10/4/2022 1:00,4.44,7.3
10/4/2022 2:00,4.15,7.29
10/4/2022 3:00,4.02,7.14
10/4/2022 4:00,4.05,7.19
10/4/2022 5:00,4.13,7.21
10/4/2022 6:00,4.91,7.64
10/4/2022 7:00,6.21,8.85
10/4/2022 8:00,7.82,10.01
10/4/2022 9:00,7.3,11.13
10/4/2022 10:00,6.78,11.09
10/4/2022 11:00,6.68,10.31
10/4/2022 12:00,6.8,10.65
10/4/2022 13:00,6.74,10.33
10/4/2022 14:00,5.85,9.87
10/4/2022 15:00,4.9,10.06
10/4/2022 16:00,5.09,9.47
10/4/2022 17:00,5.76,9.83
10/4/2022 18:00,6.51,9.64
10/4/2022 19:00,6.75,10.29
10/4/2022 20:00,7.38,9.96
10/4/2022 21:00,6.47,9.39
10/4/2022 22:00,5.43,8.42
10/4/2022 23:00,6.84,7.89
11/4/2022 0:00,14.08,7.44
11/4/2022 1:00,3.32,7.25
11/4/2022 2:00,3.29,7.19
11/4/2022 3:00,3.97,7.19
11/4/2022 4:00,3.04,7.28
11/4/2022 5:00,4.9,7.81
11/4/2022 6:00,6.54,8.64
11/4/2022 7:00,9,10.39
11/4/2022 8:00,10.54,10
11/4/2022 9:00,10.35,9.87
11/4/2022 10:00,10.81,9.47
11/4/2022 11:00,7.9,9.33
11/4/2022 12:00,8.13,9.28
11/4/2022 13:00,8.51,9.19
11/4/2022 14:00,9.55,9.16
11/4/2022 15:00,9.39,9.22
11/4/2022 16:00,7.66,8.76
11/4/2022 17:00,7.67,9.36
11/4/2022 18:00,8.03,9.74
11/4/2022 19:00,7.66,10.47
11/4/2022 20:00,6.95,10.09
11/4/2022 21:00,5.95,9.29
11/4/2022 22:00,4.7,8.32
11/4/2022 23:00,4.29,7.81
12/4/2022 0:00,3.52,7.59
12/4/2022 1:00,2.93,7.24
12/4/2022 2:00,14.84,7.18
12/4/2022 3:00,5.42,7.19
12/4/2022 4:00,5.15,7.39
12/4/2022 5:00,4.85,7.79
12/4/2022 6:00,7.26,8.73
12/4/2022 7:00,9.31,10.51
12/4/2022 8:00,9.39,9.87
12/4/2022 9:00,9.08,NaN
12/4/2022 10:00,7.5,9.66
12/4/2022 11:00,8.24,9.22
12/4/2022 12:00,8.13,9.3
12/4/2022 13:00,8.76,9.22
12/4/2022 14:00,8.48,9.24
12/4/2022 15:00,8.07,9.23
12/4/2022 16:00,8.46,9.41
12/4/2022 17:00,8.21,9.93
12/4/2022 18:00,7.08,9.51
12/4/2022 19:00,8.02,9.96
12/4/2022 20:00,8.59,10.11
12/4/2022 21:00,8.18,9.26
12/4/2022 22:00,6.3,8.38
12/4/2022 23:00,4.23,8.02
13/04/2022 00:00,3.03,7.67
13/04/2022 01:00,2.27,7.35
13/04/2022 02:00,2.24,7.2
13/04/2022 03:00,2.17,7.3
13/04/2022 04:00,3.53,7.26
13/04/2022 05:00,3.93,7.52
13/04/2022 06:00,5.71,9.45
13/04/2022 07:00,9.39,10.23
13/04/2022 08:00,8.94,10.11
13/04/2022 09:00,9.36,9.93
13/04/2022 10:00,9.16,9.75
13/04/2022 11:00,8.8,9.44
13/04/2022 12:00,8.93,9.94
13/04/2022 13:00,9.25,9.83
13/04/2022 14:00,8.94,9.28
13/04/2022 15:00,8.05,9.44
13/04/2022 16:00,7.48,9.41
13/04/2022 17:00,6.25,9.55
13/04/2022 18:00,6.84,10.17
13/04/2022 19:00,7.55,10.21
13/04/2022 20:00,7.53,10.09
13/04/2022 21:00,6.08,9.19
13/04/2022 22:00,5.35,8.38
13/04/2022 23:00,5.07,7.98
14/04/2022 00:00,4.71,7.65
14/04/2022 01:00,3.81,7.32
14/04/2022 02:00,3.77,7.2
14/04/2022 03:00,3.97,7.24
14/04/2022 04:00,4.68,7.29
14/04/2022 05:00,3.6,7.47
14/04/2022 06:00,4.47,8.6
14/04/2022 07:00,7.46,10.26
14/04/2022 08:00,8.29,10.6
14/04/2022 09:00,9.62,10.49
14/04/2022 10:00,8.62,10.18
14/04/2022 11:00,9.1,9.83
14/04/2022 12:00,8.94,10.12
14/04/2022 13:00,10.08,10.09
14/04/2022 14:00,9.39,9.71
14/04/2022 15:00,8.51,9.88
14/04/2022 16:00,7.77,9.97
14/04/2022 17:00,8.49,10.88
14/04/2022 18:00,10.3,10.07
14/04/2022 19:00,7.32,11.08
14/04/2022 20:00,5.99,10.34
14/04/2022 21:00,4.88,9.54
14/04/2022 22:00,3.8,8.47
14/04/2022 23:00,3.67,8.26
15/04/2022 00:00,3.5,7.78
15/04/2022 01:00,4.22,7.44
15/04/2022 02:00,4.59,7.4
15/04/2022 03:00,5.68,7.41
15/04/2022 04:00,4.88,7.35
15/04/2022 05:00,4.9,7.71
15/04/2022 06:00,6.79,8.81
15/04/2022 07:00,8.88,10.26
15/04/2022 08:00,9.34,10.35
15/04/2022 09:00,9.01,10.95
15/04/2022 10:00,8.21,10.21
15/04/2022 11:00,8.05,9.8
15/04/2022 12:00,7.83,10.23
15/04/2022 13:00,7.62,10.21
15/04/2022 14:00,8.07,9.95
15/04/2022 15:00,7.16,9.7
15/04/2022 16:00,6.22,9.43
15/04/2022 17:00,6.54,9.91
15/04/2022 18:00,7.96,10.3
15/04/2022 19:00,7.52,10.45
15/04/2022 20:00,6.63,10.03
15/04/2022 21:00,6.11,9.1
15/04/2022 22:00,5.42,8.42
15/04/2022 23:00,4.81,8.12
16/04/2022 00:00,4.53,7.57
16/04/2022 01:00,4.06,7.4
16/04/2022 02:00,3.89,7.34
16/04/2022 03:00,4.53,7.4
16/04/2022 04:00,3.3,7.25
16/04/2022 05:00,2.84,7.34
16/04/2022 06:00,4.02,8.51
16/04/2022 07:00,5.73,10.05
16/04/2022 08:00,6.67,11.58
16/04/2022 09:00,8.05,11.35
16/04/2022 10:00,8.45,11.11
16/04/2022 11:00,7.74,10.58
16/04/2022 12:00,7.9,10.8
16/04/2022 13:00,7.43,11.09
16/04/2022 14:00,7.52,10.68
16/04/2022 15:00,6.58,10.25
16/04/2022 16:00,5.24,10.23
16/04/2022 17:00,5.11,10.69
16/04/2022 18:00,5.42,10.64
16/04/2022 19:00,5.89,9.95
16/04/2022 20:00,6.87,9.69
16/04/2022 21:00,6.28,9.21
16/04/2022 22:00,6.96,8.7
16/04/2022 23:00,5.36,8.34
17/04/2022 00:00,4.65,7.75
17/04/2022 01:00,4.31,7.41
17/04/2022 02:00,4.41,7.22
17/04/2022 03:00,4.51,7.43
17/04/2022 04:00,4.62,7.57
17/04/2022 05:00,4.46,7.66
17/04/2022 06:00,5.09,8.16
17/04/2022 07:00,6.37,9.05
17/04/2022 08:00,7.27,10.33
17/04/2022 09:00,7.6,11.49
17/04/2022 10:00,7.24,11.9
17/04/2022 11:00,7.02,11.95
17/04/2022 12:00,5.93,10.12
17/04/2022 13:00,5.28,9.55
17/04/2022 14:00,6.5,9.41
17/04/2022 15:00,6.19,9.37
17/04/2022 16:00,6.38,9.7
17/04/2022 17:00,7.04,9.66
17/04/2022 18:00,7.31,10.04
17/04/2022 19:00,7.26,9.91
17/04/2022 20:00,7.28,9.67
17/04/2022 21:00,6.75,9.17
17/04/2022 22:00,5.8,8.71
17/04/2022 23:00,7.66,8.11
18/04/2022 00:00,13.67,7.68
18/04/2022 01:00,4.56,7.52
18/04/2022 02:00,3.59,7.3
18/04/2022 03:00,4.82,7.26
18/04/2022 04:00,4,7.33
18/04/2022 05:00,3.68,7.48
18/04/2022 06:00,5.53,8.06
18/04/2022 07:00,7.28,9.01
18/04/2022 08:00,8.83,10.94
18/04/2022 09:00,9.61,11.67
18/04/2022 10:00,9.12,11.7
18/04/2022 11:00,8.72,11.65
18/04/2022 12:00,8.38,11.03
18/04/2022 13:00,7.3,10.37
18/04/2022 14:00,6.95,9.67
18/04/2022 15:00,6.91,9.57
18/04/2022 16:00,5.46,9.41
18/04/2022 17:00,5.62,10.74
18/04/2022 18:00,6.26,10.47
18/04/2022 19:00,7.29,10.7
18/04/2022 20:00,7.49,10.24
18/04/2022 21:00,6.81,9.14
18/04/2022 22:00,5.9,8.67
18/04/2022 23:00,5.38,8.02
19/04/2022 00:00,5.28,7.61
19/04/2022 01:00,4.27,7.42
19/04/2022 02:00,14.69,7.2
19/04/2022 03:00,5.18,7.24
19/04/2022 04:00,5.55,7.36
19/04/2022 05:00,4.66,7.78
19/04/2022 06:00,7.17,8.75
19/04/2022 07:00,10.17,10.04
19/04/2022 08:00,11.75,10.38
19/04/2022 09:00,9.25,10.89
19/04/2022 10:00,8.57,9.68
19/04/2022 11:00,8.55,NaN
19/04/2022 12:00,8.85,9.53
19/04/2022 13:00,9.2,9.88
19/04/2022 14:00,10.22,9.22
19/04/2022 15:00,9.54,9.8
19/04/2022 16:00,8.58,10.63
19/04/2022 17:00,7.66,10.27
19/04/2022 18:00,8.12,10.4
19/04/2022 19:00,8.31,11.33
19/04/2022 20:00,7.44,10.16
19/04/2022 21:00,6.52,9.38
19/04/2022 22:00,5.64,8.55
19/04/2022 23:00,4.77,7.95
20/04/2022 00:00,4.41,7.51
20/04/2022 01:00,5.04,7.3
20/04/2022 02:00,5,7.39
20/04/2022 03:00,5.16,7.5
20/04/2022 04:00,4.85,7.34
20/04/2022 05:00,6.83,7.76
20/04/2022 06:00,8.07,9.06
20/04/2022 07:00,9.56,10.48
20/04/2022 08:00,9.48,10.86
20/04/2022 09:00,9.76,10.66
20/04/2022 10:00,9.19,10.72
20/04/2022 11:00,8.27,9.94
20/04/2022 12:00,8.79,9.63
20/04/2022 13:00,8.55,9.84
20/04/2022 14:00,8.15,9.46
20/04/2022 15:00,8.02,9.44
20/04/2022 16:00,6.53,9.59
20/04/2022 17:00,7.42,9.32
20/04/2022 18:00,7.91,9.84
20/04/2022 19:00,7.95,10.32
20/04/2022 20:00,9.42,9.94
20/04/2022 21:00,8.89,9.14
20/04/2022 22:00,7.64,8.54
20/04/2022 23:00,6.17,7.79
21/04/2022 00:00,5.27,7.24
21/04/2022 01:00,4.59,7.04
21/04/2022 02:00,3.52,7.2
21/04/2022 03:00,4.16,7.3
21/04/2022 04:00,3.4,7.4
21/04/2022 05:00,4.14,7.48
21/04/2022 06:00,6.61,8.53
21/04/2022 07:00,9.45,10.53
21/04/2022 08:00,9.82,9.87
21/04/2022 09:00,9.87,9.26
21/04/2022 10:00,9.19,8.84
21/04/2022 11:00,9.84,8.58
21/04/2022 12:00,9.76,9.66
21/04/2022 13:00,9.61,9.34
21/04/2022 14:00,8.7,8.72
21/04/2022 15:00,8.58,8.52
21/04/2022 16:00,7.13,8.28
21/04/2022 17:00,5.98,8.8
21/04/2022 18:00,6.54,8.75
21/04/2022 19:00,7.08,9.36
21/04/2022 20:00,7.96,9.42
21/04/2022 21:00,7.33,8.91
21/04/2022 22:00,6.23,8.16
21/04/2022 23:00,5.96,7.89
22/04/2022 00:00,5.28,7.48
22/04/2022 01:00,4.83,7.18
22/04/2022 02:00,4.69,7.09
22/04/2022 03:00,5.38,7.16
22/04/2022 04:00,5.02,7.09
22/04/2022 05:00,5.43,7.29
22/04/2022 06:00,7.61,8.58
22/04/2022 07:00,8.66,9.85
22/04/2022 08:00,8.34,9.6
22/04/2022 09:00,10.9,9
22/04/2022 10:00,11.05,9.05
22/04/2022 11:00,8.23,8.66
22/04/2022 12:00,8.76,8.81
22/04/2022 13:00,7.56,8.82
22/04/2022 14:00,8.01,8.92
22/04/2022 15:00,8.76,8.16
22/04/2022 16:00,7.67,8.42
22/04/2022 17:00,6.85,8.38
22/04/2022 18:00,6.47,8.88
22/04/2022 19:00,7.65,9.2
22/04/2022 20:00,7.58,9.17
22/04/2022 21:00,6.89,8.83
22/04/2022 22:00,5.8,8.13
22/04/2022 23:00,4.68,7.81
23/04/2022 00:00,3.73,7.68
23/04/2022 01:00,3.2,7.18
23/04/2022 02:00,3.17,7.09
23/04/2022 03:00,3.86,7.12
23/04/2022 04:00,4.4,7.25
23/04/2022 05:00,4.93,7.4
23/04/2022 06:00,5.63,7.76
23/04/2022 07:00,6.96,8.65
23/04/2022 08:00,7.96,9.93
23/04/2022 09:00,8.39,10.35
23/04/2022 10:00,8.22,9.87
23/04/2022 11:00,7.43,9.93
23/04/2022 12:00,6.54,9.53
23/04/2022 13:00,6.58,9.72
23/04/2022 14:00,7.4,9.35
23/04/2022 15:00,6.69,8.81
23/04/2022 16:00,6.5,9.02
23/04/2022 17:00,5.97,9.55
23/04/2022 18:00,6.22,9.15
23/04/2022 19:00,7.45,9.27
23/04/2022 20:00,6.95,9.28
23/04/2022 21:00,6.42,8.56
23/04/2022 22:00,5.42,8.34
23/04/2022 23:00,5.26,8.04
24/04/2022 00:00,5.08,7.52
24/04/2022 01:00,4.6,7.2
24/04/2022 02:00,4.29,7.11
24/04/2022 03:00,4.3,7.05
24/04/2022 04:00,4.22,7.13
24/04/2022 05:00,3.58,7.22
24/04/2022 06:00,3.24,7.61
24/04/2022 07:00,4.56,8.32
24/04/2022 08:00,5.82,9.25
24/04/2022 09:00,7.19,10.56
24/04/2022 10:00,7.69,10.57
24/04/2022 11:00,6.57,10.12
24/04/2022 12:00,6.84,10.11
24/04/2022 13:00,7.9,9.58
24/04/2022 14:00,9.04,9.42
24/04/2022 15:00,9.66,8.88
24/04/2022 16:00,6.47,8.63
24/04/2022 17:00,6.27,8.84
24/04/2022 18:00,6.46,9.16
24/04/2022 19:00,6.43,9.21
24/04/2022 20:00,6.2,9.36
24/04/2022 21:00,5.44,8.72
24/04/2022 22:00,4.5,8.14
24/04/2022 23:00,5.94,7.8
25/04/2022 00:00,13.91,7.49
25/04/2022 01:00,3.69,7.16
25/04/2022 02:00,4.62,7.08
25/04/2022 03:00,5.18,7.1
25/04/2022 04:00,4.67,6.98
25/04/2022 05:00,4.81,7.1
25/04/2022 06:00,5.81,7.72
25/04/2022 07:00,6.74,8.3
25/04/2022 08:00,8.73,9.91
25/04/2022 09:00,8.16,10.53
25/04/2022 10:00,8.36,10.71
25/04/2022 11:00,7.47,10.41
25/04/2022 12:00,6.9,9.74
25/04/2022 13:00,6.35,9.51
25/04/2022 14:00,6.59,9.26
25/04/2022 15:00,6.63,9.07
25/04/2022 16:00,6.35,8.89
25/04/2022 17:00,5.83,8.93
25/04/2022 18:00,6.63,9.25
25/04/2022 19:00,7,9.93
25/04/2022 20:00,7.99,9.39
25/04/2022 21:00,6.66,9.22
25/04/2022 22:00,5.88,8.45
25/04/2022 23:00,5.12,7.97
26/04/2022 00:00,5.13,7.36
26/04/2022 01:00,4.37,7.08
26/04/2022 02:00,15.61,7.01
26/04/2022 03:00,4.12,7.17
26/04/2022 04:00,3.12,7.2
26/04/2022 05:00,3.56,7.31
26/04/2022 06:00,6.23,8.74
26/04/2022 07:00,8.8,10.2
26/04/2022 08:00,8.98,9.63
26/04/2022 09:00,9.74,9.2
26/04/2022 10:00,10.07,8.89
26/04/2022 11:00,9.71,8.95
26/04/2022 12:00,9.76,9.01
26/04/2022 13:00,10.23,8.7
26/04/2022 14:00,10.45,8.83
26/04/2022 15:00,8.36,8.49
26/04/2022 16:00,6.95,8.51
26/04/2022 17:00,8.51,8.72
26/04/2022 18:00,10.3,9.12
26/04/2022 19:00,6.67,9.28
26/04/2022 20:00,6.87,9.53
26/04/2022 21:00,5.11,9.25
26/04/2022 22:00,5.17,8.25
26/04/2022 23:00,4.99,7.65
27/04/2022 00:00,4.61,7.36
27/04/2022 01:00,4.17,6.98
27/04/2022 02:00,3.8,6.97
27/04/2022 03:00,3.73,6.95
27/04/2022 04:00,3.8,7.04
27/04/2022 05:00,3.87,7.41
27/04/2022 06:00,5.62,8.45
27/04/2022 07:00,8.57,10.11
27/04/2022 08:00,8.36,9.64
27/04/2022 09:00,8.45,9.67
27/04/2022 10:00,8.87,8.9
27/04/2022 11:00,7.75,8.78
27/04/2022 12:00,8.55,8.73
27/04/2022 13:00,7.65,8.72
27/04/2022 14:00,8.69,8.49
27/04/2022 15:00,7.92,8.74
27/04/2022 16:00,7.96,8.8
27/04/2022 17:00,6.72,8.68
27/04/2022 18:00,6.73,9.23
27/04/2022 19:00,7.68,9.53
27/04/2022 20:00,7.81,9.85
27/04/2022 21:00,6.81,9.36
27/04/2022 22:00,5.6,8.69
27/04/2022 23:00,4.81,7.97
28/04/2022 00:00,3.88,7.32
28/04/2022 01:00,2.56,7.14
28/04/2022 02:00,3.69,7.05
28/04/2022 03:00,3.75,7.18
28/04/2022 04:00,2.47,7.2
28/04/2022 05:00,4.54,7.53
28/04/2022 06:00,7.43,8.99
28/04/2022 07:00,8.12,10.29
28/04/2022 08:00,9.01,10
28/04/2022 09:00,8.75,9.51
28/04/2022 10:00,8.94,9.35
28/04/2022 11:00,9.5,8.9
28/04/2022 12:00,8.47,9.4
28/04/2022 13:00,8.42,9.21
28/04/2022 14:00,10.22,9.03
28/04/2022 15:00,9.41,9.41
28/04/2022 16:00,7.21,9.03
28/04/2022 17:00,6.6,9.39
28/04/2022 18:00,6.13,9.73
28/04/2022 19:00,8.06,10.56
28/04/2022 20:00,8.14,9.92
28/04/2022 21:00,6.26,8.95
28/04/2022 22:00,5.78,8.47
28/04/2022 23:00,5.01,8.09
29/04/2022 00:00,4.39,7.52
29/04/2022 01:00,3.96,7.2
29/04/2022 02:00,4.04,7.07
29/04/2022 03:00,5.19,7.17
29/04/2022 04:00,4.4,7.2
29/04/2022 05:00,4.13,7.42
29/04/2022 06:00,6.37,8.77
29/04/2022 07:00,8.02,10.61
29/04/2022 08:00,8.21,10.29
29/04/2022 09:00,8.64,9.66
29/04/2022 10:00,8.88,9.39
29/04/2022 11:00,7.99,9.44
29/04/2022 12:00,8.63,8.94
29/04/2022 13:00,8.12,9.13
29/04/2022 14:00,8.7,9.07
29/04/2022 15:00,8.39,9.5
29/04/2022 16:00,7.67,9.21
29/04/2022 17:00,6.93,9.89
29/04/2022 18:00,7.43,10.25
29/04/2022 19:00,7.77,11.11
29/04/2022 20:00,6.92,10.28
29/04/2022 21:00,5.37,9.11
29/04/2022 22:00,4.18,8.33
29/04/2022 23:00,3.6,8.17
30/04/2022 00:00,2.8,7.74
30/04/2022 01:00,3.55,7.29
30/04/2022 02:00,4.21,7.22
30/04/2022 03:00,5.01,7.24
30/04/2022 04:00,4.06,7.37
30/04/2022 05:00,4.29,7.75
30/04/2022 06:00,6.18,7.88
30/04/2022 07:00,6.46,9.83
30/04/2022 08:00,8.86,11.19
30/04/2022 09:00,10,11.61
30/04/2022 10:00,10.8,11.02
30/04/2022 11:00,7.61,10.58
30/04/2022 12:00,6.7,10.79
30/04/2022 13:00,6.75,9.86
30/04/2022 14:00,6.5,9.91
30/04/2022 15:00,6.45,10.11
30/04/2022 16:00,5.53,9.6
30/04/2022 17:00,5.72,10.46
30/04/2022 18:00,6.36,10.74
30/04/2022 19:00,6.8,10.4
30/04/2022 20:00,6.73,10.3
30/04/2022 21:00,5.68,8.94
30/04/2022 22:00,4.97,8.18
30/04/2022 23:00,5.06,8.02
1/5/2022 0:00,4.52,7.65
1/5/2022 1:00,4.04,7.39
1/5/2022 2:00,3.9,7.1
1/5/2022 3:00,4,7.11
1/5/2022 4:00,3.99,7.08
1/5/2022 5:00,3.67,7.36
1/5/2022 6:00,3.89,7.7
1/5/2022 7:00,5.03,9.22
1/5/2022 8:00,7.02,10.12
1/5/2022 9:00,6.59,11.08
1/5/2022 10:00,6.64,10.92
1/5/2022 11:00,6.4,11.15
1/5/2022 12:00,6.21,10.45
1/5/2022 13:00,7.05,9.43
1/5/2022 14:00,6.43,9.43
1/5/2022 15:00,6.6,9.41
1/5/2022 16:00,6.01,9.14
1/5/2022 17:00,6.08,8.9
1/5/2022 18:00,5.69,9
1/5/2022 19:00,6.58,9.57
1/5/2022 20:00,6.01,9.44
1/5/2022 21:00,4.93,8.85
1/5/2022 22:00,4.04,8.35
1/5/2022 23:00,5.3,7.79
2/5/2022 0:00,11.86,7.29
2/5/2022 1:00,2.35,7.09
2/5/2022 2:00,3.81,7.01
2/5/2022 3:00,4.78,7.09
2/5/2022 4:00,4.31,7.04
2/5/2022 5:00,4.08,7.65
2/5/2022 6:00,6.03,8.68
2/5/2022 7:00,8.63,10.24
2/5/2022 8:00,8.94,10.16
2/5/2022 9:00,8.44,9.68
2/5/2022 10:00,8.68,9.46
2/5/2022 11:00,8.06,8.86
2/5/2022 12:00,9.02,9.07
2/5/2022 13:00,10.23,8.81
2/5/2022 14:00,9.52,8.65
2/5/2022 15:00,8.15,8.91
2/5/2022 16:00,7.29,8.61
2/5/2022 17:00,7.67,8.71
2/5/2022 18:00,7.01,9.19
2/5/2022 19:00,8.04,10.08
2/5/2022 20:00,6.82,9.77
2/5/2022 21:00,5.34,9.19
2/5/2022 22:00,4.15,8.48
2/5/2022 23:00,3.85,8.02
3/5/2022 0:00,3.11,7.46
3/5/2022 1:00,3.75,7.16
3/5/2022 2:00,15.12,7.27
3/5/2022 3:00,5.31,7.16
3/5/2022 4:00,4.29,7.28
3/5/2022 5:00,4.46,7.68
3/5/2022 6:00,7.15,8.97
3/5/2022 7:00,7.95,10.2
3/5/2022 8:00,8.91,10.37
3/5/2022 9:00,8.91,9.79
3/5/2022 10:00,8.41,9.5
3/5/2022 11:00,7.59,8.86
3/5/2022 12:00,8.21,NaN
3/5/2022 13:00,8.66,9.36
3/5/2022 14:00,9.01,8.89
3/5/2022 15:00,7.59,9.1
3/5/2022 16:00,6.95,9.15
3/5/2022 17:00,7.78,9.72
3/5/2022 18:00,8.16,10.07
3/5/2022 19:00,7.39,11.01
3/5/2022 20:00,8.38,10.11
3/5/2022 21:00,7.17,9.4
3/5/2022 22:00,5.45,9.02
3/5/2022 23:00,5.21,8.19
4/5/2022 0:00,4.38,7.72
4/5/2022 1:00,4.37,7.37
4/5/2022 2:00,3.37,7.36
4/5/2022 3:00,2.88,7.37
4/5/2022 4:00,2.79,7.19
4/5/2022 5:00,2.84,7.63
4/5/2022 6:00,6.11,9.07
4/5/2022 7:00,8.53,10.81
4/5/2022 8:00,9.14,10.57
4/5/2022 9:00,11.34,9.92
4/5/2022 10:00,12.21,9.59
4/5/2022 11:00,10.26,8.81
4/5/2022 12:00,10.31,9.01
4/5/2022 13:00,9.43,9.42
4/5/2022 14:00,9.12,8.96
4/5/2022 15:00,8.09,9.37
4/5/2022 16:00,7.05,9.03
4/5/2022 17:00,5.73,9.53
4/5/2022 18:00,6.66,11.15
4/5/2022 19:00,7.56,11.16
4/5/2022 20:00,7.35,10.37
4/5/2022 21:00,6.32,9.53
4/5/2022 22:00,5.01,8.51
4/5/2022 23:00,4.86,8.16
5/5/2022 0:00,4.3,7.66
5/5/2022 1:00,4.04,7.27
5/5/2022 2:00,4.52,7.37
5/5/2022 3:00,4.86,7.49
5/5/2022 4:00,4.25,7.17
5/5/2022 5:00,4.51,7.76
5/5/2022 6:00,7.49,9.27
5/5/2022 7:00,8.76,11.42
5/5/2022 8:00,8.85,10.59
5/5/2022 9:00,8.58,9.93
5/5/2022 10:00,8.01,9.64
5/5/2022 11:00,8.59,9.15
5/5/2022 12:00,7.57,9.03
5/5/2022 13:00,8.52,9.17
5/5/2022 14:00,9.74,8.99
5/5/2022 15:00,9.42,8.92
5/5/2022 16:00,8.11,8.99
5/5/2022 17:00,7.22,9.7
5/5/2022 18:00,6.83,9.75
5/5/2022 19:00,7.54,9.92
5/5/2022 20:00,7.45,10.14
5/5/2022 21:00,6.28,9.36
5/5/2022 22:00,4.4,8.36
5/5/2022 23:00,3.46,8.02
6/5/2022 0:00,2.85,7.58
6/5/2022 1:00,2.46,7.28
6/5/2022 2:00,2.48,7.33
6/5/2022 3:00,6.4,7.25
6/5/2022 4:00,5.9,7.05
6/5/2022 5:00,6.24,7.62
6/5/2022 6:00,6.78,8.61
6/5/2022 7:00,8.02,9.8
6/5/2022 8:00,8.59,9.7
6/5/2022 9:00,8.82,9.38
6/5/2022 10:00,8.99,9.21
6/5/2022 11:00,8.26,8.8
6/5/2022 12:00,7.49,8.33
6/5/2022 13:00,8.24,8.64
6/5/2022 14:00,7.78,8.38
6/5/2022 15:00,7.11,8.42
6/5/2022 16:00,6.11,8.32
6/5/2022 17:00,6.34,8.66
6/5/2022 18:00,6.86,8.93
6/5/2022 19:00,7.22,9.3
6/5/2022 20:00,7.32,9.07
6/5/2022 21:00,5.82,8.77
6/5/2022 22:00,5.23,8.34
6/5/2022 23:00,4.6,7.94
7/5/2022 0:00,4.62,7.56
7/5/2022 1:00,4.09,7.36
7/5/2022 2:00,4.4,7.17
7/5/2022 3:00,5.15,7.16
7/5/2022 4:00,3.02,7.15
7/5/2022 5:00,3.3,7.5
7/5/2022 6:00,4.54,7.72
7/5/2022 7:00,6.71,8.72
7/5/2022 8:00,7.27,10.02
7/5/2022 9:00,8.29,10.19
7/5/2022 10:00,7.59,9.87
7/5/2022 11:00,7.31,9.8
7/5/2022 12:00,7.72,9.21
7/5/2022 13:00,7.77,9.7
7/5/2022 14:00,7.96,9.27
7/5/2022 15:00,6.59,9.39
7/5/2022 16:00,5.79,9.15
7/5/2022 17:00,5.06,9.01
7/5/2022 18:00,5.25,9.29
7/5/2022 19:00,5.37,9.13
7/5/2022 20:00,5.74,9.61
7/5/2022 21:00,4.71,8.63
7/5/2022 22:00,4.64,8.33
7/5/2022 23:00,4.62,7.91
8/5/2022 0:00,4.3,7.56
8/5/2022 1:00,4.16,7.31
8/5/2022 2:00,4.09,7.25
8/5/2022 3:00,NaN,7.21
8/5/2022 4:00,4.05,7.32
8/5/2022 5:00,4.02,7.35
8/5/2022 6:00,4.44,7.83
8/5/2022 7:00,6.02,8.64
8/5/2022 8:00,8.89,9.83
8/5/2022 9:00,10.76,10.57
8/5/2022 10:00,7.53,10.51
8/5/2022 11:00,6.74,10.42
8/5/2022 12:00,6.11,10.28
8/5/2022 13:00,6.07,10.21
8/5/2022 14:00,5.96,10.08
8/5/2022 15:00,6.14,10.3
8/5/2022 16:00,5.14,10.24
8/5/2022 17:00,6.65,10.6
8/5/2022 18:00,7.18,10.24
8/5/2022 19:00,7.9,10.41
8/5/2022 20:00,7.58,10.35
8/5/2022 21:00,7.34,9.78
8/5/2022 22:00,6.29,8.7
8/5/2022 23:00,6.86,8.12
9/5/2022 0:00,14.42,7.58
9/5/2022 1:00,3.86,7.53
9/5/2022 2:00,3.35,7.24
9/5/2022 3:00,4.45,7.31
9/5/2022 4:00,3.3,7.42
9/5/2022 5:00,3.95,7.87
9/5/2022 6:00,7.13,8.93
9/5/2022 7:00,9.24,10.85
9/5/2022 8:00,9.08,10.04
9/5/2022 9:00,9.25,9.79
9/5/2022 10:00,9.78,9.47
9/5/2022 11:00,10.17,9.58
9/5/2022 12:00,9.73,9.8
9/5/2022 13:00,8.34,9.18
9/5/2022 14:00,9.11,8.64
9/5/2022 15:00,7.21,8.78
9/5/2022 16:00,6.98,8.81
9/5/2022 17:00,6.5,8.94
9/5/2022 18:00,6.33,9.1
9/5/2022 19:00,7.32,9.77
9/5/2022 20:00,7.19,9.82
9/5/2022 21:00,6.53,9.31
9/5/2022 22:00,5.12,8.73
9/5/2022 23:00,4.94,7.93
10/5/2022 0:00,4.47,7.52
10/5/2022 1:00,3.99,7.57
10/5/2022 2:00,15.9,7.22
10/5/2022 3:00,4.98,7.21
10/5/2022 4:00,4.1,7.3
10/5/2022 5:00,5.57,7.5
10/5/2022 6:00,8.03,9.21
10/5/2022 7:00,10.83,10.73
10/5/2022 8:00,8.59,10.04
10/5/2022 9:00,9.79,9.86
10/5/2022 10:00,9.3,9.16
10/5/2022 11:00,8.68,9.18
10/5/2022 12:00,8.76,9.64
10/5/2022 13:00,9.13,9.76
10/5/2022 14:00,10.32,9.88
10/5/2022 15:00,9.97,9.96
10/5/2022 16:00,7.26,10.04
10/5/2022 17:00,7.69,10.33
10/5/2022 18:00,8.01,11.29
10/5/2022 19:00,8.44,11.55
10/5/2022 20:00,7.76,11.18
10/5/2022 21:00,5.94,9.73
10/5/2022 22:00,4.52,8.72
10/5/2022 23:00,3.51,8.26
11/5/2022 0:00,3.09,7.4
11/5/2022 1:00,2.67,7.57
11/5/2022 2:00,3.94,7.31
11/5/2022 3:00,4.17,7.15
11/5/2022 4:00,4.3,7.19
11/5/2022 5:00,4.97,7.78
11/5/2022 6:00,6.31,9.29
11/5/2022 7:00,9.2,11.18
11/5/2022 8:00,9.69,10.8
11/5/2022 9:00,9.8,10.37
11/5/2022 10:00,8.73,10.17
11/5/2022 11:00,9.71,9.6
11/5/2022 12:00,9.47,9.24
11/5/2022 13:00,8.3,9.26
11/5/2022 14:00,10.41,9.32
11/5/2022 15:00,10.67,9.17
11/5/2022 16:00,9.12,9.16
11/5/2022 17:00,7.99,9.6
11/5/2022 18:00,9.32,10.92
11/5/2022 19:00,12.65,12.81
11/5/2022 20:00,12.44,10.89
11/5/2022 21:00,11.2,10.12
11/5/2022 22:00,6.98,9.1
11/5/2022 23:00,6.22,8.01
12/5/2022 0:00,5.74,7.49
12/5/2022 1:00,5.52,7.73
12/5/2022 2:00,5.9,7.54
12/5/2022 3:00,5.76,7.47
12/5/2022 4:00,4.8,7.3
12/5/2022 5:00,5.51,7.84
12/5/2022 6:00,7.34,9.49
12/5/2022 7:00,9.64,11.9
12/5/2022 8:00,9.58,10.82
12/5/2022 9:00,9.69,10.26
12/5/2022 10:00,10.31,9.13
12/5/2022 11:00,10.47,9.82
12/5/2022 12:00,10.08,10
12/5/2022 13:00,9.98,9.7
12/5/2022 14:00,9.17,9.32
12/5/2022 15:00,8.7,9.29
12/5/2022 16:00,7.92,9.96
12/5/2022 17:00,9.85,9.98
12/5/2022 18:00,10.05,11.88
12/5/2022 19:00,9.26,12.21
12/5/2022 20:00,8.23,11.55
12/5/2022 21:00,6.58,9.84
12/5/2022 22:00,6.05,8.96
12/5/2022 23:00,6.23,7.92
13/05/2022 00:00,5.08,7.62
13/05/2022 01:00,4.93,7.83
13/05/2022 02:00,4.78,7.33
13/05/2022 03:00,5.28,7.19
13/05/2022 04:00,5.34,7.32
13/05/2022 05:00,5.17,7.89
13/05/2022 06:00,6.84,10.23
13/05/2022 07:00,9.41,10.95
13/05/2022 08:00,9.88,11.94
13/05/2022 09:00,9.85,10.92
13/05/2022 10:00,11.3,9.48
13/05/2022 11:00,9.44,9.84
13/05/2022 12:00,10.29,9.18
13/05/2022 13:00,10.88,9.74
13/05/2022 14:00,9.93,9.2
13/05/2022 15:00,8.69,9.71
13/05/2022 16:00,9.92,9.56
13/05/2022 17:00,10.57,10.47
13/05/2022 18:00,10.04,11.95
13/05/2022 19:00,10.59,12.8
13/05/2022 20:00,10.12,12.19
13/05/2022 21:00,8.89,10.55
13/05/2022 22:00,7.99,9.03
13/05/2022 23:00,6.75,8.47
14/05/2022 00:00,5.91,8.12
14/05/2022 01:00,5.68,8.2
14/05/2022 02:00,6.38,7.68
14/05/2022 03:00,6.88,7.55
14/05/2022 04:00,7.03,7.58
14/05/2022 05:00,6.79,8.04
14/05/2022 06:00,9,8.88
14/05/2022 07:00,10.16,10.23
14/05/2022 08:00,10.67,11.46
14/05/2022 09:00,10.43,11.27
14/05/2022 10:00,10.67,10.95
14/05/2022 11:00,9.46,11.32
14/05/2022 12:00,9.19,11.29
14/05/2022 13:00,9.57,10.61
14/05/2022 14:00,8.98,10.8
14/05/2022 15:00,9.21,10.56
14/05/2022 16:00,8.67,9.98
14/05/2022 17:00,8.66,11.34
14/05/2022 18:00,9.38,11.62
14/05/2022 19:00,10.36,12.61
14/05/2022 20:00,9.53,10.64
14/05/2022 21:00,8.27,9.56
14/05/2022 22:00,8.04,9.23
14/05/2022 23:00,7.74,8.62
15/05/2022 00:00,6.9,8.11
15/05/2022 01:00,6.53,8.32
15/05/2022 02:00,6.83,7.63
15/05/2022 03:00,6.41,7.5
15/05/2022 04:00,5.76,7.62
15/05/2022 05:00,5.61,7.86
15/05/2022 06:00,7.31,9.2
15/05/2022 07:00,8.52,10.66
15/05/2022 08:00,9.49,12.12
15/05/2022 09:00,10.32,13.85
15/05/2022 10:00,10.82,13.89
15/05/2022 11:00,9.85,13.1
15/05/2022 12:00,9.95,12.47
15/05/2022 13:00,9.63,11.98
15/05/2022 14:00,9.28,11.4
15/05/2022 15:00,8.05,11.58
15/05/2022 16:00,8.07,11.8
15/05/2022 17:00,7.94,12.4
15/05/2022 18:00,8.89,13.18
15/05/2022 19:00,10.43,14.57
15/05/2022 20:00,11.25,12.28
15/05/2022 21:00,11.06,10.76
15/05/2022 22:00,8.28,10.06
15/05/2022 23:00,9.8,8.5
16/05/2022 00:00,15.77,7.92
16/05/2022 01:00,6.92,7.95
16/05/2022 02:00,7,7.51
16/05/2022 03:00,7.91,7.6
16/05/2022 04:00,7.56,7.56
16/05/2022 05:00,8.38,8.42
16/05/2022 06:00,11.07,10.3
16/05/2022 07:00,10.86,11.32
16/05/2022 08:00,10.43,11.13
16/05/2022 09:00,10.88,11.91
16/05/2022 10:00,10.45,10.6
16/05/2022 11:00,10.78,9.89
16/05/2022 12:00,11.41,10.22
16/05/2022 13:00,10.38,10.15
16/05/2022 14:00,11.04,10.7
16/05/2022 15:00,9.89,9.71
16/05/2022 16:00,10.5,10.43
16/05/2022 17:00,10.02,11.77
16/05/2022 18:00,11.52,14.75
16/05/2022 19:00,9.68,14.43
16/05/2022 20:00,11.62,12.41
16/05/2022 21:00,8.81,11.49
16/05/2022 22:00,6.84,10.18
16/05/2022 23:00,6.92,9.29
17/05/2022 00:00,5.85,8.84
17/05/2022 01:00,5.47,8.17
17/05/2022 02:00,17.7,8.42
17/05/2022 03:00,5.49,8.35
17/05/2022 04:00,6.06,8.4
17/05/2022 05:00,7.81,8.67
17/05/2022 06:00,9.38,10.72
17/05/2022 07:00,10.57,12.18
17/05/2022 08:00,9.53,11.59
17/05/2022 09:00,9.17,11.08
17/05/2022 10:00,12.3,9.88
17/05/2022 11:00,11.58,9.09
17/05/2022 12:00,11.47,9.45
17/05/2022 13:00,11.49,10.62
17/05/2022 14:00,13.03,10.49
17/05/2022 15:00,13.02,10.09
17/05/2022 16:00,12.85,10.24
17/05/2022 17:00,10.96,11.42
17/05/2022 18:00,10.84,12.37
17/05/2022 19:00,11.82,12.65
17/05/2022 20:00,12.93,12.06
17/05/2022 21:00,11.04,10.51
17/05/2022 22:00,9.65,9.09
17/05/2022 23:00,9.2,8.35
18/05/2022 00:00,8.22,7.51
18/05/2022 01:00,7.89,7.33
18/05/2022 02:00,8.02,7.77
18/05/2022 03:00,8.26,7.6
18/05/2022 04:00,NaN,7.52
18/05/2022 05:00,8.14,7.84
18/05/2022 06:00,10.6,10.21
18/05/2022 07:00,11.59,11.27
18/05/2022 08:00,12.2,11.52
18/05/2022 09:00,11.92,10.59
18/05/2022 10:00,11.49,10.45
18/05/2022 11:00,12.56,10.42
18/05/2022 12:00,11.86,9.55
18/05/2022 13:00,12.41,9.83
18/05/2022 14:00,13.19,10.5
18/05/2022 15:00,11.86,10.05
18/05/2022 16:00,12.19,10.15
18/05/2022 17:00,11.13,12.02
18/05/2022 18:00,11.13,13.51
18/05/2022 19:00,12.15,14.72
18/05/2022 20:00,11.53,13.28
18/05/2022 21:00,10.03,11.49
18/05/2022 22:00,9.08,8.96
18/05/2022 23:00,7.92,7.84
19/05/2022 00:00,7.21,7.48
19/05/2022 01:00,7.27,7.26
19/05/2022 02:00,8.17,7.68
19/05/2022 03:00,8.85,7.49
19/05/2022 04:00,8.17,7.54
19/05/2022 05:00,8.57,7.94
19/05/2022 06:00,11.39,9.77
19/05/2022 07:00,13.01,11.58
19/05/2022 08:00,12.39,11.46
19/05/2022 09:00,12.6,10.84
19/05/2022 10:00,12.5,10.82
19/05/2022 11:00,12.49,11.58
19/05/2022 12:00,13.65,10.65
19/05/2022 13:00,14.46,10.38
19/05/2022 14:00,13.15,10.42
19/05/2022 15:00,12.57,10.42
19/05/2022 16:00,12.67,10.27
19/05/2022 17:00,9.88,10.67
19/05/2022 18:00,11.29,13.5
19/05/2022 19:00,12.24,14.09
19/05/2022 20:00,12.04,13.42
19/05/2022 21:00,10.38,10.75
19/05/2022 22:00,9.25,9.09
19/05/2022 23:00,8.76,8.38
20/05/2022 00:00,7.77,7.64
20/05/2022 01:00,6.67,7.4
20/05/2022 02:00,6.58,7.61
20/05/2022 03:00,7.26,7.45
20/05/2022 04:00,7.59,7.48
20/05/2022 05:00,8.07,8.36
20/05/2022 06:00,11.12,11.02
20/05/2022 07:00,12.14,12.22
20/05/2022 08:00,12.98,11.9
20/05/2022 09:00,13.48,10.73
20/05/2022 10:00,12.28,9.96
20/05/2022 11:00,11.91,9.55
20/05/2022 12:00,11.48,10.19
20/05/2022 13:00,12.44,10.57
20/05/2022 14:00,12.28,10.15
20/05/2022 15:00,11.63,9.96
20/05/2022 16:00,11.18,10.34
20/05/2022 17:00,9.86,12.54
20/05/2022 18:00,11.23,13.35
20/05/2022 19:00,11.75,14.09
20/05/2022 20:00,11.83,13.07
20/05/2022 21:00,10.43,12.06
20/05/2022 22:00,10.22,10.08
20/05/2022 23:00,9.95,8.94
21/05/2022 00:00,9.32,8.41
21/05/2022 01:00,8.26,8.37
21/05/2022 02:00,9.02,8.2
21/05/2022 03:00,9.97,8.15
21/05/2022 04:00,10.11,7.92
21/05/2022 05:00,9.15,9.04
21/05/2022 06:00,10.67,9.95
21/05/2022 07:00,12.05,12.14
21/05/2022 08:00,12.55,13.22
21/05/2022 09:00,13.07,13.17
21/05/2022 10:00,11.48,12.63
21/05/2022 11:00,12.14,13.12
21/05/2022 12:00,11.9,12.44
21/05/2022 13:00,11.54,11.29
21/05/2022 14:00,14.02,11.3
21/05/2022 15:00,14.45,11.69
21/05/2022 16:00,10.71,11.92
21/05/2022 17:00,10.64,12.58
21/05/2022 18:00,11.02,14.93
21/05/2022 19:00,11.22,15.5
21/05/2022 20:00,11.22,15.1
21/05/2022 21:00,8.99,11.99
21/05/2022 22:00,8.75,10.84
21/05/2022 23:00,8.48,9.86
22/05/2022 00:00,7.32,9.41
22/05/2022 01:00,7.09,8.84
22/05/2022 02:00,8.35,8.43
22/05/2022 03:00,NaN,7.8
22/05/2022 04:00,9.78,7.67
22/05/2022 05:00,10.38,8.7
22/05/2022 06:00,11.94,10.7
22/05/2022 07:00,11.9,11.77
22/05/2022 08:00,12.29,13.86
22/05/2022 09:00,11.58,14.53
22/05/2022 10:00,10.42,14.54
22/05/2022 11:00,10.46,13.98
22/05/2022 12:00,10.05,13.23
22/05/2022 13:00,10.11,13.67
22/05/2022 14:00,9.69,11.76
22/05/2022 15:00,9.48,11.03
22/05/2022 16:00,9.26,11.75
22/05/2022 17:00,9.88,14.9
22/05/2022 18:00,10.97,15.32
22/05/2022 19:00,12.09,16.23
22/05/2022 20:00,12.64,14.01
22/05/2022 21:00,11.09,12.9
22/05/2022 22:00,10.4,10.47
22/05/2022 23:00,11.71,9.03
23/05/2022 00:00,16.59,8.28
23/05/2022 01:00,8.17,8.1
23/05/2022 02:00,8.09,8.26
23/05/2022 03:00,9.43,8.14
23/05/2022 04:00,8.65,7.94
23/05/2022 05:00,9.92,8.66
23/05/2022 06:00,12.24,10.83
23/05/2022 07:00,12.56,11.13
23/05/2022 08:00,12.88,11.03
23/05/2022 09:00,13.16,11.82
23/05/2022 10:00,12.66,10.54
23/05/2022 11:00,11.86,10.6
23/05/2022 12:00,11.8,10.7
23/05/2022 13:00,11.97,10.56
23/05/2022 14:00,12.24,10.41
23/05/2022 15:00,12.58,10.49
23/05/2022 16:00,11.28,11.05
23/05/2022 17:00,10.78,12.04
23/05/2022 18:00,11.38,11.82
23/05/2022 19:00,13.08,14.65
23/05/2022 20:00,11.86,13.26
23/05/2022 21:00,9.08,11.25
23/05/2022 22:00,8.26,9.83
23/05/2022 23:00,9,8.62
24/05/2022 00:00,8.22,8.03
24/05/2022 01:00,7.83,7.6
24/05/2022 02:00,18.88,7.57
24/05/2022 03:00,8.61,7.42
24/05/2022 04:00,8.14,7.45
24/05/2022 05:00,8.68,8.44
24/05/2022 06:00,11.53,10.28
24/05/2022 07:00,12.83,12.57
24/05/2022 08:00,12.11,12.38
24/05/2022 09:00,12.3,11.18
24/05/2022 10:00,11.56,10.78
24/05/2022 11:00,11.8,10.27
24/05/2022 12:00,12.04,9.39
24/05/2022 13:00,12.37,10.52
24/05/2022 14:00,12.67,10.71
24/05/2022 15:00,11.81,10.22
24/05/2022 16:00,11.28,11.17
24/05/2022 17:00,11.35,13.13
24/05/2022 18:00,11.46,13.69
24/05/2022 19:00,12.11,14.14
24/05/2022 20:00,12.26,13.52
24/05/2022 21:00,10.7,11.39
24/05/2022 22:00,8.93,9.21
24/05/2022 23:00,8.08,8.22
25/05/2022 00:00,7.53,7.92
25/05/2022 01:00,7.02,7.37
25/05/2022 02:00,7.02,7.63
25/05/2022 03:00,7.58,7.48
25/05/2022 04:00,8.72,7.5
25/05/2022 05:00,8.92,8.14
25/05/2022 06:00,11.41,10.38
25/05/2022 07:00,13.01,11.47
25/05/2022 08:00,13.49,10.85
25/05/2022 09:00,12,10.73
25/05/2022 10:00,12.46,9.25
25/05/2022 11:00,12.74,9.28
25/05/2022 12:00,12.13,9.85
25/05/2022 13:00,12.85,10.05
25/05/2022 14:00,13.6,9.77
25/05/2022 15:00,12.51,9.71
25/05/2022 16:00,13.3,10.01
25/05/2022 17:00,12.95,10.13
25/05/2022 18:00,11.78,11.94
25/05/2022 19:00,12.4,12.93
25/05/2022 20:00,13.44,13.56
25/05/2022 21:00,12.42,11.4
25/05/2022 22:00,11.65,9.25
25/05/2022 23:00,11.07,8.53
26/05/2022 00:00,10.58,8.26
26/05/2022 01:00,9.98,7.87
26/05/2022 02:00,10.88,7.69
26/05/2022 03:00,10.71,7.61
26/05/2022 04:00,9.56,7.52
26/05/2022 05:00,10.2,8.19
26/05/2022 06:00,12.67,10.22
26/05/2022 07:00,13.68,12.27
26/05/2022 08:00,13.62,11.38
26/05/2022 09:00,13.5,11.22
26/05/2022 10:00,12.72,10.91
26/05/2022 11:00,13.36,10.39
26/05/2022 12:00,13.41,10.13
26/05/2022 13:00,13.07,10.26
26/05/2022 14:00,13.71,10.28
26/05/2022 15:00,13.07,11.01
26/05/2022 16:00,12.92,12
26/05/2022 17:00,13.21,13.67
26/05/2022 18:00,13.53,13.21
26/05/2022 19:00,13.64,14.52
26/05/2022 20:00,13.5,13.03
26/05/2022 21:00,11.58,11.27
26/05/2022 22:00,10.46,9.47
26/05/2022 23:00,9.48,8.52
27/05/2022 00:00,9.7,8.39
27/05/2022 01:00,9.24,8.05
27/05/2022 02:00,7.51,7.59
27/05/2022 03:00,11.26,7.65
27/05/2022 04:00,10.71,7.52
27/05/2022 05:00,11.36,8.31
27/05/2022 06:00,13.49,10.85
27/05/2022 07:00,15.06,11.95
27/05/2022 08:00,15.03,11.63
27/05/2022 09:00,13.3,10.97
27/05/2022 10:00,12.41,9.97
27/05/2022 11:00,12.4,10.01
27/05/2022 12:00,13.14,10.49
27/05/2022 13:00,12.09,10.35
27/05/2022 14:00,12.28,9.83
27/05/2022 15:00,13.01,9.6
27/05/2022 16:00,12.88,10.66
27/05/2022 17:00,12.01,12.26
27/05/2022 18:00,11.56,13.6
27/05/2022 19:00,11.8,15.43
27/05/2022 20:00,11.52,13.46
27/05/2022 21:00,10.51,11.63
27/05/2022 22:00,9.38,9.35
27/05/2022 23:00,8.8,8.89
28/05/2022 00:00,7.35,7.78
28/05/2022 01:00,6.81,7.36
28/05/2022 02:00,7.76,7.51
28/05/2022 03:00,7.54,7.7
28/05/2022 04:00,7.5,7.36
28/05/2022 05:00,8.49,8.09
28/05/2022 06:00,8.95,8.75
28/05/2022 07:00,10.55,9.68
28/05/2022 08:00,11.53,10.25
28/05/2022 09:00,10.01,10.1
28/05/2022 10:00,8.35,10.13
28/05/2022 11:00,10.19,10.36
28/05/2022 12:00,7.88,10.66
28/05/2022 13:00,7.26,10.02
28/05/2022 14:00,8.03,9.22
28/05/2022 15:00,9.84,9.66
28/05/2022 16:00,9.15,9.12
28/05/2022 17:00,8.64,9.29
28/05/2022 18:00,9.22,9.34
28/05/2022 19:00,10.28,9.81
28/05/2022 20:00,10.3,10.21
28/05/2022 21:00,9.43,9.03
28/05/2022 22:00,8.77,8.56
28/05/2022 23:00,8.74,8.21
29/05/2022 00:00,8.44,7.91
29/05/2022 01:00,7.7,7.38
29/05/2022 02:00,8.15,7.24
29/05/2022 03:00,8.06,7.2
29/05/2022 04:00,7.26,7.28
29/05/2022 05:00,7.44,7.98
29/05/2022 06:00,8.38,8.35
29/05/2022 07:00,9.38,8.98
29/05/2022 08:00,9.97,10.44
29/05/2022 09:00,10.96,10.59
29/05/2022 10:00,11.36,11.17
29/05/2022 11:00,11.06,11.56
29/05/2022 12:00,10.93,10.77
29/05/2022 13:00,10.77,10.03
29/05/2022 14:00,10.23,9.33
29/05/2022 15:00,10.15,9.73
29/05/2022 16:00,9.82,9.31
29/05/2022 17:00,8.29,9.4
29/05/2022 18:00,8.36,9.48
29/05/2022 19:00,8.96,9.89
29/05/2022 20:00,9.95,9.39
29/05/2022 21:00,8.78,9.17
29/05/2022 22:00,7.38,8.78
29/05/2022 23:00,9.17,7.92
30/05/2022 00:00,18.5,7.65
30/05/2022 01:00,6.01,7.33
30/05/2022 02:00,6.21,7.3
30/05/2022 03:00,9.05,7.28
30/05/2022 04:00,8.18,7.39
30/05/2022 05:00,8.1,8.54
30/05/2022 06:00,10.47,9.34
30/05/2022 07:00,14.07,10.71
30/05/2022 08:00,13.75,10.83
30/05/2022 09:00,12.18,10.07
30/05/2022 10:00,11.62,9.53
30/05/2022 11:00,11.76,9.58
30/05/2022 12:00,11.95,9.52
30/05/2022 13:00,12.93,9.45
30/05/2022 14:00,11.94,10.21
30/05/2022 15:00,8.57,9.89
30/05/2022 16:00,10.9,9.91
30/05/2022 17:00,8.8,9.87
30/05/2022 18:00,8.7,10.07
30/05/2022 19:00,11.51,10.52
30/05/2022 20:00,9.47,10.53
30/05/2022 21:00,7.88,9.62
30/05/2022 22:00,8.51,8.93
30/05/2022 23:00,6.07,8.09
31/05/2022 00:00,6.95,7.76
31/05/2022 01:00,6.32,7.32
31/05/2022 02:00,21.1,7.3
31/05/2022 03:00,7.58,7.31
31/05/2022 04:00,8.53,7.39
31/05/2022 05:00,8.81,8.25
31/05/2022 06:00,10.73,9.58
31/05/2022 07:00,9.97,11.16
31/05/2022 08:00,13.77,11.38
31/05/2022 09:00,11.84,10.84
31/05/2022 10:00,11.19,11.01
31/05/2022 11:00,9.7,10.18
31/05/2022 12:00,9.54,10.95
31/05/2022 13:00,8.7,10.27
31/05/2022 14:00,10.66,9.66
31/05/2022 15:00,11.21,9.63
31/05/2022 16:00,10.97,10.56
31/05/2022 17:00,9.01,11.33
31/05/2022 18:00,10.09,13.26
31/05/2022 19:00,10.37,15.24
31/05/2022 20:00,10.57,13.73
31/05/2022 21:00,8.11,11.8
31/05/2022 22:00,7.97,9.36
31/05/2022 23:00,8.53,8.18
1/6/2022 0:00,6.01,7.73
1/6/2022 1:00,5.29,7.33
1/6/2022 2:00,7.82,7.9
1/6/2022 3:00,6.99,7.64
1/6/2022 4:00,7.16,7.4
1/6/2022 5:00,5.46,8.47
1/6/2022 6:00,8.66,10.67
1/6/2022 7:00,11.94,13.65
1/6/2022 8:00,10.74,12.95
1/6/2022 9:00,9.84,10.88
1/6/2022 10:00,11.28,10.3
1/6/2022 11:00,12.73,10.17
1/6/2022 12:00,11.32,9.17
1/6/2022 13:00,11.27,9.49
1/6/2022 14:00,12.46,9.32
1/6/2022 15:00,11.53,9.35
1/6/2022 16:00,10.29,10.39
1/6/2022 17:00,9.81,11.21
1/6/2022 18:00,10.7,11.94
1/6/2022 19:00,10.51,15.62
1/6/2022 20:00,10,13.62
1/6/2022 21:00,9.06,11.32
1/6/2022 22:00,6.43,9.1
1/6/2022 23:00,5.72,8.6
2/6/2022 0:00,6.48,7.83
2/6/2022 1:00,6.32,7.41
2/6/2022 2:00,6.96,7.86
2/6/2022 3:00,7.23,7.57
2/6/2022 4:00,7.25,7.41
2/6/2022 5:00,8.69,8.69
2/6/2022 6:00,9.71,9.68
2/6/2022 7:00,8.85,12.12
2/6/2022 8:00,11.26,13.9
2/6/2022 9:00,10.47,14.16
2/6/2022 10:00,9.63,12.73
2/6/2022 11:00,9.72,11.73
2/6/2022 12:00,10.28,11.25
2/6/2022 13:00,9.13,12.49
2/6/2022 14:00,9.37,12.85
2/6/2022 15:00,9.34,12.56
2/6/2022 16:00,7.38,12.07
2/6/2022 17:00,9.51,13.4
2/6/2022 18:00,10.86,14.28
2/6/2022 19:00,10.84,16.96
2/6/2022 20:00,11.53,16.03
2/6/2022 21:00,9.56,13
2/6/2022 22:00,7.64,11.11
2/6/2022 23:00,7.46,8.94
3/6/2022 0:00,6.38,8.61
3/6/2022 1:00,5.11,7.72
3/6/2022 2:00,6.82,7.96
3/6/2022 3:00,9.8,7.38
3/6/2022 4:00,9.65,7.54
3/6/2022 5:00,8.69,9.08
3/6/2022 6:00,11.74,11.33
3/6/2022 7:00,11.07,13.17
3/6/2022 8:00,12.51,12.31
3/6/2022 9:00,11.76,11.31
3/6/2022 10:00,11.59,10.78
3/6/2022 11:00,10.17,10.97
3/6/2022 12:00,10.23,10.8
3/6/2022 13:00,10.67,10.75
3/6/2022 14:00,9.24,10.31
3/6/2022 15:00,8.94,10.98
3/6/2022 16:00,8.77,11.31
3/6/2022 17:00,7.78,10.09
3/6/2022 18:00,7.84,10.16
3/6/2022 19:00,9.05,9.99
3/6/2022 20:00,9.18,9.53
3/6/2022 21:00,7.76,9.6
3/6/2022 22:00,6.73,9.55
3/6/2022 23:00,6.58,8.27
4/6/2022 0:00,5.53,8.11
4/6/2022 1:00,5.03,7.62
4/6/2022 2:00,6.28,8.12
4/6/2022 3:00,6.42,7.56
4/6/2022 4:00,4.68,7.56
4/6/2022 5:00,5.92,8.14
4/6/2022 6:00,7.49,9.35
4/6/2022 7:00,7.31,10.68
4/6/2022 8:00,9.16,12.01
4/6/2022 9:00,10.38,12.53
4/6/2022 10:00,9.03,11.38
4/6/2022 11:00,9.74,11.06
4/6/2022 12:00,9.28,10.83
4/6/2022 13:00,9.19,10.76
4/6/2022 14:00,8.96,10.96
4/6/2022 15:00,9.11,10.77
4/6/2022 16:00,8.14,10.93
4/6/2022 17:00,7.98,12.71
4/6/2022 18:00,9.37,16.12
4/6/2022 19:00,9.04,16.89
4/6/2022 20:00,9.96,14.81
4/6/2022 21:00,7.13,12.16
4/6/2022 22:00,5.72,10.26
4/6/2022 23:00,5.92,8.43
5/6/2022 0:00,6.73,7.76
5/6/2022 1:00,7.57,7.51
5/6/2022 2:00,6.34,7.87
5/6/2022 3:00,6.39,7.44
5/6/2022 4:00,6.87,7.32
5/6/2022 5:00,7.65,8.39
5/6/2022 6:00,9.38,9.92
5/6/2022 7:00,8.33,11.45
5/6/2022 8:00,9.56,12.45
5/6/2022 9:00,9.6,13.71
5/6/2022 10:00,8.84,14.18
5/6/2022 11:00,8.65,11.54
5/6/2022 12:00,7.91,12.34
5/6/2022 13:00,7.92,12.1
5/6/2022 14:00,8.51,11.7
5/6/2022 15:00,7.33,12.2
5/6/2022 16:00,7.19,13.65
5/6/2022 17:00,7.4,14.74
5/6/2022 18:00,8.53,16.39
5/6/2022 19:00,9.55,17.4
5/6/2022 20:00,10.12,17.58
5/6/2022 21:00,8.1,13.95
5/6/2022 22:00,7.33,11.25
5/6/2022 23:00,8.66,9.52
6/6/2022 0:00,15.63,9.03
6/6/2022 1:00,3.6,8.23
6/6/2022 2:00,3.89,8.55
6/6/2022 3:00,3.88,7.99
6/6/2022 4:00,4.52,7.84
6/6/2022 5:00,6.28,8.75
6/6/2022 6:00,8.76,10.21
6/6/2022 7:00,10.78,12.36
6/6/2022 8:00,10.76,11.13
6/6/2022 9:00,10.4,10.53
6/6/2022 10:00,11.54,10.18
6/6/2022 11:00,13.06,10.56
6/6/2022 12:00,12.88,9.57
6/6/2022 13:00,13.73,11.04
6/6/2022 14:00,13.98,10.03
6/6/2022 15:00,11.92,10.67
6/6/2022 16:00,10.83,11.82
6/6/2022 17:00,10.82,12.51
6/6/2022 18:00,11.52,14.07
6/6/2022 19:00,10.29,17.93
6/6/2022 20:00,12.46,16.07
6/6/2022 21:00,11.62,13.46
6/6/2022 22:00,8.83,10.11
6/6/2022 23:00,7.31,7.72
7/6/2022 0:00,7.8,7.45
7/6/2022 1:00,6.73,7.05
7/6/2022 2:00,19.02,7.38
7/6/2022 3:00,7,7.18
7/6/2022 4:00,7.4,6.98
7/6/2022 5:00,5.57,8.19
7/6/2022 6:00,8.96,10.37
7/6/2022 7:00,11.87,12.67
7/6/2022 8:00,12.02,12.05
7/6/2022 9:00,10.5,10.64
7/6/2022 10:00,13.21,10.25
7/6/2022 11:00,14.47,10.17
7/6/2022 12:00,11.4,10.09
7/6/2022 13:00,9.87,10.26
7/6/2022 14:00,12.02,9.82
7/6/2022 15:00,12.42,10.88
7/6/2022 16:00,11.08,10.87
7/6/2022 17:00,9.72,11.55
7/6/2022 18:00,11.18,12.03
7/6/2022 19:00,10.84,11.96
7/6/2022 20:00,8.65,11.01
7/6/2022 21:00,7.39,10.34
7/6/2022 22:00,7.63,9.61
7/6/2022 23:00,5.95,7.83
8/6/2022 0:00,4.63,7.73
8/6/2022 1:00,4.39,7.38
8/6/2022 2:00,7.26,7.08
8/6/2022 3:00,5.79,7.15
8/6/2022 4:00,6.15,7.28
8/6/2022 5:00,7.05,7.62
8/6/2022 6:00,8.46,9.16
8/6/2022 7:00,11.81,10.47
8/6/2022 8:00,11.34,9.26
8/6/2022 9:00,10.17,8.97
8/6/2022 10:00,9.21,9.4
8/6/2022 11:00,10.37,9.25
8/6/2022 12:00,10.93,8.96
8/6/2022 13:00,9.46,9.45
8/6/2022 14:00,9.7,9.26
8/6/2022 15:00,10.78,9.25
8/6/2022 16:00,8.51,9.28
8/6/2022 17:00,7.77,9.88
8/6/2022 18:00,9.44,10.14
8/6/2022 19:00,10.32,11.38
8/6/2022 20:00,9.51,10.65
8/6/2022 21:00,7.4,10.28
8/6/2022 22:00,7.88,9.68
8/6/2022 23:00,7.72,8.12
9/6/2022 0:00,4.74,7.52
9/6/2022 1:00,3.5,7.57
9/6/2022 2:00,4.5,7.76
9/6/2022 3:00,7.05,7.49
9/6/2022 4:00,5.75,7.29
9/6/2022 5:00,6.4,7.94
9/6/2022 6:00,8.51,9.02
9/6/2022 7:00,12.07,10.11
9/6/2022 8:00,11.04,9.5
9/6/2022 9:00,11.2,9.17
9/6/2022 10:00,10.45,9.07
9/6/2022 11:00,12.77,8.38
9/6/2022 12:00,12.6,8.73
9/6/2022 13:00,9.3,9.13
9/6/2022 14:00,9.16,8.44
9/6/2022 15:00,10.35,8.07
9/6/2022 16:00,9.4,8.26
9/6/2022 17:00,7.31,8.3
9/6/2022 18:00,8.14,9.41
9/6/2022 19:00,9.08,10.53
9/6/2022 20:00,11.1,10.29
9/6/2022 21:00,8.66,9.5
9/6/2022 22:00,7,8.97
9/6/2022 23:00,6.94,8.59
10/6/2022 0:00,7.19,8.67
10/6/2022 1:00,6.91,8.06
10/6/2022 2:00,5.34,7.58
10/6/2022 3:00,4.57,7.43
10/6/2022 4:00,4.93,7
10/6/2022 5:00,7.69,7.73
10/6/2022 6:00,7.77,9.25
10/6/2022 7:00,9.46,10.67
10/6/2022 8:00,9.96,10.05
10/6/2022 9:00,12.09,9.47
10/6/2022 10:00,12.84,9.44
10/6/2022 11:00,11.37,9.04
10/6/2022 12:00,10.93,8.33
10/6/2022 13:00,12.24,8.48
10/6/2022 14:00,12.84,8.56
10/6/2022 15:00,9.57,8.69
10/6/2022 16:00,8,8.88
10/6/2022 17:00,10.31,8.88
10/6/2022 18:00,9.57,9.22
10/6/2022 19:00,9.21,9.71
10/6/2022 20:00,10.53,9.5
10/6/2022 21:00,9.34,9.43
10/6/2022 22:00,5.97,8.3
10/6/2022 23:00,6.49,7.85
11/6/2022 0:00,6.33,7.67
11/6/2022 1:00,7.8,7.02
11/6/2022 2:00,6.84,7.47
11/6/2022 3:00,5.89,7.21
11/6/2022 4:00,5.3,7.29
11/6/2022 5:00,6.38,7.54
11/6/2022 6:00,9.78,8.2
11/6/2022 7:00,9.52,9.64
11/6/2022 8:00,9.51,10.24
11/6/2022 9:00,9.86,10.59
11/6/2022 10:00,11.09,10.24
11/6/2022 11:00,10.41,10.02
11/6/2022 12:00,8.87,10.03
11/6/2022 13:00,11.01,9.82
11/6/2022 14:00,13.2,9.62
11/6/2022 15:00,8.69,9.44
11/6/2022 16:00,7.62,9.88
11/6/2022 17:00,9.52,10.43
11/6/2022 18:00,11.25,11.96
11/6/2022 19:00,10.2,11.34
11/6/2022 20:00,10.02,10.76
11/6/2022 21:00,9.78,9.58
11/6/2022 22:00,8.42,8.81
11/6/2022 23:00,6.46,8.28
12/6/2022 0:00,4.98,8.65
12/6/2022 1:00,4.23,7.76
12/6/2022 2:00,4.51,7.94
12/6/2022 3:00,4.45,7.26
12/6/2022 4:00,5.82,7.06
12/6/2022 5:00,6.44,7.97
12/6/2022 6:00,7.55,9.36
12/6/2022 7:00,8.36,10.47
12/6/2022 8:00,9.88,11.81
12/6/2022 9:00,9.92,11.84
12/6/2022 10:00,9.96,11.38
12/6/2022 11:00,8.61,12.45
12/6/2022 12:00,8.56,11.49
12/6/2022 13:00,8.56,10.57
12/6/2022 14:00,7.77,10.71
12/6/2022 15:00,7.54,11.4
12/6/2022 16:00,7.15,11.17
12/6/2022 17:00,7.75,12.66
12/6/2022 18:00,9.04,13.22
12/6/2022 19:00,9.99,14.16
12/6/2022 20:00,10.18,14.13
12/6/2022 21:00,8.41,11.41
12/6/2022 22:00,6.9,9.56
12/6/2022 23:00,8.86,8.97
13/06/2022 00:00,16.33,7.57
13/06/2022 01:00,4.14,7.3
13/06/2022 02:00,4.39,7.87
13/06/2022 03:00,4.83,7.5
13/06/2022 04:00,6.17,7.27
13/06/2022 05:00,6.91,7.97
13/06/2022 06:00,9.86,10.74
13/06/2022 07:00,10.44,12.09
13/06/2022 08:00,11.27,11.59
13/06/2022 09:00,11.86,10.87
13/06/2022 10:00,10.59,9.69
13/06/2022 11:00,9.79,10.19
13/06/2022 12:00,9.92,9.91
13/06/2022 13:00,10.12,9.72
13/06/2022 14:00,10.12,9.26
13/06/2022 15:00,9.03,9.17
13/06/2022 16:00,8.92,10.12
13/06/2022 17:00,9.56,10.85
13/06/2022 18:00,10.27,11.66
13/06/2022 19:00,10.14,13.72
13/06/2022 20:00,10.7,13.3
13/06/2022 21:00,9.29,10.51
13/06/2022 22:00,8.53,9.01
13/06/2022 23:00,9.22,8.02
14/06/2022 00:00,6.14,8.26
14/06/2022 01:00,4.93,7.44
14/06/2022 02:00,18.25,7.54
14/06/2022 03:00,4.59,7.17
14/06/2022 04:00,4.21,7.5
14/06/2022 05:00,5.3,7.97
14/06/2022 06:00,8.33,9.42
14/06/2022 07:00,9.64,10.89
14/06/2022 08:00,11.18,11.01
14/06/2022 09:00,11.64,10.56
14/06/2022 10:00,11.25,9.16
14/06/2022 11:00,10.93,9.15
14/06/2022 12:00,10.04,9.47
14/06/2022 13:00,11.32,9.83
14/06/2022 14:00,12.24,9.5
14/06/2022 15:00,10.94,9.27
14/06/2022 16:00,10.39,9.69
14/06/2022 17:00,10.02,10.07
14/06/2022 18:00,9.95,11.89
14/06/2022 19:00,10.92,12.97
14/06/2022 20:00,11.25,13.39
14/06/2022 21:00,8.68,10.96
14/06/2022 22:00,7.62,9.79
14/06/2022 23:00,8.2,8.75
15/06/2022 00:00,7.37,8.14
15/06/2022 01:00,6.98,7.61
15/06/2022 02:00,7.36,8.17
15/06/2022 03:00,7.22,7.79
15/06/2022 04:00,7.97,7.82
15/06/2022 05:00,9.42,8.74
15/06/2022 06:00,10.94,10.63
15/06/2022 07:00,12.16,12.67
15/06/2022 08:00,12.97,12.41
15/06/2022 09:00,12.56,11.19
15/06/2022 10:00,11.65,10.6
15/06/2022 11:00,12.39,9.76
15/06/2022 12:00,12.32,9.71
15/06/2022 13:00,12.12,9.91
15/06/2022 14:00,11.65,10.29
15/06/2022 15:00,12.32,11.16
15/06/2022 16:00,10.85,11.04
15/06/2022 17:00,9.99,12.59
15/06/2022 18:00,10.22,13.5
15/06/2022 19:00,11.21,15.38
15/06/2022 20:00,12.54,14.1
15/06/2022 21:00,10.94,10.78
15/06/2022 22:00,6.43,8.83
15/06/2022 23:00,5.27,7.86
16/06/2022 00:00,5.66,8.1
16/06/2022 01:00,5.03,7.37
16/06/2022 02:00,5.72,7.6
16/06/2022 03:00,6,7.3
16/06/2022 04:00,6.96,7.2
16/06/2022 05:00,6.8,8.31
16/06/2022 06:00,8.83,10.59
16/06/2022 07:00,11.19,12.46
16/06/2022 08:00,11.38,12.01
16/06/2022 09:00,12.39,9.84
16/06/2022 10:00,11.52,9.11
16/06/2022 11:00,10.94,9.24
16/06/2022 12:00,10.8,9.24
16/06/2022 13:00,11.58,9.55
16/06/2022 14:00,11.9,9.43
16/06/2022 15:00,10.84,9.32
16/06/2022 16:00,10.47,10.28
16/06/2022 17:00,11.16,12.14
16/06/2022 18:00,11.33,13.2
16/06/2022 19:00,11.61,14.48
16/06/2022 20:00,12.74,12.85
16/06/2022 21:00,11.78,11.31
16/06/2022 22:00,8.44,9.19
16/06/2022 23:00,8.04,7.91
17/06/2022 00:00,7.52,7.66
17/06/2022 01:00,5.84,6.97
17/06/2022 02:00,5.36,7.45
17/06/2022 03:00,5.02,7.08
17/06/2022 04:00,7.1,7.63
17/06/2022 05:00,7.16,8.33
17/06/2022 06:00,9.11,10.44
17/06/2022 07:00,11.71,11.18
17/06/2022 08:00,12.79,11.27
17/06/2022 09:00,11.91,10.56
17/06/2022 10:00,11.17,10.19
17/06/2022 11:00,10.99,10.05
17/06/2022 12:00,10.84,9.84
17/06/2022 13:00,11.12,10.16
17/06/2022 14:00,11.61,9.79
17/06/2022 15:00,10.42,9.68
17/06/2022 16:00,10.9,10.31
17/06/2022 17:00,12.08,10.71
17/06/2022 18:00,12.05,9.7
17/06/2022 19:00,13.71,10.17
17/06/2022 20:00,14,9.94
17/06/2022 21:00,11.54,9.44
17/06/2022 22:00,8.61,8.82
17/06/2022 23:00,8.97,7.88
18/06/2022 00:00,8.34,8.21
18/06/2022 01:00,6.97,7.7
18/06/2022 02:00,7.24,7.59
18/06/2022 03:00,7.37,6.88
18/06/2022 04:00,7.43,6.95
18/06/2022 05:00,9.02,7.87
18/06/2022 06:00,10.72,9.8
18/06/2022 07:00,12.36,11.28
18/06/2022 08:00,13.44,11.41
18/06/2022 09:00,12.29,11.56
18/06/2022 10:00,12.14,10.58
18/06/2022 11:00,12.03,10.3
18/06/2022 12:00,10.6,11.21
18/06/2022 13:00,9.9,10.75
18/06/2022 14:00,10.2,10.27
18/06/2022 15:00,9.42,9.9
18/06/2022 16:00,8.93,10.5
18/06/2022 17:00,9.92,13.31
18/06/2022 18:00,11.03,15.12
18/06/2022 19:00,11.8,16.46
18/06/2022 20:00,12.87,15.49
18/06/2022 21:00,10.92,12.91
18/06/2022 22:00,9.96,9.81
18/06/2022 23:00,9.87,7.96
19/06/2022 00:00,8.54,7.44
19/06/2022 01:00,8.17,6.98
19/06/2022 02:00,7.6,7.24
19/06/2022 03:00,6.82,6.79
19/06/2022 04:00,7.82,6.74
19/06/2022 05:00,7.48,8.17
19/06/2022 06:00,8.37,10.35
19/06/2022 07:00,8.82,11.48
19/06/2022 08:00,10.86,12.46
19/06/2022 09:00,10.57,13.47
19/06/2022 10:00,10.35,12.16
19/06/2022 11:00,10.9,11.62
19/06/2022 12:00,10.55,11.77
19/06/2022 13:00,10.31,9.86
19/06/2022 14:00,10.69,9.41
19/06/2022 15:00,10.15,9.7
19/06/2022 16:00,8.13,10.01
19/06/2022 17:00,9.49,10.78
19/06/2022 18:00,10.39,13.07
19/06/2022 19:00,11.7,15.51
19/06/2022 20:00,10.84,14.43
19/06/2022 21:00,9.35,11.76
19/06/2022 22:00,8.24,9.61
19/06/2022 23:00,10.13,8.17
20/06/2022 00:00,19.37,8.22
20/06/2022 01:00,6.89,7.48
20/06/2022 02:00,6.98,7.59
20/06/2022 03:00,7.43,6.9
20/06/2022 04:00,8.14,7.06
20/06/2022 05:00,9.02,8.17
20/06/2022 06:00,11.83,10.32
20/06/2022 07:00,12.67,12.24
20/06/2022 08:00,12.26,12.39
20/06/2022 09:00,13.52,11.11
20/06/2022 10:00,12.57,10.89
20/06/2022 11:00,11.81,10.91
20/06/2022 12:00,12.25,10.19
20/06/2022 13:00,14.62,10.02
20/06/2022 14:00,11.97,9.62
20/06/2022 15:00,11.68,9.97
20/06/2022 16:00,10.8,9.97
20/06/2022 17:00,11.55,10.53
20/06/2022 18:00,11.08,13.05
20/06/2022 19:00,13.05,15.64
20/06/2022 20:00,14.49,16.14
20/06/2022 21:00,11.03,13.93
20/06/2022 22:00,8.46,10.3
20/06/2022 23:00,7.57,8.13
21/06/2022 00:00,7.41,7.5
21/06/2022 01:00,5.17,6.94
21/06/2022 02:00,19.04,7.34
21/06/2022 03:00,5.99,6.72
21/06/2022 04:00,7.3,6.95
21/06/2022 05:00,8.42,8.24
21/06/2022 06:00,10.63,10.57
21/06/2022 07:00,12.21,12.98
21/06/2022 08:00,13.46,12.62
21/06/2022 09:00,13.53,12.11
21/06/2022 10:00,13.18,10.9
21/06/2022 11:00,12.98,9.83
21/06/2022 12:00,12.39,9.99
21/06/2022 13:00,NaN,9.63
21/06/2022 14:00,14.5,9.29
21/06/2022 15:00,14.29,9.55
21/06/2022 16:00,12.21,10.46
21/06/2022 17:00,11.12,11.9
21/06/2022 18:00,12.2,13.24
21/06/2022 19:00,12.46,12.81
21/06/2022 20:00,12.73,11.98
21/06/2022 21:00,11.91,11.05
21/06/2022 22:00,9.36,9.27
21/06/2022 23:00,9.16,8.16
22/06/2022 00:00,9.49,8.2
22/06/2022 01:00,7.22,7.44
22/06/2022 02:00,7.17,7.46
22/06/2022 03:00,7.75,7.24
22/06/2022 04:00,8.56,7.13
22/06/2022 05:00,7.17,7.78
22/06/2022 06:00,9.85,8.88
22/06/2022 07:00,12.97,10.6
22/06/2022 08:00,14.35,10.66
22/06/2022 09:00,12.65,10.29
22/06/2022 10:00,12.72,10.66
22/06/2022 11:00,14.86,10.61
22/06/2022 12:00,14.23,9.43
22/06/2022 13:00,14.73,9.19
22/06/2022 14:00,14.93,9.37
22/06/2022 15:00,13.91,9.69
22/06/2022 16:00,12.85,9.17
22/06/2022 17:00,12.67,10.33
22/06/2022 18:00,11.59,10.92
22/06/2022 19:00,11.72,10.77
22/06/2022 20:00,12.26,10.53
22/06/2022 21:00,10.09,10.18
22/06/2022 22:00,8.77,9.9
22/06/2022 23:00,9.33,8.73
23/06/2022 00:00,8.39,8.35
23/06/2022 01:00,8.06,7.84
23/06/2022 02:00,10.08,8.21
23/06/2022 03:00,9.3,7.72
23/06/2022 04:00,8.65,8.13
23/06/2022 05:00,9.9,9.43
23/06/2022 06:00,11.91,10.85
23/06/2022 07:00,12.75,12.27
23/06/2022 08:00,15.77,11.93
23/06/2022 09:00,13.41,11.83
23/06/2022 10:00,12.83,10.9
23/06/2022 11:00,13.28,9.81
23/06/2022 12:00,13,10.13
23/06/2022 13:00,14.09,10.71
23/06/2022 14:00,12.27,10.17
23/06/2022 15:00,11.4,9.52
23/06/2022 16:00,9.94,10.26
23/06/2022 17:00,9.55,11.66
23/06/2022 18:00,11.83,13.38
23/06/2022 19:00,12.2,13.74
23/06/2022 20:00,11.44,12.82
23/06/2022 21:00,11.24,11.28
23/06/2022 22:00,9.09,9.69
23/06/2022 23:00,8.73,8.41
24/06/2022 00:00,8.4,8.71
24/06/2022 01:00,7.75,7.99
24/06/2022 02:00,7.52,8.12
24/06/2022 03:00,7.16,7.86
24/06/2022 04:00,8.46,7.59
24/06/2022 05:00,7.99,8.99
24/06/2022 06:00,9.37,10.84
24/06/2022 07:00,11.01,12.05
24/06/2022 08:00,11.76,12.35
24/06/2022 09:00,11.68,10.98
24/06/2022 10:00,11.73,11.21
24/06/2022 11:00,14.82,9.45
24/06/2022 12:00,15.05,9
24/06/2022 13:00,15.57,9.58
24/06/2022 14:00,13.79,9.21
24/06/2022 15:00,11.17,9.72
24/06/2022 16:00,11.47,9.74
24/06/2022 17:00,11.45,10.58
24/06/2022 18:00,10.98,11.83
24/06/2022 19:00,11.21,14.27
24/06/2022 20:00,11.69,14.43
24/06/2022 21:00,10.6,10.72
24/06/2022 22:00,7.63,9.94
24/06/2022 23:00,6.56,8.67
25/06/2022 00:00,7.88,7.88
25/06/2022 01:00,9.23,7.37
25/06/2022 02:00,8.59,7.81
25/06/2022 03:00,8.55,7.43
25/06/2022 04:00,8.87,7.51
25/06/2022 05:00,10.58,8.65
25/06/2022 06:00,10.57,10.42
25/06/2022 07:00,11.68,12.05
25/06/2022 08:00,13.01,12.16
25/06/2022 09:00,12.19,12.08
25/06/2022 10:00,10.1,11.21
25/06/2022 11:00,9.92,10.63
25/06/2022 12:00,12.46,10.8
25/06/2022 13:00,11.24,9.92
25/06/2022 14:00,9.09,9.59
25/06/2022 15:00,9.18,9.83
25/06/2022 16:00,10.15,10.49
25/06/2022 17:00,10.48,10.56
25/06/2022 18:00,10.47,12.73
25/06/2022 19:00,11.04,13.56
25/06/2022 20:00,12.44,13.9
25/06/2022 21:00,10.14,11.38
25/06/2022 22:00,8.46,9.04
25/06/2022 23:00,7.96,8.06
26/06/2022 00:00,9.05,8.57
26/06/2022 01:00,7.42,7.67
26/06/2022 02:00,5.97,7.51
26/06/2022 03:00,5.99,7.1
26/06/2022 04:00,6.49,7.2
26/06/2022 05:00,7.86,7.97
26/06/2022 06:00,8.6,9.75
26/06/2022 07:00,10.04,11.03
26/06/2022 08:00,11.95,12.47
26/06/2022 09:00,13.14,12.93
26/06/2022 10:00,11.1,12.5
26/06/2022 11:00,9.98,11.25
26/06/2022 12:00,10.34,10.54
26/06/2022 13:00,9.43,10.22
26/06/2022 14:00,8.74,9.88
26/06/2022 15:00,8.21,9.97
26/06/2022 16:00,9.2,9.79
26/06/2022 17:00,10.14,12.24
26/06/2022 18:00,11.19,14.78
26/06/2022 19:00,10.22,16.82
26/06/2022 20:00,11.31,15.5
26/06/2022 21:00,10.61,12.67
26/06/2022 22:00,9.29,10.82
26/06/2022 23:00,9.28,9.44
27/06/2022 00:00,17.79,8.61
27/06/2022 01:00,8.44,7.5
27/06/2022 02:00,8.55,7.94
27/06/2022 03:00,8.11,7.6
27/06/2022 04:00,11.15,7.62
27/06/2022 05:00,9.17,8.93
27/06/2022 06:00,10.13,10.57
27/06/2022 07:00,11.69,12.89
27/06/2022 08:00,13.45,12.39
27/06/2022 09:00,13.34,11.37
27/06/2022 10:00,14.53,10.75
27/06/2022 11:00,14.94,10.17
27/06/2022 12:00,15.23,9.88
27/06/2022 13:00,14.37,10.43
27/06/2022 14:00,13.86,9.73
27/06/2022 15:00,13.22,10.46
27/06/2022 16:00,12.25,10.7
27/06/2022 17:00,11.85,11.43
27/06/2022 18:00,11.83,13.67
27/06/2022 19:00,11.31,14.67
27/06/2022 20:00,13.23,15.49
27/06/2022 21:00,12.23,13.32
27/06/2022 22:00,8.54,9.81
27/06/2022 23:00,7.02,8.32
28/06/2022 00:00,8.49,8.03
28/06/2022 01:00,10.58,7.55
28/06/2022 02:00,21.84,7.75
28/06/2022 03:00,7.81,7.2
28/06/2022 04:00,8.38,7.09
28/06/2022 05:00,10.56,8.75
28/06/2022 06:00,13.04,10.52
28/06/2022 07:00,14,12.78
28/06/2022 08:00,12.39,12.89
28/06/2022 09:00,12.98,11.29
28/06/2022 10:00,14.31,10.23
28/06/2022 11:00,14.21,9.05
28/06/2022 12:00,14.33,9.64
28/06/2022 13:00,14.15,9.42
28/06/2022 14:00,14.07,9.07
28/06/2022 15:00,12.56,10.19
28/06/2022 16:00,11.42,9.71
28/06/2022 17:00,12.43,10.45
28/06/2022 18:00,14.42,13.16
28/06/2022 19:00,13.58,13.38
28/06/2022 20:00,13.63,11.8
28/06/2022 21:00,11.55,9.98
28/06/2022 22:00,9.98,9.41
28/06/2022 23:00,9.81,8.44
29/06/2022 00:00,10.33,7.52
29/06/2022 01:00,8.97,6.97
29/06/2022 02:00,8.42,7.45
29/06/2022 03:00,10.07,7
29/06/2022 04:00,11.8,7.23
29/06/2022 05:00,10.81,8.36
29/06/2022 06:00,13.52,9.68
29/06/2022 07:00,16.57,11.55
29/06/2022 08:00,16.73,11.85
29/06/2022 09:00,15.35,11.21
29/06/2022 10:00,12.71,11.26
29/06/2022 11:00,12.85,10.35
29/06/2022 12:00,13.03,9.2
29/06/2022 13:00,13.58,9.45
29/06/2022 14:00,12.82,9.01
29/06/2022 15:00,11.86,9.53
29/06/2022 16:00,12.66,9.69
29/06/2022 17:00,12.9,10.84
29/06/2022 18:00,11.72,12.91
29/06/2022 19:00,13.78,13.84
29/06/2022 20:00,14.51,15
29/06/2022 21:00,12.56,12.54
29/06/2022 22:00,10.14,9.66
29/06/2022 23:00,9.99,8.39
30/06/2022 00:00,10.44,8.29
30/06/2022 01:00,7.44,7.29
30/06/2022 02:00,7.61,7.43
30/06/2022 03:00,7.91,7.1
30/06/2022 04:00,9.01,7.18
30/06/2022 05:00,9.29,8.76
30/06/2022 06:00,11.25,10.61
30/06/2022 07:00,14.64,12.23
30/06/2022 08:00,15.83,11.92
30/06/2022 09:00,13.15,11.19
30/06/2022 10:00,13.58,10.13
30/06/2022 11:00,15.26,9.68
30/06/2022 12:00,13.84,9.51
30/06/2022 13:00,12.93,9.88
30/06/2022 14:00,12.81,9.61
30/06/2022 15:00,12.53,9.53
30/06/2022 16:00,12.38,10.31
30/06/2022 17:00,11.2,10.74
30/06/2022 18:00,13.11,13.6
30/06/2022 19:00,13.83,14.76
30/06/2022 20:00,14.07,15.36
30/06/2022 21:00,11.02,13.35
30/06/2022 22:00,10.03,10.88
30/06/2022 23:00,11.11,9.18
1/7/2022 0:00,9.99,8.34
1/7/2022 1:00,8.31,7.41
1/7/2022 2:00,8.19,7.6
1/7/2022 3:00,9.92,7.11
1/7/2022 4:00,11.46,7.35
1/7/2022 5:00,10.8,8.82
1/7/2022 6:00,12.97,10.75
1/7/2022 7:00,15.48,13.8
1/7/2022 8:00,15.97,13.54
1/7/2022 9:00,11.52,10.58
1/7/2022 10:00,12.88,10.99
1/7/2022 11:00,13.88,10.06
1/7/2022 12:00,12.82,10.12
1/7/2022 13:00,11.9,9.3
1/7/2022 14:00,12.99,10.21
1/7/2022 15:00,12.7,10.77
1/7/2022 16:00,11.39,10.76
1/7/2022 17:00,12.3,11.08
1/7/2022 18:00,13.96,12.86
1/7/2022 19:00,14.26,14.42
1/7/2022 20:00,14.43,13.96
1/7/2022 21:00,12.43,12.59
1/7/2022 22:00,12.5,10.33
1/7/2022 23:00,11.56,9.07
2/7/2022 0:00,9.86,9.09
2/7/2022 1:00,8.96,8.09
2/7/2022 2:00,10.21,7.93
2/7/2022 3:00,9.71,7.46
2/7/2022 4:00,10.16,7.9
2/7/2022 5:00,11.93,8.72
2/7/2022 6:00,11.49,10.59
2/7/2022 7:00,12.1,11.84
2/7/2022 8:00,13.89,12.81
2/7/2022 9:00,13.88,13.03
2/7/2022 10:00,12.23,11.78
2/7/2022 11:00,11.13,10.99
2/7/2022 12:00,11.86,10.59
2/7/2022 13:00,12.51,10.56
2/7/2022 14:00,11.08,10.63
2/7/2022 15:00,10.5,9.64
2/7/2022 16:00,11.46,10.59
2/7/2022 17:00,12.16,11.39
2/7/2022 18:00,11.66,14.45
2/7/2022 19:00,13.32,15.89
2/7/2022 20:00,13.91,15.76
2/7/2022 21:00,12.26,14.06
2/7/2022 22:00,10.85,11.45
2/7/2022 23:00,11.47,9.72
3/7/2022 0:00,11.26,9.52
3/7/2022 1:00,7.77,8.4
3/7/2022 2:00,6.88,8.73
3/7/2022 3:00,8.4,8.29
3/7/2022 4:00,9.5,8.15
3/7/2022 5:00,8.35,9.01
3/7/2022 6:00,9.83,11.57
3/7/2022 7:00,12.56,12.97
3/7/2022 8:00,14.6,13.6
3/7/2022 9:00,12.24,13.66
3/7/2022 10:00,12.69,13.71
3/7/2022 11:00,12.99,12.33
3/7/2022 12:00,11.09,11.17
3/7/2022 13:00,10.57,10.83
3/7/2022 14:00,10.65,10.21
3/7/2022 15:00,10.79,9.99
3/7/2022 16:00,10.77,10.63
3/7/2022 17:00,10.83,10.72
3/7/2022 18:00,11.02,12.77
3/7/2022 19:00,13.64,17.17
3/7/2022 20:00,13.79,16.97
3/7/2022 21:00,14.1,13.67
3/7/2022 22:00,12.61,10.34
3/7/2022 23:00,12.76,9.31
4/7/2022 0:00,22.75,9.08
4/7/2022 1:00,8.07,8.01
4/7/2022 2:00,7.62,7.91
4/7/2022 3:00,9.54,7.59
4/7/2022 4:00,10.25,7.39
4/7/2022 5:00,10.12,8.61
4/7/2022 6:00,11.18,11.43
4/7/2022 7:00,13.63,12.75
4/7/2022 8:00,15.11,13.15
4/7/2022 9:00,14.06,11.96
4/7/2022 10:00,13.92,11
4/7/2022 11:00,14.23,11.17
4/7/2022 12:00,13.37,10.66
4/7/2022 13:00,13.59,11.36
4/7/2022 14:00,13.59,10.03
4/7/2022 15:00,13.21,11.21
4/7/2022 16:00,12.62,12.39
4/7/2022 17:00,12.56,11.1
4/7/2022 18:00,13.2,11.24
4/7/2022 19:00,13.75,15.07
4/7/2022 20:00,14.45,18.08
4/7/2022 21:00,11.09,14.23
4/7/2022 22:00,9.61,10.16
4/7/2022 23:00,10.5,8.71
5/7/2022 0:00,9.62,7.98
5/7/2022 1:00,6.25,7.32
5/7/2022 2:00,18.88,7.56
5/7/2022 3:00,9.2,7.31
5/7/2022 4:00,10.94,7.47
5/7/2022 5:00,8.88,8.5
5/7/2022 6:00,10.09,10.17
5/7/2022 7:00,13.61,13.35
5/7/2022 8:00,15.3,12.22
5/7/2022 9:00,15.29,11.2
5/7/2022 10:00,12.93,11.14
5/7/2022 11:00,11.13,10.17
5/7/2022 12:00,12.77,9.65
5/7/2022 13:00,14.87,10.55
5/7/2022 14:00,14.62,9.56
5/7/2022 15:00,13.14,10.06
5/7/2022 16:00,13.59,10.23
5/7/2022 17:00,12.95,11.27
5/7/2022 18:00,9.53,11.45
5/7/2022 19:00,11.1,14.21
5/7/2022 20:00,12.97,16.21
5/7/2022 21:00,14.67,13.91
5/7/2022 22:00,11.94,10.57
5/7/2022 23:00,10.02,8.8
6/7/2022 0:00,9.23,8.29
6/7/2022 1:00,9.31,7.41
6/7/2022 2:00,10.09,7.67
6/7/2022 3:00,7.42,7.3
6/7/2022 4:00,7.54,7.17
6/7/2022 5:00,10.16,8.57
6/7/2022 6:00,11.88,10.21
6/7/2022 7:00,14.92,13.16
6/7/2022 8:00,15.2,13.1
6/7/2022 9:00,14.61,11.08
6/7/2022 10:00,14.82,11.22
6/7/2022 11:00,15.17,10.07
6/7/2022 12:00,14.63,10.46
6/7/2022 13:00,14.16,10.47
6/7/2022 14:00,14.26,10.47
6/7/2022 15:00,14.36,10.53
6/7/2022 16:00,14.1,11.96
6/7/2022 17:00,14,12.81
6/7/2022 18:00,13.82,13.57
6/7/2022 19:00,14.36,15.85
6/7/2022 20:00,16.59,17.45
6/7/2022 21:00,15.2,13.76
6/7/2022 22:00,11.15,11.39
6/7/2022 23:00,10.34,8.89
7/7/2022 0:00,10.17,8.92
7/7/2022 1:00,9.59,7.62
7/7/2022 2:00,8.55,8.03
7/7/2022 3:00,6.95,7.89
7/7/2022 4:00,9.06,7.81
7/7/2022 5:00,8.48,8.72
7/7/2022 6:00,8.5,9.41
7/7/2022 7:00,10.79,9.81
7/7/2022 8:00,11.83,10.14
7/7/2022 9:00,10.65,9.64
7/7/2022 10:00,11.97,9.48
7/7/2022 11:00,12.38,9.9
7/7/2022 12:00,10.17,10.39
7/7/2022 13:00,9.8,10.18
7/7/2022 14:00,11.14,9.21
7/7/2022 15:00,11.74,10.74
7/7/2022 16:00,10.61,11.44
7/7/2022 17:00,8.41,12.12
7/7/2022 18:00,9.5,11.18
7/7/2022 19:00,10.5,10.24
7/7/2022 20:00,10.02,9.51
7/7/2022 21:00,9.69,9.98
7/7/2022 22:00,8.03,9.44
7/7/2022 23:00,7.02,8.53
8/7/2022 0:00,6.73,8.18
8/7/2022 1:00,7.81,7.78
8/7/2022 2:00,7.95,7.44
8/7/2022 3:00,6.34,7.38
8/7/2022 4:00,5.14,7.48
8/7/2022 5:00,6.27,7.91
8/7/2022 6:00,7.18,9.06
8/7/2022 7:00,9.4,10.84
8/7/2022 8:00,10.18,10.69
8/7/2022 9:00,11.82,10.14
8/7/2022 10:00,11.08,9.44
8/7/2022 11:00,11.45,8.9
8/7/2022 12:00,11.46,8.78
8/7/2022 13:00,12.84,9.7
8/7/2022 14:00,13.18,9.45
8/7/2022 15:00,10.21,9.73
8/7/2022 16:00,9.48,10.2
8/7/2022 17:00,9.59,10.39
8/7/2022 18:00,10.08,NaN
8/7/2022 19:00,9.57,11.01
8/7/2022 20:00,9.66,11.05
8/7/2022 21:00,8.21,10.18
8/7/2022 22:00,7.45,9.18
8/7/2022 23:00,7.54,8.38
9/7/2022 0:00,7.12,7.96
9/7/2022 1:00,7.32,7.41
9/7/2022 2:00,7.47,7.49
9/7/2022 3:00,7.16,7.66
9/7/2022 4:00,6.76,7.53
9/7/2022 5:00,7.67,8.43
9/7/2022 6:00,8.22,9.27
9/7/2022 7:00,9.91,10.34
9/7/2022 8:00,9.54,11.82
9/7/2022 9:00,9.82,11.47
9/7/2022 10:00,9.75,11.02
9/7/2022 11:00,8.77,10.9
9/7/2022 12:00,8.56,10.5
9/7/2022 13:00,8.09,10.61
9/7/2022 14:00,8.61,9.38
9/7/2022 15:00,8.88,9.48
9/7/2022 16:00,8.1,10.92
9/7/2022 17:00,8.82,11.64
9/7/2022 18:00,8.97,12.76
9/7/2022 19:00,10.56,14.47
9/7/2022 20:00,11.51,12.51
9/7/2022 21:00,9.44,11.16
9/7/2022 22:00,7.38,9.36
9/7/2022 23:00,6.89,8.46
10/7/2022 0:00,5.7,8.57
10/7/2022 1:00,5.34,7.81
10/7/2022 2:00,4.9,8.02
10/7/2022 3:00,5.87,7.69
10/7/2022 4:00,7.23,7.36
10/7/2022 5:00,7.44,8.7
10/7/2022 6:00,7.69,10.07
10/7/2022 7:00,9.01,10.75
10/7/2022 8:00,9.92,12.38
10/7/2022 9:00,9.83,12.31
10/7/2022 10:00,10.25,13.51
10/7/2022 11:00,8.54,13.14
10/7/2022 12:00,8.35,12.62
10/7/2022 13:00,9.83,11.73
10/7/2022 14:00,8.28,10.46
10/7/2022 15:00,7.19,10.1
10/7/2022 16:00,6.99,10.84
10/7/2022 17:00,9.72,11.41
10/7/2022 18:00,12.79,13.83
10/7/2022 19:00,12.42,13.51
10/7/2022 20:00,9.7,13.17
10/7/2022 21:00,9.19,10.63
10/7/2022 22:00,8.45,9.9
10/7/2022 23:00,9.68,8.85
11/7/2022 0:00,16.48,8.15
11/7/2022 1:00,6.81,7.45
11/7/2022 2:00,6,7.88
11/7/2022 3:00,5.81,7.63
11/7/2022 4:00,6.16,7.65
11/7/2022 5:00,7.39,8.36
11/7/2022 6:00,9.67,10.03
11/7/2022 7:00,10.54,11.47
11/7/2022 8:00,11.47,11.84
11/7/2022 9:00,11.6,11.37
11/7/2022 10:00,11.64,11.06
11/7/2022 11:00,10.77,9.91
11/7/2022 12:00,10.49,9.79
11/7/2022 13:00,10.7,10.9
11/7/2022 14:00,11.49,9.72
11/7/2022 15:00,9.07,10.06
11/7/2022 16:00,9.46,10.14
11/7/2022 17:00,11.17,10.66
11/7/2022 18:00,10.22,13.13
11/7/2022 19:00,10.57,14.74
11/7/2022 20:00,10.64,15.36
11/7/2022 21:00,8.68,13.39
11/7/2022 22:00,6.47,10.53
11/7/2022 23:00,7.52,8.72
12/7/2022 0:00,8.53,8.43
12/7/2022 1:00,6.39,7.78
12/7/2022 2:00,17.69,7.92
12/7/2022 3:00,7.56,7.73
12/7/2022 4:00,7.67,7.64
12/7/2022 5:00,7.28,8.85
12/7/2022 6:00,8.76,10.4
12/7/2022 7:00,11.95,11.3
12/7/2022 8:00,13.05,11.71
12/7/2022 9:00,10.65,10.9
12/7/2022 10:00,11.16,10.12
12/7/2022 11:00,12.55,10.43
12/7/2022 12:00,9.69,10.26
12/7/2022 13:00,9.61,10.38
12/7/2022 14:00,12.08,10.35
12/7/2022 15:00,10.28,10.4
12/7/2022 16:00,8.51,10.77
12/7/2022 17:00,10.71,11.16
12/7/2022 18:00,10.42,12.46
12/7/2022 19:00,9.47,12.38
12/7/2022 20:00,9.85,12.5
12/7/2022 21:00,8.93,10.26
12/7/2022 22:00,6.12,9.78
12/7/2022 23:00,4.55,8.9
13/07/2022 00:00,5.72,7.83
13/07/2022 01:00,6.49,7.47
13/07/2022 02:00,5.35,7.92
13/07/2022 03:00,5.79,7.59
13/07/2022 04:00,7.5,7.44
13/07/2022 05:00,10.54,8.48
13/07/2022 06:00,9.68,10.17
13/07/2022 07:00,10.83,11.4
13/07/2022 08:00,11.21,11.76
13/07/2022 09:00,12.04,11.11
13/07/2022 10:00,11.58,10.19
13/07/2022 11:00,10.84,9.69
13/07/2022 12:00,11.63,10.09
13/07/2022 13:00,12.46,10.14
13/07/2022 14:00,9.97,10.11
13/07/2022 15:00,10.53,11.06
13/07/2022 16:00,11.39,11.54
13/07/2022 17:00,10.11,11.53
13/07/2022 18:00,9.52,14.11
13/07/2022 19:00,11.87,15.28
13/07/2022 20:00,11.93,14.9
13/07/2022 21:00,9.05,11.95
13/07/2022 22:00,7.34,10.25
13/07/2022 23:00,8.89,8.81
14/07/2022 00:00,6.9,8.58
14/07/2022 01:00,4.77,7.87
14/07/2022 02:00,6.01,7.91
14/07/2022 03:00,8.11,7.77
14/07/2022 04:00,7.05,7.87
14/07/2022 05:00,6.08,8.76
14/07/2022 06:00,10.57,10.56
14/07/2022 07:00,11.48,12.8
14/07/2022 08:00,11.27,11.88
14/07/2022 09:00,12.83,11.07
14/07/2022 10:00,13.01,10.06
14/07/2022 11:00,10.48,9.52
14/07/2022 12:00,9.92,9.41
14/07/2022 13:00,11.27,11.1
14/07/2022 14:00,11.29,10.12
14/07/2022 15:00,10.72,10.33
14/07/2022 16:00,11.91,11.43
14/07/2022 17:00,10.96,12.07
14/07/2022 18:00,9.85,13.01
14/07/2022 19:00,12.68,14.78
14/07/2022 20:00,12.76,14.44
14/07/2022 21:00,9.81,12.63
14/07/2022 22:00,10.06,10.49
14/07/2022 23:00,9.28,8.94
15/07/2022 00:00,7.01,8.51
15/07/2022 01:00,6.27,7.64
15/07/2022 02:00,7.15,8
15/07/2022 03:00,6.35,7.68
15/07/2022 04:00,5.94,7.64
15/07/2022 05:00,7.71,8.75
15/07/2022 06:00,10.79,11.07
15/07/2022 07:00,11.06,13.02
15/07/2022 08:00,10.53,12.87
15/07/2022 09:00,12.04,11.22
15/07/2022 10:00,13.78,11.03
15/07/2022 11:00,14.75,10.41
15/07/2022 12:00,13.2,10.42
15/07/2022 13:00,12.59,10.45
15/07/2022 14:00,12.56,9.97
15/07/2022 15:00,11.69,10.66
15/07/2022 16:00,10.11,11.76
15/07/2022 17:00,10.86,11.7
15/07/2022 18:00,11.08,14.17
15/07/2022 19:00,12.43,15.6
15/07/2022 20:00,11.6,15.37
15/07/2022 21:00,9.23,13.41
15/07/2022 22:00,8.27,9.43
15/07/2022 23:00,7.43,8.6
16/07/2022 00:00,7.86,8.64
16/07/2022 01:00,7.68,8.06
16/07/2022 02:00,7.71,8.01
16/07/2022 03:00,8.18,7.76
16/07/2022 04:00,8.07,7.67
16/07/2022 05:00,9.22,8.87
16/07/2022 06:00,10.84,10.01
16/07/2022 07:00,11.28,11.19
16/07/2022 08:00,11.13,12.25
16/07/2022 09:00,10.67,13.53
16/07/2022 10:00,10.73,12.36
16/07/2022 11:00,9.01,11.12
16/07/2022 12:00,9.56,11.11
16/07/2022 13:00,9.56,10.75
16/07/2022 14:00,9.38,10.27
16/07/2022 15:00,9.04,10.39
16/07/2022 16:00,8.34,10.89
16/07/2022 17:00,9.34,11.29
16/07/2022 18:00,10.68,13.46
16/07/2022 19:00,10.95,15.78
16/07/2022 20:00,11.28,15.22
16/07/2022 21:00,10.4,13.33
16/07/2022 22:00,9.67,10.5
16/07/2022 23:00,9.09,9.86
17/07/2022 00:00,7.23,9.29
17/07/2022 01:00,6.33,8.37
17/07/2022 02:00,5.76,8.78
17/07/2022 03:00,6.3,8.4
17/07/2022 04:00,8.4,8.5
17/07/2022 05:00,8.17,9.46
17/07/2022 06:00,9.94,11.92
17/07/2022 07:00,10.08,12.26
17/07/2022 08:00,10.73,13.06
17/07/2022 09:00,9.87,12.93
17/07/2022 10:00,10.6,14.22
17/07/2022 11:00,8.74,12.82
17/07/2022 12:00,9.72,11.19
17/07/2022 13:00,9.41,10.52
17/07/2022 14:00,9.54,10.38
17/07/2022 15:00,8.8,10.84
17/07/2022 16:00,9.9,11.06
17/07/2022 17:00,11.3,11.9
17/07/2022 18:00,11.81,13.68
17/07/2022 19:00,12.31,17.49
17/07/2022 20:00,12.28,16.67
17/07/2022 21:00,10.93,14.82
17/07/2022 22:00,9.43,11.4
17/07/2022 23:00,10.2,9.16
18/07/2022 00:00,17.31,9.02
18/07/2022 01:00,5.62,8.4
18/07/2022 02:00,5.85,8.68
18/07/2022 03:00,6.21,8.2
18/07/2022 04:00,7.56,8.05
18/07/2022 05:00,8.97,9.38
18/07/2022 06:00,11.27,11.38
18/07/2022 07:00,13.17,14.4
18/07/2022 08:00,14.4,13.27
18/07/2022 09:00,13.96,11.61
18/07/2022 10:00,13.47,12.18
18/07/2022 11:00,10.18,11.72
18/07/2022 12:00,10.5,11.07
18/07/2022 13:00,11.08,10.95
18/07/2022 14:00,11.43,10.07
18/07/2022 15:00,11.63,9.87
18/07/2022 16:00,11.2,11.21
18/07/2022 17:00,11.67,11.99
18/07/2022 18:00,15.75,14.5
18/07/2022 19:00,14.25,18.6
18/07/2022 20:00,12.91,17.36
18/07/2022 21:00,10.68,14.48
18/07/2022 22:00,9.37,11.55
18/07/2022 23:00,8.04,8.65
19/07/2022 00:00,7.85,8.04
19/07/2022 01:00,7.42,7.39
19/07/2022 02:00,18.74,7.98
19/07/2022 03:00,6.39,7.68
19/07/2022 04:00,6.56,7.57
19/07/2022 05:00,7.59,8.86
19/07/2022 06:00,9.81,10.87
19/07/2022 07:00,11.53,12.45
19/07/2022 08:00,11.75,12.86
19/07/2022 09:00,11.33,11.77
19/07/2022 10:00,11.6,11.36
19/07/2022 11:00,11.73,10.84
19/07/2022 12:00,12.56,9.95
19/07/2022 13:00,13.61,10.09
19/07/2022 14:00,14.37,10.53
19/07/2022 15:00,12.42,10.62
19/07/2022 16:00,11.8,11.52
19/07/2022 17:00,11.64,11.88
19/07/2022 18:00,13.66,13.36
19/07/2022 19:00,12.4,17.42
19/07/2022 20:00,12.75,17.43
19/07/2022 21:00,10.88,14.48
19/07/2022 22:00,9.09,11.18
19/07/2022 23:00,7.79,8.84
20/07/2022 00:00,7.06,7.86
20/07/2022 01:00,7.18,7.98
20/07/2022 02:00,8.03,8.1
20/07/2022 03:00,8.73,7.84
20/07/2022 04:00,8.88,7.9
20/07/2022 05:00,10.01,9.14
20/07/2022 06:00,11.11,12.62
20/07/2022 07:00,12.03,13.61
20/07/2022 08:00,12.57,13.27
20/07/2022 09:00,11.38,11.56
20/07/2022 10:00,12.19,11.52
20/07/2022 11:00,13.61,11.31
20/07/2022 12:00,13.52,10.84
20/07/2022 13:00,12.78,11.07
20/07/2022 14:00,12.02,10.94
20/07/2022 15:00,11.39,12.52
20/07/2022 16:00,11.11,13.23
20/07/2022 17:00,12.6,13.28
20/07/2022 18:00,11.56,14.8
20/07/2022 19:00,12.3,17.34
20/07/2022 20:00,12.87,18.34
20/07/2022 21:00,10.84,12.99
20/07/2022 22:00,9.44,11.27
20/07/2022 23:00,9.6,8.9
21/07/2022 00:00,8.15,8.33
21/07/2022 01:00,7.81,7.61
21/07/2022 02:00,8.25,8.02
21/07/2022 03:00,7.73,7.78
21/07/2022 04:00,7.82,7.73
21/07/2022 05:00,8.79,9.7
21/07/2022 06:00,11.08,11.32
21/07/2022 07:00,11.79,12.56
21/07/2022 08:00,12.55,12.61
21/07/2022 09:00,12.81,11.66
21/07/2022 10:00,12.9,11.86
21/07/2022 11:00,12.59,11.25
21/07/2022 12:00,12.98,10.78
21/07/2022 13:00,12.53,11.46
21/07/2022 14:00,11.79,11.44
21/07/2022 15:00,12.2,11.8
21/07/2022 16:00,11.01,12.82
21/07/2022 17:00,10.52,12.68
21/07/2022 18:00,12.31,15.19
21/07/2022 19:00,14.22,18.77
21/07/2022 20:00,14.23,17.26
21/07/2022 21:00,11.69,13.28
21/07/2022 22:00,9.06,10.64
21/07/2022 23:00,9.17,9.13
22/07/2022 00:00,8.07,8.96
22/07/2022 01:00,8.44,7.81
22/07/2022 02:00,7.63,7.95
22/07/2022 03:00,7.54,7.6
22/07/2022 04:00,7.01,7.44
22/07/2022 05:00,8.32,8.85
22/07/2022 06:00,11.59,10.94
22/07/2022 07:00,13.73,14.03
22/07/2022 08:00,12.84,13.15
22/07/2022 09:00,12.7,12.44
22/07/2022 10:00,13.46,10.82
22/07/2022 11:00,12.21,10.16
22/07/2022 12:00,11.69,10.81
22/07/2022 13:00,12.22,10.6
22/07/2022 14:00,11.47,9.88
22/07/2022 15:00,11.01,12.07
22/07/2022 16:00,12.4,11.52
22/07/2022 17:00,13.94,11.83
22/07/2022 18:00,12.97,14.4
22/07/2022 19:00,13.39,16.73
22/07/2022 20:00,13.36,17.4
22/07/2022 21:00,11.26,15.25
22/07/2022 22:00,10.31,11.41
22/07/2022 23:00,8.85,9.69
23/07/2022 00:00,9.31,9.72
23/07/2022 01:00,7.79,8.91
23/07/2022 02:00,7.9,9.28
23/07/2022 03:00,9.44,8.88
23/07/2022 04:00,9.58,8.97
23/07/2022 05:00,8.07,9.63
23/07/2022 06:00,9.41,11.38
23/07/2022 07:00,11.25,13.09
23/07/2022 08:00,13.25,14.14
23/07/2022 09:00,12.57,13.86
23/07/2022 10:00,12.33,13.26
23/07/2022 11:00,11.84,13.3
23/07/2022 12:00,10.93,11.67
23/07/2022 13:00,10.38,11.17
23/07/2022 14:00,10.11,10.9
23/07/2022 15:00,10.17,10.22
23/07/2022 16:00,10.57,11.63
23/07/2022 17:00,11.65,12.53
23/07/2022 18:00,11.77,14.28
23/07/2022 19:00,13.26,17.27
23/07/2022 20:00,12.02,16.35
23/07/2022 21:00,9.87,13.24
23/07/2022 22:00,8.75,10.63
23/07/2022 23:00,9.1,9.35
24/07/2022 00:00,10.13,9.29
24/07/2022 01:00,9.12,8.21
24/07/2022 02:00,8.26,8.42
24/07/2022 03:00,8.18,8.05
24/07/2022 04:00,8.5,7.73
24/07/2022 05:00,7.97,9.09
24/07/2022 06:00,9.19,11.14
24/07/2022 07:00,10.37,13.09
24/07/2022 08:00,11.72,13.97
24/07/2022 09:00,11.67,14.21
24/07/2022 10:00,11.26,13.54
24/07/2022 11:00,10.42,13.57
24/07/2022 12:00,10.31,11.53
24/07/2022 13:00,10.1,11.63
24/07/2022 14:00,10.39,11.31
24/07/2022 15:00,9.29,10.44
24/07/2022 16:00,10.32,10.56
24/07/2022 17:00,11.48,11.77
24/07/2022 18:00,11.77,14.01
24/07/2022 19:00,12.92,17.71
24/07/2022 20:00,12.84,17.35
24/07/2022 21:00,11.56,14.84
24/07/2022 22:00,10.42,12.69
24/07/2022 23:00,11.53,9.81
25/07/2022 00:00,19.33,7.94
25/07/2022 01:00,9.88,7.93
25/07/2022 02:00,8.32,8.5
25/07/2022 03:00,7.09,8.18
25/07/2022 04:00,7.75,8.1
25/07/2022 05:00,7.67,9.57
25/07/2022 06:00,9.59,11.85
25/07/2022 07:00,12.31,14.37
25/07/2022 08:00,12.85,14.64
25/07/2022 09:00,12.96,13.2
25/07/2022 10:00,12.75,11.88
25/07/2022 11:00,12.88,11.37
25/07/2022 12:00,12.03,12
25/07/2022 13:00,11.55,12.61
25/07/2022 14:00,12.8,10.65
25/07/2022 15:00,14,10.89
25/07/2022 16:00,13.71,10.84
25/07/2022 17:00,14.49,10.88
25/07/2022 18:00,15.04,12.93
25/07/2022 19:00,15.86,14.82
25/07/2022 20:00,15.76,16.57
25/07/2022 21:00,12.91,13.13
25/07/2022 22:00,10.62,11.49
25/07/2022 23:00,10.14,10.05
26/07/2022 00:00,10.51,9.73
26/07/2022 01:00,9.71,8.62
26/07/2022 02:00,19.79,8.71
26/07/2022 03:00,9.49,8.45
26/07/2022 04:00,8.05,8.72
26/07/2022 05:00,9.68,9.65
26/07/2022 06:00,12.13,11.39
26/07/2022 07:00,14.14,12.68
26/07/2022 08:00,12.86,10.23
26/07/2022 09:00,12.22,9.29
26/07/2022 10:00,12.8,9.38
26/07/2022 11:00,11.83,8.63
26/07/2022 12:00,12,8.7
26/07/2022 13:00,12.31,8.99
26/07/2022 14:00,12.39,8.86
26/07/2022 15:00,12.27,9.38
26/07/2022 16:00,11.19,8.94
26/07/2022 17:00,10.54,8.72
26/07/2022 18:00,10.98,9.64
26/07/2022 19:00,12.07,10.17
26/07/2022 20:00,11.62,10.09
26/07/2022 21:00,10.55,10.13
26/07/2022 22:00,9.83,9.6
26/07/2022 23:00,9.9,8.3
27/07/2022 00:00,9.73,7.64
27/07/2022 01:00,9.42,7.46
27/07/2022 02:00,7.76,7.9
27/07/2022 03:00,7.2,7.56
27/07/2022 04:00,8.66,7.35
27/07/2022 05:00,8.81,8.4
27/07/2022 06:00,9.9,9.86
27/07/2022 07:00,11.98,10.18
27/07/2022 08:00,11.61,10.11
27/07/2022 09:00,12.56,9.19
27/07/2022 10:00,12.93,9.17
27/07/2022 11:00,13.08,9.79
27/07/2022 12:00,12.98,10.4
27/07/2022 13:00,12.82,10
27/07/2022 14:00,12.54,8.95
27/07/2022 15:00,10.63,8.78
27/07/2022 16:00,10.72,9.25
27/07/2022 17:00,10.6,9.32
27/07/2022 18:00,10.91,11.03
27/07/2022 19:00,12.76,10.85
27/07/2022 20:00,13.57,10.83
27/07/2022 21:00,10.43,10.25
27/07/2022 22:00,9.85,9.51
27/07/2022 23:00,9.82,8.24
28/07/2022 00:00,9.99,8.3
28/07/2022 01:00,9.58,7.64
28/07/2022 02:00,9.24,8
28/07/2022 03:00,9.58,7.62
28/07/2022 04:00,8.81,7.48
28/07/2022 05:00,9.59,8.47
28/07/2022 06:00,11.79,9.75
28/07/2022 07:00,13.16,11.37
28/07/2022 08:00,12.7,11.19
28/07/2022 09:00,11.96,10.25
28/07/2022 10:00,12.31,10.49
28/07/2022 11:00,12.07,10.06
28/07/2022 12:00,11.92,10.34
28/07/2022 13:00,12.09,9.65
28/07/2022 14:00,11.33,9.49
28/07/2022 15:00,11.91,9.83
28/07/2022 16:00,12,10.48
28/07/2022 17:00,12.12,10.37
28/07/2022 18:00,11.85,12.54
28/07/2022 19:00,11.61,13.91
28/07/2022 20:00,12.55,13.9
28/07/2022 21:00,10.77,11.3
28/07/2022 22:00,9.05,9.7
28/07/2022 23:00,8.87,8.34
29/07/2022 00:00,8.99,7.67
29/07/2022 01:00,8.11,7.3
29/07/2022 02:00,7.57,7.76
29/07/2022 03:00,7.31,7.43
29/07/2022 04:00,9.35,7.73
29/07/2022 05:00,10.12,8.55
29/07/2022 06:00,10.75,10.76
29/07/2022 07:00,12.8,11.68
29/07/2022 08:00,13.57,11.37
29/07/2022 09:00,12.92,10.91
29/07/2022 10:00,12.41,10.38
29/07/2022 11:00,11.64,9.91
29/07/2022 12:00,11.85,10.27
29/07/2022 13:00,11.9,10.02
29/07/2022 14:00,11.28,9.59
29/07/2022 15:00,11.29,8.87
29/07/2022 16:00,10.48,9.03
29/07/2022 17:00,10.88,10.27
29/07/2022 18:00,11.66,11.64
29/07/2022 19:00,11.99,12.58
29/07/2022 20:00,11.52,12.11
29/07/2022 21:00,10.61,10.68
29/07/2022 22:00,9.97,10.08
29/07/2022 23:00,9.19,9.65
30/07/2022 00:00,8.54,9.12
30/07/2022 01:00,7.72,8.7
30/07/2022 02:00,8.37,8.26
30/07/2022 03:00,9.29,8.35
30/07/2022 04:00,7.42,8.04
30/07/2022 05:00,8.41,8.35
30/07/2022 06:00,9.63,9.3
30/07/2022 07:00,11.14,10.2
30/07/2022 08:00,11.41,9.78
30/07/2022 09:00,11.23,10.44
30/07/2022 10:00,11.29,10.47
30/07/2022 11:00,11.74,9.84
30/07/2022 12:00,12.3,10.11
30/07/2022 13:00,12.27,10.65
30/07/2022 14:00,12.05,9.85
30/07/2022 15:00,11.94,9.83
30/07/2022 16:00,11.78,9.2
30/07/2022 17:00,10.53,9.51
30/07/2022 18:00,9.65,10.37
30/07/2022 19:00,10.22,9.86
30/07/2022 20:00,10.63,10.6
30/07/2022 21:00,10.27,9.43
30/07/2022 22:00,9.22,8.91
30/07/2022 23:00,8.63,8.2
31/07/2022 00:00,9.24,7.96
31/07/2022 01:00,8.93,7.32
31/07/2022 02:00,8.79,7.91
31/07/2022 03:00,8.86,7.68
31/07/2022 04:00,9.42,7.35
31/07/2022 05:00,10.4,8.04
31/07/2022 06:00,10.25,9.03
31/07/2022 07:00,11.51,9.79
31/07/2022 08:00,12.02,10.82
31/07/2022 09:00,11.76,11.59
31/07/2022 10:00,12.1,11.03
31/07/2022 11:00,11.22,10.91
31/07/2022 12:00,10.86,11.03
31/07/2022 13:00,10.69,10.25
31/07/2022 14:00,9.95,9.26
31/07/2022 15:00,10.02,8.8
31/07/2022 16:00,9.18,9.13
31/07/2022 17:00,10.25,9.88
31/07/2022 18:00,11.41,11.69
31/07/2022 19:00,11.51,13.64
31/07/2022 20:00,12.39,11.92
31/07/2022 21:00,11.83,10.76
31/07/2022 22:00,10.68,9.55
31/07/2022 23:00,11.42,8.63
1/8/2022 0:00,16.87,8.63
1/8/2022 1:00,8.97,7.7
1/8/2022 2:00,7.4,7.98
1/8/2022 3:00,7.62,7.78
1/8/2022 4:00,7.59,7.83
1/8/2022 5:00,9.25,8.5
1/8/2022 6:00,11.31,10.17
1/8/2022 7:00,13.29,11.08
1/8/2022 8:00,13.17,11.33
1/8/2022 9:00,12.3,10.61
1/8/2022 10:00,12.15,9.67
1/8/2022 11:00,11.17,9.36
1/8/2022 12:00,10.47,9.42
1/8/2022 13:00,11.04,9.67
1/8/2022 14:00,10.33,9.56
1/8/2022 15:00,10.8,9.03
1/8/2022 16:00,11.82,9.37
1/8/2022 17:00,12.12,10.52
1/8/2022 18:00,12.27,12.21
1/8/2022 19:00,13.22,14.72
1/8/2022 20:00,13.2,14.34
1/8/2022 21:00,11.56,11.64
1/8/2022 22:00,10.89,9.99
1/8/2022 23:00,10.53,9.16
2/8/2022 0:00,10.04,8.09
2/8/2022 1:00,9.59,7.69
2/8/2022 2:00,18.73,8.48
2/8/2022 3:00,10.79,8.12
2/8/2022 4:00,10.67,7.88
2/8/2022 5:00,11.09,8.4
2/8/2022 6:00,11.73,9.81
2/8/2022 7:00,12.55,10.65
2/8/2022 8:00,12.36,10.47
2/8/2022 9:00,11.84,10.02
2/8/2022 10:00,11.19,10.27
2/8/2022 11:00,11.02,10.13
2/8/2022 12:00,11.21,9.85
2/8/2022 13:00,11.41,10.5
2/8/2022 14:00,10.97,8.98
2/8/2022 15:00,11.41,9.35
2/8/2022 16:00,11.27,9.5
2/8/2022 17:00,11.26,10.24
2/8/2022 18:00,12.67,12.32
2/8/2022 19:00,13.51,13
2/8/2022 20:00,13.31,13.22
2/8/2022 21:00,12.13,11.17
2/8/2022 22:00,11.91,9.96
2/8/2022 23:00,11.2,8.3
3/8/2022 0:00,10.15,8.35
3/8/2022 1:00,9.48,7.81
3/8/2022 2:00,9.45,8.08
3/8/2022 3:00,9.53,7.7
3/8/2022 4:00,9.79,7.29
3/8/2022 5:00,11.54,8.4
3/8/2022 6:00,12.34,10.3
3/8/2022 7:00,13.34,12.37
3/8/2022 8:00,12.96,12.29
3/8/2022 9:00,12.64,10.83
3/8/2022 10:00,12.43,10.48
3/8/2022 11:00,11.68,10.23
3/8/2022 12:00,11.37,9.44
3/8/2022 13:00,11.25,9.45
3/8/2022 14:00,10.53,9.06
3/8/2022 15:00,10.44,9.78
3/8/2022 16:00,NaN,10.5
3/8/2022 17:00,NaN,10.09
3/8/2022 18:00,NaN,12.5
3/8/2022 19:00,NaN,16.68
3/8/2022 20:00,10.73,15.29
3/8/2022 21:00,11.55,12.53
3/8/2022 22:00,11.06,10.88
3/8/2022 23:00,10.39,9.31
4/8/2022 0:00,9.58,8.33
4/8/2022 1:00,8.88,8.02
4/8/2022 2:00,9.5,8.5
4/8/2022 3:00,10.65,8.46
4/8/2022 4:00,10.39,8.53
4/8/2022 5:00,9.74,9.44
4/8/2022 6:00,11.38,11.19
4/8/2022 7:00,13.24,12.3
4/8/2022 8:00,14.08,11.88
4/8/2022 9:00,12.93,11.27
4/8/2022 10:00,13.62,11.52
4/8/2022 11:00,12.94,9.49
4/8/2022 12:00,12.76,9.99
4/8/2022 13:00,12.1,10.27
4/8/2022 14:00,12.16,9.31
4/8/2022 15:00,12.04,9.82
4/8/2022 16:00,12.39,9.82
4/8/2022 17:00,11.47,11.35
4/8/2022 18:00,13.07,12.97
4/8/2022 19:00,13.96,16.38
4/8/2022 20:00,14.33,16.75
4/8/2022 21:00,11.62,14.25
4/8/2022 22:00,9.81,10.69
4/8/2022 23:00,9.09,9.57
5/8/2022 0:00,8.16,8.78
5/8/2022 1:00,7.19,8.09
5/8/2022 2:00,7.16,8.21
5/8/2022 3:00,8.6,7.77
5/8/2022 4:00,8.74,7.73
5/8/2022 5:00,10.06,8.99
5/8/2022 6:00,12.47,11.75
5/8/2022 7:00,14.52,14.75
5/8/2022 8:00,14.96,13.43
5/8/2022 9:00,14.24,12.2
5/8/2022 10:00,13.04,11.06
5/8/2022 11:00,12.75,11.05
5/8/2022 12:00,13.36,9.86
5/8/2022 13:00,13.48,10.04
5/8/2022 14:00,13,10.28
5/8/2022 15:00,11.51,10.11
5/8/2022 16:00,11.01,10.56
5/8/2022 17:00,11.95,10.66
5/8/2022 18:00,12.78,13.44
5/8/2022 19:00,13.8,16.12
5/8/2022 20:00,12.65,15.76
5/8/2022 21:00,11.29,11.84
5/8/2022 22:00,9.92,9.58
5/8/2022 23:00,9.86,8.65
6/8/2022 0:00,8.5,8.39
6/8/2022 1:00,8.1,7.82
6/8/2022 2:00,8.48,8.36
6/8/2022 3:00,9.16,8.17
6/8/2022 4:00,9.09,7.88
6/8/2022 5:00,9.59,9.09
6/8/2022 6:00,10.93,11.04
6/8/2022 7:00,11.94,12.04
6/8/2022 8:00,12.96,13.6
6/8/2022 9:00,12.45,13.08
6/8/2022 10:00,13.04,11.46
6/8/2022 11:00,11.34,10.88
6/8/2022 12:00,11.18,11.36
6/8/2022 13:00,10.82,10.99
6/8/2022 14:00,10.98,10.75
6/8/2022 15:00,10.55,9.74
6/8/2022 16:00,9.34,9.71
6/8/2022 17:00,9.7,11.22
6/8/2022 18:00,NaN,12.29
6/8/2022 19:00,11.71,12.1
6/8/2022 20:00,11.71,10.97
6/8/2022 21:00,10.35,10.61
6/8/2022 22:00,10.04,9.09
6/8/2022 23:00,10.11,8.44
7/8/2022 0:00,9.5,8.65
7/8/2022 1:00,9.85,8.05
7/8/2022 2:00,9.46,8.33
7/8/2022 3:00,8.07,8.06
7/8/2022 4:00,7.54,7.85
7/8/2022 5:00,8.55,8.5
7/8/2022 6:00,9.65,10.14
7/8/2022 7:00,10.64,11.62
7/8/2022 8:00,11.78,13.35
7/8/2022 9:00,11.69,12.77
7/8/2022 10:00,12.43,12.21
7/8/2022 11:00,12.69,11.33
7/8/2022 12:00,11.67,11.15
7/8/2022 13:00,11.56,10.53
7/8/2022 14:00,11.11,10.05
7/8/2022 15:00,11.06,10.26
7/8/2022 16:00,11.25,10.51
7/8/2022 17:00,10.38,11.52
7/8/2022 18:00,10.91,13.59
7/8/2022 19:00,11.47,15.78
7/8/2022 20:00,11.66,15.32
7/8/2022 21:00,10.26,11.52
7/8/2022 22:00,9.41,10.45
7/8/2022 23:00,10.92,9.55
8/8/2022 0:00,20.73,8.66
8/8/2022 1:00,9.78,8.04
8/8/2022 2:00,9.43,8.72
8/8/2022 3:00,9.76,8.65
8/8/2022 4:00,10.85,8.19
8/8/2022 5:00,10.49,9.14
8/8/2022 6:00,11.04,10.86
8/8/2022 7:00,13.61,13.72
8/8/2022 8:00,14.23,13.84
8/8/2022 9:00,13.81,12.3
8/8/2022 10:00,13.25,11.37
8/8/2022 11:00,12.67,10.25
8/8/2022 12:00,12.39,10.15
8/8/2022 13:00,12.39,9.98
8/8/2022 14:00,12.18,NaN
8/8/2022 15:00,11.88,9.46
8/8/2022 16:00,11.22,10.48
8/8/2022 17:00,12.64,11.53
8/8/2022 18:00,12.96,14.09
8/8/2022 19:00,13.01,14.89
8/8/2022 20:00,14.08,13.93
8/8/2022 21:00,11.67,11.66
8/8/2022 22:00,10.36,10.29
8/8/2022 23:00,8.74,8.97
9/8/2022 0:00,8.55,8.79
9/8/2022 1:00,7.94,8.03
9/8/2022 2:00,21.39,8.45
9/8/2022 3:00,8.33,8.19
9/8/2022 4:00,8.29,8.36
9/8/2022 5:00,9.73,9.52
9/8/2022 6:00,11.81,11.2
9/8/2022 7:00,13.44,12.68
9/8/2022 8:00,14.54,13.89
9/8/2022 9:00,14.88,12.22
9/8/2022 10:00,13.38,11.14
9/8/2022 11:00,12.21,10.97
9/8/2022 12:00,12.98,10.09
9/8/2022 13:00,13.47,9.99
9/8/2022 14:00,15.51,10.26
9/8/2022 15:00,13.25,10.43
9/8/2022 16:00,11.74,11.22
9/8/2022 17:00,11.36,11.07
9/8/2022 18:00,11.68,13.54
9/8/2022 19:00,13.98,16.51
9/8/2022 20:00,20.2,17.12
9/8/2022 21:00,16.79,13.42
9/8/2022 22:00,10.23,10.37
9/8/2022 23:00,9.19,8.73
10/8/2022 0:00,7.89,8.49
10/8/2022 1:00,7.69,8.05
10/8/2022 2:00,7.58,8.46
10/8/2022 3:00,9.51,8.28
10/8/2022 4:00,10.76,8.38
10/8/2022 5:00,10.52,9.07
10/8/2022 6:00,10.97,10.93
10/8/2022 7:00,14.73,13.32
10/8/2022 8:00,14.45,12.23
10/8/2022 9:00,13.7,11.88
10/8/2022 10:00,12.91,11.38
10/8/2022 11:00,12.2,10.06
10/8/2022 12:00,12.74,10.09
10/8/2022 13:00,12.73,10.6
10/8/2022 14:00,12.66,9.98
10/8/2022 15:00,12.18,10.68
10/8/2022 16:00,11.84,10.3
10/8/2022 17:00,12.38,12.46
10/8/2022 18:00,13.67,14.55
10/8/2022 19:00,14.44,17.3
10/8/2022 20:00,14.18,14.44
10/8/2022 21:00,11.86,11.06
10/8/2022 22:00,10.65,10.3
10/8/2022 23:00,9.76,8.94
11/8/2022 0:00,8.72,8.68
11/8/2022 1:00,8.13,8.27
11/8/2022 2:00,8.54,8.62
11/8/2022 3:00,9.6,8.08
11/8/2022 4:00,11.54,7.92
11/8/2022 5:00,14.4,8.97
11/8/2022 6:00,12.51,11
11/8/2022 7:00,13.79,13.08
11/8/2022 8:00,14.42,11.92
11/8/2022 9:00,14.81,11.87
11/8/2022 10:00,13.83,10.07
11/8/2022 11:00,13.4,10.72
11/8/2022 12:00,13.25,9.81
11/8/2022 13:00,13.04,10.06
11/8/2022 14:00,13.3,9.44
11/8/2022 15:00,12.33,10.2
11/8/2022 16:00,11.52,10.54
11/8/2022 17:00,11.68,11.19
11/8/2022 18:00,12.63,13.72
11/8/2022 19:00,14.55,15.83
11/8/2022 20:00,13.81,14.99
11/8/2022 21:00,11.56,11.97
11/8/2022 22:00,11.02,10.21
11/8/2022 23:00,10.03,8.9
12/8/2022 0:00,9.6,8.71
12/8/2022 1:00,8.71,7.82
12/8/2022 2:00,7.55,8.4
12/8/2022 3:00,8.93,8.07
12/8/2022 4:00,10.73,8.03
12/8/2022 5:00,10.64,8.88
12/8/2022 6:00,10.9,10.56
12/8/2022 7:00,13.53,11.63
12/8/2022 8:00,13.8,11.65
12/8/2022 9:00,14.44,11.2
12/8/2022 10:00,14.11,11.75
12/8/2022 11:00,13.3,11.65
12/8/2022 12:00,13.77,10.58
12/8/2022 13:00,13.17,10.57
12/8/2022 14:00,13.32,10.46
12/8/2022 15:00,12.75,9.97
12/8/2022 16:00,11.38,10.12
12/8/2022 17:00,10.43,10.69
12/8/2022 18:00,11.11,13.06
12/8/2022 19:00,11.68,13.92
12/8/2022 20:00,12.09,13.34
12/8/2022 21:00,11.25,11.24
12/8/2022 22:00,9.7,10.25
12/8/2022 23:00,9.62,8.84
13/08/2022 00:00,9.23,9.19
13/08/2022 01:00,8.7,8.57
13/08/2022 02:00,9.32,8.85
13/08/2022 03:00,9.96,8.57
13/08/2022 04:00,9.19,8.57
13/08/2022 05:00,10.27,9.24
13/08/2022 06:00,10.25,10.03
13/08/2022 07:00,10.7,9.92
13/08/2022 08:00,12.13,11.02
13/08/2022 09:00,12.33,11.64
13/08/2022 10:00,11.28,11.11
13/08/2022 11:00,10.94,10.49
13/08/2022 12:00,11.38,11.13
13/08/2022 13:00,10.82,10.33
13/08/2022 14:00,11.57,9.67
13/08/2022 15:00,11.84,10.17
13/08/2022 16:00,12.99,11.17
13/08/2022 17:00,12.08,11.82
13/08/2022 18:00,12.49,12.63
13/08/2022 19:00,12.86,12.48
13/08/2022 20:00,13.14,12.22
13/08/2022 21:00,10.73,10.69
13/08/2022 22:00,9.69,9.92
13/08/2022 23:00,8.99,9.17
14/08/2022 00:00,8.64,8.53
14/08/2022 01:00,8.04,7.75
14/08/2022 02:00,8.16,8.34
14/08/2022 03:00,9.88,8.12
14/08/2022 04:00,11.45,8.06
14/08/2022 05:00,11.39,8.85
14/08/2022 06:00,11.18,10.01
14/08/2022 07:00,12.45,11.42
14/08/2022 08:00,13.25,15.05
14/08/2022 09:00,13.01,14.51
14/08/2022 10:00,12.38,13.76
14/08/2022 11:00,12.11,13.92
14/08/2022 12:00,12.07,12.82
14/08/2022 13:00,11.94,10.96
14/08/2022 14:00,12.04,9.56
14/08/2022 15:00,12.03,9.74
14/08/2022 16:00,11.24,10.15
14/08/2022 17:00,12.37,11.57
14/08/2022 18:00,13.23,13.6
14/08/2022 19:00,13.61,15.55
14/08/2022 20:00,14.4,14.01
14/08/2022 21:00,11.87,11.5
14/08/2022 22:00,11.81,10.14
14/08/2022 23:00,13.74,9.36
15/08/2022 00:00,19.94,8.88
15/08/2022 01:00,9.16,8.38
15/08/2022 02:00,9.02,8.5
15/08/2022 03:00,9.55,8.26
15/08/2022 04:00,9.91,8.01
15/08/2022 05:00,10.57,8.74
15/08/2022 06:00,10.77,9.88
15/08/2022 07:00,12.57,11.33
15/08/2022 08:00,12.99,11.41
15/08/2022 09:00,12.66,12.3
15/08/2022 10:00,13.11,12.4
15/08/2022 11:00,12.43,13.34
15/08/2022 12:00,11.15,11.95
15/08/2022 13:00,10.83,10.64
15/08/2022 14:00,10.42,10.2
15/08/2022 15:00,10.88,10.54
15/08/2022 16:00,10.11,10.36
15/08/2022 17:00,10.86,10.87
15/08/2022 18:00,11.33,12.25
15/08/2022 19:00,12.61,14.29
15/08/2022 20:00,12.72,12.56
15/08/2022 21:00,10.59,10.66
15/08/2022 22:00,10.48,9.84
15/08/2022 23:00,10.13,8.92
16/08/2022 00:00,9.87,8.08
16/08/2022 01:00,9.03,7.7
16/08/2022 02:00,20.64,8.31
16/08/2022 03:00,8.52,8.09
16/08/2022 04:00,8.98,7.96
16/08/2022 05:00,8.67,8.04
16/08/2022 06:00,8.96,10.33
16/08/2022 07:00,10.97,11.52
16/08/2022 08:00,13.27,11.48
16/08/2022 09:00,13.87,11.51
16/08/2022 10:00,14.1,11.96
16/08/2022 11:00,13.54,11.53
16/08/2022 12:00,13.72,11.44
16/08/2022 13:00,13.24,11.38
16/08/2022 14:00,13.47,10.68
16/08/2022 15:00,12.12,10.14
16/08/2022 16:00,10.63,9.98
16/08/2022 17:00,10.5,10.49
16/08/2022 18:00,10.66,11.13
16/08/2022 19:00,11.92,11.75
16/08/2022 20:00,11.65,10.94
16/08/2022 21:00,10.7,11.1
16/08/2022 22:00,10.2,10.05
16/08/2022 23:00,9.96,9.09
17/08/2022 00:00,9.71,9.04
17/08/2022 01:00,8.55,8.44
17/08/2022 02:00,8.37,8.72
17/08/2022 03:00,8.95,8.37
17/08/2022 04:00,8.99,7.99
17/08/2022 05:00,9.91,8.9
17/08/2022 06:00,11.38,10.04
17/08/2022 07:00,12.84,11.71
17/08/2022 08:00,NaN,12.36
17/08/2022 09:00,10.86,11.01
17/08/2022 10:00,9.77,10.63
17/08/2022 11:00,9.71,10.99
17/08/2022 12:00,10.09,10.24
17/08/2022 13:00,10.76,10.17
17/08/2022 14:00,10.66,9.56
17/08/2022 15:00,10.47,9.73
17/08/2022 16:00,10.05,10.49
17/08/2022 17:00,10.14,10.72
17/08/2022 18:00,12.08,11.22
17/08/2022 19:00,16.31,12.99
17/08/2022 20:00,16.89,11.89
17/08/2022 21:00,12.73,11.28
17/08/2022 22:00,10.95,10.49
17/08/2022 23:00,10.8,8.78
18/08/2022 00:00,9.94,8.26
18/08/2022 01:00,9.48,7.52
18/08/2022 02:00,10.34,8.3
18/08/2022 03:00,11.84,8.08
18/08/2022 04:00,12.18,7.66
18/08/2022 05:00,11.99,8.63
18/08/2022 06:00,12.73,9.58
18/08/2022 07:00,15.85,10.99
18/08/2022 08:00,14.81,11.31
18/08/2022 09:00,12.77,10.93
18/08/2022 10:00,12.74,11.05
18/08/2022 11:00,13.73,10.14
18/08/2022 12:00,12.88,10.5
18/08/2022 13:00,12.66,10.16
18/08/2022 14:00,12.6,9.27
18/08/2022 15:00,12.31,9.07
18/08/2022 16:00,12.15,9.4
18/08/2022 17:00,11.36,9.65
18/08/2022 18:00,11.83,10.3
18/08/2022 19:00,12.64,10.79
18/08/2022 20:00,12.98,10.72
18/08/2022 21:00,11.92,10.3
18/08/2022 22:00,10.09,9.44
18/08/2022 23:00,10.14,8.59
19/08/2022 00:00,9.42,8.62
19/08/2022 01:00,9.13,8
19/08/2022 02:00,7.98,8.09
19/08/2022 03:00,8.28,7.84
19/08/2022 04:00,8.24,7.81
19/08/2022 05:00,8.85,7.71
19/08/2022 06:00,10.07,8.41
19/08/2022 07:00,12.83,9.58
19/08/2022 08:00,13.23,10.23
19/08/2022 09:00,NaN,10.01
19/08/2022 10:00,14.05,9.68
19/08/2022 11:00,13.15,9.93
19/08/2022 12:00,12.87,9.52
19/08/2022 13:00,12.86,9.4
19/08/2022 14:00,13.42,9.26
19/08/2022 15:00,12.08,9.01
19/08/2022 16:00,12,9.51
19/08/2022 17:00,11.5,9.63
19/08/2022 18:00,11.25,9.82
19/08/2022 19:00,13.14,10.16
19/08/2022 20:00,13.94,9.85
19/08/2022 21:00,10.93,9.23
19/08/2022 22:00,10.37,9.19
19/08/2022 23:00,9.51,8.56
20/08/2022 00:00,9.3,7.98
20/08/2022 01:00,9.36,7.63
20/08/2022 02:00,10.07,7.64
20/08/2022 03:00,10.73,7.63
20/08/2022 04:00,9.47,7.46
20/08/2022 05:00,9.65,8.11
20/08/2022 06:00,9.42,8.83
20/08/2022 07:00,11.58,9.89
20/08/2022 08:00,11.75,10.77
20/08/2022 09:00,12.19,10.82
20/08/2022 10:00,12.09,10.43
20/08/2022 11:00,12.46,10.63
20/08/2022 12:00,12.21,10.08
20/08/2022 13:00,12.38,10.01
20/08/2022 14:00,12.69,9.9
20/08/2022 15:00,12.49,9.53
20/08/2022 16:00,11.88,9.47
20/08/2022 17:00,11.42,9.64
20/08/2022 18:00,10.9,10.1
20/08/2022 19:00,11.04,10.49
20/08/2022 20:00,11.21,9.9
20/08/2022 21:00,10.57,9.91
20/08/2022 22:00,9.49,9.3
20/08/2022 23:00,8.5,8.55
21/08/2022 00:00,8.95,8.82
21/08/2022 01:00,9.53,8.25
21/08/2022 02:00,9.28,8.21
21/08/2022 03:00,9.19,7.75
21/08/2022 04:00,9.21,7.6
21/08/2022 05:00,10.08,8.34
21/08/2022 06:00,10.03,8.74
21/08/2022 07:00,11.48,9.53
21/08/2022 08:00,12.21,10.73
21/08/2022 09:00,12.43,10.97
21/08/2022 10:00,11.64,10.6
21/08/2022 11:00,11.17,10.51
21/08/2022 12:00,10.79,10.44
21/08/2022 13:00,10.53,10.93
21/08/2022 14:00,11.58,9.42
21/08/2022 15:00,10.99,9.29
21/08/2022 16:00,10.88,10.32
21/08/2022 17:00,11.52,10.1
21/08/2022 18:00,11.75,10.93
21/08/2022 19:00,11.95,10.61
21/08/2022 20:00,12.91,10.07
21/08/2022 21:00,11.64,9.17
21/08/2022 22:00,11.42,9.02
21/08/2022 23:00,12.09,8.45
22/08/2022 00:00,18.75,7.8
22/08/2022 01:00,8.28,7.47
22/08/2022 02:00,8.12,7.8
22/08/2022 03:00,8.24,7.43
22/08/2022 04:00,9.72,7.86
22/08/2022 05:00,10.28,8.44
22/08/2022 06:00,11.87,9.25
22/08/2022 07:00,14.32,10.91
22/08/2022 08:00,14.23,10.96
22/08/2022 09:00,14.01,10.08
22/08/2022 10:00,16.1,10.28
22/08/2022 11:00,14.67,9.77
22/08/2022 12:00,13.15,9.42
22/08/2022 13:00,12.96,9.68
22/08/2022 14:00,13.69,9.33
22/08/2022 15:00,13.31,10.07
22/08/2022 16:00,13.61,9.49
22/08/2022 17:00,12.38,10.12
22/08/2022 18:00,12.36,10.65
22/08/2022 19:00,13.76,11.11
22/08/2022 20:00,13.49,10.64
22/08/2022 21:00,12,10.92
22/08/2022 22:00,10.82,9.46
22/08/2022 23:00,10.53,8.64
23/08/2022 00:00,9.76,8.39
23/08/2022 01:00,9.42,7.92
23/08/2022 02:00,23.1,7.92
23/08/2022 03:00,10.15,7.4
23/08/2022 04:00,8.59,7.43
23/08/2022 05:00,9.96,8.09
23/08/2022 06:00,11.26,9.05
23/08/2022 07:00,12.83,10.81
23/08/2022 08:00,13.54,10.92
23/08/2022 09:00,13.66,9.6
23/08/2022 10:00,13.78,9.25
23/08/2022 11:00,13.45,9.47
23/08/2022 12:00,13.46,9.7
23/08/2022 13:00,14.11,9.71
23/08/2022 14:00,14.05,9.46
23/08/2022 15:00,14.01,9.51
23/08/2022 16:00,14.2,9.54
23/08/2022 17:00,11.83,10.75
23/08/2022 18:00,11.76,12.01
23/08/2022 19:00,13.25,11.95
23/08/2022 20:00,12.85,10.87
23/08/2022 21:00,11.13,10.51
23/08/2022 22:00,10.48,9.57
23/08/2022 23:00,9.96,8.8
24/08/2022 00:00,9.92,7.81
24/08/2022 01:00,9.77,7.55
24/08/2022 02:00,10,7.79
24/08/2022 03:00,10.17,7.56
24/08/2022 04:00,11.06,7.51
24/08/2022 05:00,11.68,8.41
24/08/2022 06:00,11.58,9.11
24/08/2022 07:00,14.48,11.83
24/08/2022 08:00,14.84,11.55
24/08/2022 09:00,15.51,10.95
24/08/2022 10:00,13.77,11.25
24/08/2022 11:00,13.14,11.22
24/08/2022 12:00,12.94,11.3
24/08/2022 13:00,13.6,11.4
24/08/2022 14:00,13.41,11.48
24/08/2022 15:00,14.08,10.81
24/08/2022 16:00,14.16,10.12
24/08/2022 17:00,13.96,10.55
24/08/2022 18:00,13.65,13.32
24/08/2022 19:00,14.64,13.53
24/08/2022 20:00,14.52,11.61
24/08/2022 21:00,12.44,10.19
24/08/2022 22:00,13.94,9.5
24/08/2022 23:00,9.3,8.9
25/08/2022 00:00,8.27,8.71
25/08/2022 01:00,8.08,8.05
25/08/2022 02:00,9.27,8.09
25/08/2022 03:00,10.04,7.49
25/08/2022 04:00,9.83,7.75
25/08/2022 05:00,10.79,8.1
25/08/2022 06:00,11.74,9.23
25/08/2022 07:00,15.26,11.65
25/08/2022 08:00,15.95,11.56
25/08/2022 09:00,13.07,10.91
25/08/2022 10:00,9.39,10.91
25/08/2022 11:00,10.19,10.35
25/08/2022 12:00,10.37,9.45
25/08/2022 13:00,11.05,9.91
25/08/2022 14:00,10.12,9.96
25/08/2022 15:00,10.11,9.9
25/08/2022 16:00,11.82,10.9
25/08/2022 17:00,11.68,11.26
25/08/2022 18:00,12.23,12.9
25/08/2022 19:00,12.05,12.52
25/08/2022 20:00,10.76,11.81
25/08/2022 21:00,10.45,10.53
25/08/2022 22:00,9.91,9.39
25/08/2022 23:00,9.67,8.72
26/08/2022 00:00,7.08,7.99
26/08/2022 01:00,4.69,7.52
26/08/2022 02:00,4.48,8.01
26/08/2022 03:00,5.9,7.45
26/08/2022 04:00,8.42,7.41
26/08/2022 05:00,9.15,8.36
26/08/2022 06:00,9.4,9.94
26/08/2022 07:00,10.67,11.64
26/08/2022 08:00,12.25,11.87
26/08/2022 09:00,13.54,11.02
26/08/2022 10:00,13.67,11.32
26/08/2022 11:00,13.41,10.57
26/08/2022 12:00,13.4,9.96
26/08/2022 13:00,12.12,9.97
26/08/2022 14:00,10.27,9.51
26/08/2022 15:00,10.61,9.92
26/08/2022 16:00,11.45,10.05
26/08/2022 17:00,10.68,11.65
26/08/2022 18:00,11.1,12.98
26/08/2022 19:00,11.99,NaN
26/08/2022 20:00,11.54,12.01
26/08/2022 21:00,8.51,10.27
26/08/2022 22:00,8.59,9.36
26/08/2022 23:00,8.88,8.9
27/08/2022 00:00,8.48,9
27/08/2022 01:00,7.87,8.31
27/08/2022 02:00,7.57,8.25
27/08/2022 03:00,7.26,7.64
27/08/2022 04:00,6.25,7.67
27/08/2022 05:00,8.76,8.71
27/08/2022 06:00,8.45,9.3
27/08/2022 07:00,9.91,11.32
27/08/2022 08:00,9.6,12.01
27/08/2022 09:00,9.82,12.28
27/08/2022 10:00,10.79,11.58
27/08/2022 11:00,10.76,10.36
27/08/2022 12:00,10.12,10.91
27/08/2022 13:00,11.48,10.41
27/08/2022 14:00,10.57,9.24
27/08/2022 15:00,9.91,9.21
27/08/2022 16:00,9.04,9.52
27/08/2022 17:00,10.58,10.01
27/08/2022 18:00,10.75,9.6
27/08/2022 19:00,9.43,9.94
27/08/2022 20:00,8.66,9.98
27/08/2022 21:00,7.31,9.45
27/08/2022 22:00,7.73,8.59
27/08/2022 23:00,7.56,8.33
28/08/2022 00:00,6.57,8.08
28/08/2022 01:00,5.25,7.71
28/08/2022 02:00,5.99,8.05
28/08/2022 03:00,6.62,7.55
28/08/2022 04:00,8.06,7.69
28/08/2022 05:00,9.17,8.21
28/08/2022 06:00,7.82,8.34
28/08/2022 07:00,9.14,9.29
28/08/2022 08:00,11.13,10.05
28/08/2022 09:00,10.92,10.92
28/08/2022 10:00,10.05,10.97
28/08/2022 11:00,11.14,10.9
28/08/2022 12:00,10.72,10.51
28/08/2022 13:00,9.73,10.37
28/08/2022 14:00,8.22,9.72
28/08/2022 15:00,7.66,10.03
28/08/2022 16:00,9.44,9.6
28/08/2022 17:00,10.95,10.44
28/08/2022 18:00,11.08,11.99
28/08/2022 19:00,10.22,11.85
28/08/2022 20:00,10.31,10.85
28/08/2022 21:00,9.45,9.74
28/08/2022 22:00,9.27,8.79
28/08/2022 23:00,10.5,8.44
29/08/2022 00:00,18.09,8.22
29/08/2022 01:00,4.92,8.11
29/08/2022 02:00,4.82,8.53
29/08/2022 03:00,6.24,8.59
29/08/2022 04:00,8.66,8.54
29/08/2022 05:00,9.15,9.43
29/08/2022 06:00,8.81,10.43
29/08/2022 07:00,10.33,11.86
29/08/2022 08:00,12.18,12.45
29/08/2022 09:00,14.75,12.22
29/08/2022 10:00,14.03,12.22
29/08/2022 11:00,13.2,11.33
29/08/2022 12:00,11.82,11.03
29/08/2022 13:00,10.07,11.03
29/08/2022 14:00,10.96,10.83
29/08/2022 15:00,11.54,10.96
29/08/2022 16:00,11.13,10.92
29/08/2022 17:00,10.72,12.39
29/08/2022 18:00,9.5,13.44
29/08/2022 19:00,10.02,13.36
29/08/2022 20:00,10.31,13.07
29/08/2022 21:00,10.14,11.19
29/08/2022 22:00,9.25,10.24
29/08/2022 23:00,7.04,9.87
30/08/2022 00:00,5.88,9.15
30/08/2022 01:00,6.62,8.88
30/08/2022 02:00,22.76,9.43
30/08/2022 03:00,7.48,9.11
30/08/2022 04:00,4.97,9.04
30/08/2022 05:00,6.23,9.36
30/08/2022 06:00,6.7,10.82
30/08/2022 07:00,10.82,12.9
30/08/2022 08:00,12.09,13
30/08/2022 09:00,12.43,12.36
30/08/2022 10:00,11.89,11.66
30/08/2022 11:00,11.19,11.12
30/08/2022 12:00,11.12,11.33
30/08/2022 13:00,13.2,11.06
30/08/2022 14:00,12.89,10.54
30/08/2022 15:00,11.92,10.83
30/08/2022 16:00,12.12,10.6
30/08/2022 17:00,12.54,10.75
30/08/2022 18:00,10.2,12.44
30/08/2022 19:00,11.53,13.23
30/08/2022 20:00,11.67,11.6
30/08/2022 21:00,8.78,9.79
30/08/2022 22:00,7.06,8.98
30/08/2022 23:00,6.01,8.36
31/08/2022 00:00,6.97,8.87
31/08/2022 01:00,7.61,8.41
31/08/2022 02:00,6.85,8.25
31/08/2022 03:00,5.84,7.82
31/08/2022 04:00,6.03,8.2
31/08/2022 05:00,8.74,8.46
31/08/2022 06:00,9.87,9.03
31/08/2022 07:00,11.04,10.24
31/08/2022 08:00,10.97,10.86
31/08/2022 09:00,10.31,10.05
31/08/2022 10:00,10.75,9.64
31/08/2022 11:00,10.66,8.87
31/08/2022 12:00,10.43,9.12
31/08/2022 13:00,10.09,9.14
31/08/2022 14:00,9.52,9.02
31/08/2022 15:00,9.89,9.07
31/08/2022 16:00,11.27,9.6
31/08/2022 17:00,11.52,9.38
31/08/2022 18:00,9.1,9.63
31/08/2022 19:00,9.21,10.25
31/08/2022 20:00,10.26,9.98
31/08/2022 21:00,9.54,9.25
31/08/2022 22:00,8.29,8.59
31/08/2022 23:00,5.27,8.31
1/9/2022 0:00,4.88,7.86
1/9/2022 1:00,4.66,7.53
1/9/2022 2:00,5.23,7.7
1/9/2022 3:00,7.06,7.58
1/9/2022 4:00,7.76,7.66
1/9/2022 5:00,6.83,7.95
1/9/2022 6:00,6.73,8.33
1/9/2022 7:00,9.12,10.37
1/9/2022 8:00,9.88,10.17
1/9/2022 9:00,10.66,9.78
1/9/2022 10:00,10.53,9.93
1/9/2022 11:00,11.74,10.43
1/9/2022 12:00,10.41,9.86
1/9/2022 13:00,9.69,9.51
1/9/2022 14:00,10.02,9.53
1/9/2022 15:00,10.36,9.36
1/9/2022 16:00,9.55,9.28
1/9/2022 17:00,9.28,9.62
1/9/2022 18:00,7.6,9.65
1/9/2022 19:00,7.89,9.56
1/9/2022 20:00,8.61,10.09
1/9/2022 21:00,7.34,9.35
1/9/2022 22:00,6.05,8.51
1/9/2022 23:00,7.93,8.21
2/9/2022 0:00,6.75,8.31
2/9/2022 1:00,7.18,7.94
2/9/2022 2:00,6.34,7.76
2/9/2022 3:00,4.82,7.53
2/9/2022 4:00,6.43,7.53
2/9/2022 5:00,9.06,7.96
2/9/2022 6:00,9.4,8.47
2/9/2022 7:00,10.04,9.97
2/9/2022 8:00,12.25,11.03
2/9/2022 9:00,11.99,10.24
2/9/2022 10:00,9.34,10.65
2/9/2022 11:00,9.82,10.29
2/9/2022 12:00,10.24,10
2/9/2022 13:00,9.21,9.76
2/9/2022 14:00,9.84,9.62
2/9/2022 15:00,9.28,9.57
2/9/2022 16:00,10.61,9.94
2/9/2022 17:00,11.25,10.44
2/9/2022 18:00,9.99,11.56
2/9/2022 19:00,9.41,11.42
2/9/2022 20:00,9.79,10.29
2/9/2022 21:00,8.28,9.37
2/9/2022 22:00,7.84,9.27
2/9/2022 23:00,8.08,8.96
3/9/2022 0:00,6.89,7.89
3/9/2022 1:00,5.89,7.63
3/9/2022 2:00,5.37,7.83
3/9/2022 3:00,5.85,7.51
3/9/2022 4:00,5.79,7.78
3/9/2022 5:00,7.37,7.89
3/9/2022 6:00,7.69,8.3
3/9/2022 7:00,12.76,10.22
3/9/2022 8:00,10.86,11.39
3/9/2022 9:00,10.48,10.82
3/9/2022 10:00,9.68,11.54
3/9/2022 11:00,9.37,10.24
3/9/2022 12:00,8.58,11.07
3/9/2022 13:00,8.34,10.81
3/9/2022 14:00,10.63,10.24
3/9/2022 15:00,10.08,9.85
3/9/2022 16:00,8.1,10.19
3/9/2022 17:00,7.82,11.34
3/9/2022 18:00,7.21,11.72
3/9/2022 19:00,8.83,11.69
3/9/2022 20:00,10.54,10.11
3/9/2022 21:00,9.72,10.18
3/9/2022 22:00,7.61,9.29
3/9/2022 23:00,7.35,8.48
4/9/2022 0:00,5.82,8.58
4/9/2022 1:00,7.02,8.17
4/9/2022 2:00,7.5,7.83
4/9/2022 3:00,6.27,7.52
4/9/2022 4:00,6.33,7.54
4/9/2022 5:00,5.3,8.12
4/9/2022 6:00,6.36,8.22
4/9/2022 7:00,9.07,10.46
4/9/2022 8:00,10.55,10.45
4/9/2022 9:00,9.75,12.02
4/9/2022 10:00,8.53,11.41
4/9/2022 11:00,9.23,11.41
4/9/2022 12:00,10.22,12.11
4/9/2022 13:00,11.25,10.78
4/9/2022 14:00,10.41,9.75
4/9/2022 15:00,9.15,10.34
4/9/2022 16:00,8.72,9.83
4/9/2022 17:00,9.34,11.64
4/9/2022 18:00,10.31,12.77
4/9/2022 19:00,10.78,13.28
4/9/2022 20:00,9.81,11.14
4/9/2022 21:00,7.91,9.88
4/9/2022 22:00,7.04,9.64
4/9/2022 23:00,7.71,8.49
5/9/2022 0:00,14.79,8.37
5/9/2022 1:00,5.83,7.87
5/9/2022 2:00,7.42,8.05
5/9/2022 3:00,6.41,7.71
5/9/2022 4:00,6.4,7.84
5/9/2022 5:00,7.15,8.51
5/9/2022 6:00,8.54,9.46
5/9/2022 7:00,11.06,11.35
5/9/2022 8:00,12.11,11.84
5/9/2022 9:00,13.31,11.55
5/9/2022 10:00,12.77,11.05
5/9/2022 11:00,13.77,10.24
5/9/2022 12:00,16.84,10.2
5/9/2022 13:00,26.79,10.52
5/9/2022 14:00,17.43,10.29
5/9/2022 15:00,10.26,9.59
5/9/2022 16:00,7.91,9.86
5/9/2022 17:00,8.53,10.52
5/9/2022 18:00,10.55,12.42
5/9/2022 19:00,12.29,13.88
5/9/2022 20:00,11.49,11.63
5/9/2022 21:00,8.5,9.95
5/9/2022 22:00,7.91,9.1
5/9/2022 23:00,6.76,8.41
6/9/2022 0:00,6.82,8.47
6/9/2022 1:00,7.02,7.94
6/9/2022 2:00,19.53,7.96
6/9/2022 3:00,5.39,7.92
6/9/2022 4:00,4.62,8.01
6/9/2022 5:00,5.78,8.2
6/9/2022 6:00,7.58,9.27
6/9/2022 7:00,10.08,11.25
6/9/2022 8:00,11.21,11.17
6/9/2022 9:00,11.62,11.22
6/9/2022 10:00,11.67,10.72
6/9/2022 11:00,11.02,9.53
6/9/2022 12:00,9.72,10.03
6/9/2022 13:00,10.06,10.18
6/9/2022 14:00,10.4,9.97
6/9/2022 15:00,10.08,10.75
6/9/2022 16:00,10.58,10.53
6/9/2022 17:00,9.81,11.74
6/9/2022 18:00,8.09,13.01
6/9/2022 19:00,9.57,13.98
6/9/2022 20:00,9.93,12.19
6/9/2022 21:00,9.24,10.72
6/9/2022 22:00,6.69,9.97
6/9/2022 23:00,6.53,9.39
7/9/2022 0:00,5.56,8.84
7/9/2022 1:00,5.39,8.49
7/9/2022 2:00,6.61,8.9
7/9/2022 3:00,5.68,8.72
7/9/2022 4:00,5.97,8.6
7/9/2022 5:00,6.2,9.23
7/9/2022 6:00,7.2,9.82
7/9/2022 7:00,9.79,11.82
7/9/2022 8:00,10.38,12.49
7/9/2022 9:00,11.2,10.16
7/9/2022 10:00,9.48,9.48
7/9/2022 11:00,8.84,9.25
7/9/2022 12:00,8.49,9.74
7/9/2022 13:00,8.91,9.85
7/9/2022 14:00,10.72,9.91
7/9/2022 15:00,10.9,9.69
7/9/2022 16:00,8.65,9.43
7/9/2022 17:00,8.56,9.59
7/9/2022 18:00,9.74,10.62
7/9/2022 19:00,10.5,10.66
7/9/2022 20:00,9.43,10.8
7/9/2022 21:00,6.93,9.94
7/9/2022 22:00,5.21,9.17
7/9/2022 23:00,5.08,8.41
8/9/2022 0:00,5.1,8.45
8/9/2022 1:00,3.93,8.04
8/9/2022 2:00,3.62,7.51
8/9/2022 3:00,5.29,7.5
8/9/2022 4:00,5.1,7.44
8/9/2022 5:00,5.5,8.08
8/9/2022 6:00,7.67,8.75
8/9/2022 7:00,10.99,10.45
8/9/2022 8:00,9.82,10.16
8/9/2022 9:00,9.36,9.96
8/9/2022 10:00,9.62,9.57
8/9/2022 11:00,9.5,9.03
8/9/2022 12:00,11.18,8.89
8/9/2022 13:00,9.28,9.14
8/9/2022 14:00,8.1,8.96
8/9/2022 15:00,7.79,8.98
8/9/2022 16:00,6.59,9.22
8/9/2022 17:00,5.83,9.36
8/9/2022 18:00,5.86,9.25
8/9/2022 19:00,7.03,10.08
8/9/2022 20:00,8.32,9.68
8/9/2022 21:00,8.44,9.34
8/9/2022 22:00,7.12,9.29
8/9/2022 23:00,5.58,8.29
9/9/2022 0:00,4.98,7.94
9/9/2022 1:00,4.71,7.57
9/9/2022 2:00,6.03,7.51
9/9/2022 3:00,7.1,7.44
9/9/2022 4:00,6.63,7.57
9/9/2022 5:00,5.66,7.71
9/9/2022 6:00,5.62,8.67
9/9/2022 7:00,9.59,10.49
9/9/2022 8:00,10.44,10.17
9/9/2022 9:00,8.41,9.9
9/9/2022 10:00,7.65,9.11
9/9/2022 11:00,8.02,9.04
9/9/2022 12:00,8.81,8.81
9/9/2022 13:00,9.17,9.55
9/9/2022 14:00,9.59,9.19
9/9/2022 15:00,8.88,9.81
9/9/2022 16:00,9.13,9.81
9/9/2022 17:00,9.24,9.2
9/9/2022 18:00,8.32,9.52
9/9/2022 19:00,7.72,9.84
9/9/2022 20:00,7.85,9.47
9/9/2022 21:00,5.54,9.22
9/9/2022 22:00,3.83,8.85
9/9/2022 23:00,5.3,8.33
10/9/2022 0:00,5.34,8.17
10/9/2022 1:00,3.86,7.55
10/9/2022 2:00,4.7,7.49
10/9/2022 3:00,8.26,7.52
10/9/2022 4:00,4.67,7.56
10/9/2022 5:00,4.83,7.7
10/9/2022 6:00,6.28,8.04
10/9/2022 7:00,7.19,9.41
10/9/2022 8:00,8.47,10.69
10/9/2022 9:00,8.73,11.27
10/9/2022 10:00,8.15,10.41
10/9/2022 11:00,6.89,9.79
10/9/2022 12:00,6.91,10.13
10/9/2022 13:00,7.05,9.67
10/9/2022 14:00,8.65,9.69
10/9/2022 15:00,8.81,9.79
10/9/2022 16:00,7.07,9.76
10/9/2022 17:00,6.3,9.86
10/9/2022 18:00,7.11,10.11
10/9/2022 19:00,7.86,10.12
10/9/2022 20:00,9.49,10.08
10/9/2022 21:00,8.02,9.53
10/9/2022 22:00,6.56,9.3
10/9/2022 23:00,5.79,9.33
11/9/2022 0:00,4.25,9.03
11/9/2022 1:00,6.7,8.54
11/9/2022 2:00,5.17,8.59
11/9/2022 3:00,3.77,8.42
11/9/2022 4:00,3.09,8.36
11/9/2022 5:00,3.77,8.46
11/9/2022 6:00,8.09,8.89
11/9/2022 7:00,6.15,9.52
11/9/2022 8:00,7.19,11.1
11/9/2022 9:00,8.58,11.84
11/9/2022 10:00,10.23,11.2
11/9/2022 11:00,7.86,10.3
11/9/2022 12:00,7.55,10.58
11/9/2022 13:00,8.09,10.36
11/9/2022 14:00,7.76,9.72
11/9/2022 15:00,7.03,9.62
11/9/2022 16:00,6.18,9.4
11/9/2022 17:00,6.19,9.84
11/9/2022 18:00,6.48,10.06
11/9/2022 19:00,7.77,10.08
11/9/2022 20:00,8.12,9.8
11/9/2022 21:00,6.5,9.36
11/9/2022 22:00,3.71,8.95
11/9/2022 23:00,5.2,8.42
12/9/2022 0:00,13.74,8.01
12/9/2022 1:00,7.1,7.68
12/9/2022 2:00,4.11,7.53
12/9/2022 3:00,3.55,7.52
12/9/2022 4:00,5.02,7.54
12/9/2022 5:00,7.58,8
12/9/2022 6:00,7.32,9.25
12/9/2022 7:00,9.33,10.73
12/9/2022 8:00,9.85,10.01
12/9/2022 9:00,11.09,9.85
12/9/2022 10:00,8.33,9.88
12/9/2022 11:00,7.8,9.29
12/9/2022 12:00,7.97,9.35
12/9/2022 13:00,8.35,9.61
12/9/2022 14:00,9.01,9.27
12/9/2022 15:00,7.85,9.42
12/9/2022 16:00,8.71,9.3
12/9/2022 17:00,9.29,9.38
12/9/2022 18:00,9.52,9.62
12/9/2022 19:00,10.06,10.1
12/9/2022 20:00,8.72,10.14
12/9/2022 21:00,7.06,9.49
12/9/2022 22:00,5.74,8.88
12/9/2022 23:00,5.04,8.2
13/09/2022 00:00,3.4,7.81
13/09/2022 01:00,4.67,7.54
13/09/2022 02:00,17.04,7.69
13/09/2022 03:00,5.23,7.48
13/09/2022 04:00,3.95,7.58
13/09/2022 05:00,8.07,8.13
13/09/2022 06:00,9.12,9.19
13/09/2022 07:00,9.61,10.1
13/09/2022 08:00,11.62,10.63
13/09/2022 09:00,13.57,9.57
13/09/2022 10:00,13.59,9.21
13/09/2022 11:00,9.35,9.28
13/09/2022 12:00,8.43,9.13
13/09/2022 13:00,8.03,9.55
13/09/2022 14:00,8.64,9.44
13/09/2022 15:00,8.45,9.5
13/09/2022 16:00,9,9.03
13/09/2022 17:00,8.68,9.41
13/09/2022 18:00,7.66,9.91
13/09/2022 19:00,7.79,10.21
13/09/2022 20:00,8.46,10.25
13/09/2022 21:00,7.67,9.71
13/09/2022 22:00,7.64,8.87
13/09/2022 23:00,6.42,8.18
14/09/2022 00:00,4.72,7.98
14/09/2022 01:00,4.58,7.5
14/09/2022 02:00,4.61,7.7
14/09/2022 03:00,4.82,7.51
14/09/2022 04:00,4.59,7.57
14/09/2022 05:00,5.36,8.24
14/09/2022 06:00,8.24,9
14/09/2022 07:00,10.02,10.49
14/09/2022 08:00,8.71,9.91
14/09/2022 09:00,8.57,9.82
14/09/2022 10:00,9.7,9.71
14/09/2022 11:00,9.91,9.18
14/09/2022 12:00,10.92,9.26
14/09/2022 13:00,15,9.4
14/09/2022 14:00,23.25,9.55
14/09/2022 15:00,22.89,9.68
14/09/2022 16:00,19.32,9.14
14/09/2022 17:00,8.02,9.96
14/09/2022 18:00,6.59,10.21
14/09/2022 19:00,6.68,9.76
14/09/2022 20:00,6.74,10.4
14/09/2022 21:00,6.34,9.47
14/09/2022 22:00,6.33,8.82
14/09/2022 23:00,7.49,8.38
15/09/2022 00:00,6.58,7.98
15/09/2022 01:00,5.35,7.66
15/09/2022 02:00,5.6,7.56
15/09/2022 03:00,5.99,7.64
15/09/2022 04:00,6.34,7.59
15/09/2022 05:00,7.97,8.2
15/09/2022 06:00,8.56,9.08
15/09/2022 07:00,10.15,10.78
15/09/2022 08:00,20.32,9.96
15/09/2022 09:00,13.15,9.77
15/09/2022 10:00,9.76,9.18
15/09/2022 11:00,9.87,8.92
15/09/2022 12:00,11.02,9.13
15/09/2022 13:00,9.95,9.33
15/09/2022 14:00,11.98,10
15/09/2022 15:00,11.51,9.18
15/09/2022 16:00,10.03,9.15
15/09/2022 17:00,9.94,9.34
15/09/2022 18:00,9.36,9.57
15/09/2022 19:00,7.93,9.79
15/09/2022 20:00,7.84,9.7
15/09/2022 21:00,8.03,9.31
15/09/2022 22:00,8.06,8.64
15/09/2022 23:00,6.73,8.25
16/09/2022 00:00,4.26,7.8
16/09/2022 01:00,3.13,7.52
16/09/2022 02:00,3.17,7.51
16/09/2022 03:00,4.59,7.47
16/09/2022 04:00,5.97,7.44
16/09/2022 05:00,6.61,7.69
16/09/2022 06:00,7.61,9.07
16/09/2022 07:00,9.92,10.09
16/09/2022 08:00,9.42,10.02
16/09/2022 09:00,11.41,9.63
16/09/2022 10:00,11.28,9.32
16/09/2022 11:00,10.55,9.23
16/09/2022 12:00,8.75,8.98
16/09/2022 13:00,8.19,9.01
16/09/2022 14:00,9.1,9.56
16/09/2022 15:00,8.5,9.45
16/09/2022 16:00,8.77,9.21
16/09/2022 17:00,8.86,9.2
16/09/2022 18:00,6.97,9.22
16/09/2022 19:00,7.95,9.39
16/09/2022 20:00,8.62,9.47
16/09/2022 21:00,6.39,8.95
16/09/2022 22:00,4.81,8.56
16/09/2022 23:00,5.94,8.27
17/09/2022 00:00,6.5,7.75
17/09/2022 01:00,3.89,7.54
17/09/2022 02:00,4.96,7.47
17/09/2022 03:00,5.74,7.65
17/09/2022 04:00,7.15,7.75
17/09/2022 05:00,3.82,8.05
17/09/2022 06:00,4.4,8.3
17/09/2022 07:00,8.12,9.26
17/09/2022 08:00,8.75,10.07
17/09/2022 09:00,5.85,10.35
17/09/2022 10:00,6.65,10.32
17/09/2022 11:00,8.51,10.06
17/09/2022 12:00,8.42,9.9
17/09/2022 13:00,8.15,9.39
17/09/2022 14:00,7.59,9.68
17/09/2022 15:00,7.47,9.46
17/09/2022 16:00,6.71,9.75
17/09/2022 17:00,6.56,9.78
17/09/2022 18:00,7.31,9.92
17/09/2022 19:00,7.67,10.01
17/09/2022 20:00,5.96,9.88
17/09/2022 21:00,8.29,9.62
17/09/2022 22:00,3.78,9.19
17/09/2022 23:00,2.92,9.01
18/09/2022 00:00,3.14,8.84
18/09/2022 01:00,3.03,8.48
18/09/2022 02:00,7.27,8.35
18/09/2022 03:00,4.63,8.24
18/09/2022 04:00,6.2,8.22
18/09/2022 05:00,5.34,8.49
18/09/2022 06:00,8.45,8.63
18/09/2022 07:00,6.73,9.95
18/09/2022 08:00,7.72,11.03
18/09/2022 09:00,10.35,11.96
18/09/2022 10:00,10.38,12.07
18/09/2022 11:00,6.46,11.33
18/09/2022 12:00,6.58,11.19
18/09/2022 13:00,9.26,11.12
18/09/2022 14:00,7.34,10.7
18/09/2022 15:00,5.42,10.16
18/09/2022 16:00,5.64,NaN
18/09/2022 17:00,9.56,10.68
18/09/2022 18:00,6.74,11
18/09/2022 19:00,6.99,10.99
18/09/2022 20:00,10.51,10.17
18/09/2022 21:00,7.14,10.04
18/09/2022 22:00,4.83,9.49
18/09/2022 23:00,6.98,9.13
19/09/2022 00:00,13.86,8.65
19/09/2022 01:00,4.24,8.35
19/09/2022 02:00,8.59,8.29
19/09/2022 03:00,4.06,8.3
19/09/2022 04:00,3.83,8.27
19/09/2022 05:00,4.1,8.65
19/09/2022 06:00,6.28,9.48
19/09/2022 07:00,10.03,10.96
19/09/2022 08:00,11.81,10.75
19/09/2022 09:00,10.4,10.71
19/09/2022 10:00,10.71,10.3
19/09/2022 11:00,11.27,9.85
19/09/2022 12:00,10.6,10.48
19/09/2022 13:00,9.78,10.12
19/09/2022 14:00,10.03,10.01
19/09/2022 15:00,9.5,9.9
19/09/2022 16:00,7.61,9.75
19/09/2022 17:00,7.42,10.14
19/09/2022 18:00,7.76,10.77
19/09/2022 19:00,9.06,11.01
19/09/2022 20:00,8.22,10.87
19/09/2022 21:00,6.38,9.89
19/09/2022 22:00,6,9.25
19/09/2022 23:00,5.93,8.67
20/09/2022 00:00,5.46,8.61
20/09/2022 01:00,6.68,8.11
20/09/2022 02:00,19.1,8.07
20/09/2022 03:00,5.86,8.08
20/09/2022 04:00,5.79,8.15
20/09/2022 05:00,6.69,9.13
20/09/2022 06:00,9.04,9.75
20/09/2022 07:00,10.64,11.13
20/09/2022 08:00,10.26,10.65
20/09/2022 09:00,9.32,10.03
20/09/2022 10:00,9.65,10.34
20/09/2022 11:00,8.76,9.83
20/09/2022 12:00,8.79,9.92
20/09/2022 13:00,12.08,9.91
20/09/2022 14:00,11.15,9.96
20/09/2022 15:00,10.88,9.58
20/09/2022 16:00,8.92,9.89
20/09/2022 17:00,9.47,9.89
20/09/2022 18:00,9.81,10.27
20/09/2022 19:00,9.89,10.53
20/09/2022 20:00,9.16,10.43
20/09/2022 21:00,7.89,9.79
20/09/2022 22:00,6.64,9.56
20/09/2022 23:00,5.52,8.78
21/09/2022 00:00,4.85,8.48
21/09/2022 01:00,5,8.1
21/09/2022 02:00,4.62,8.11
21/09/2022 03:00,4.25,8.11
21/09/2022 04:00,5.65,NaN
21/09/2022 05:00,6.05,8.85
21/09/2022 06:00,9.3,9.4
21/09/2022 07:00,12.2,11.13
21/09/2022 08:00,10.13,11.54
21/09/2022 09:00,12.16,10.62
21/09/2022 10:00,13.25,9.99
21/09/2022 11:00,12.58,10.04
21/09/2022 12:00,10.52,10.01
21/09/2022 13:00,9.3,10.04
21/09/2022 14:00,10.87,10.14
21/09/2022 15:00,10.1,10.05
21/09/2022 16:00,8.8,10.12
21/09/2022 17:00,7.82,10.17
21/09/2022 18:00,9.49,10.45
21/09/2022 19:00,9.69,10.57
21/09/2022 20:00,9.39,10.56
21/09/2022 21:00,8.43,10.26
21/09/2022 22:00,7.27,9.51
21/09/2022 23:00,6.85,8.85
22/09/2022 00:00,6.46,8.47
22/09/2022 01:00,5.75,8.16
22/09/2022 02:00,6.4,8.14
22/09/2022 03:00,5.76,8.05
22/09/2022 04:00,5.03,8.11
22/09/2022 05:00,5.45,8.95
22/09/2022 06:00,7.79,9.77
22/09/2022 07:00,10.66,11.05
22/09/2022 08:00,10.42,10.69
22/09/2022 09:00,11.35,10.61
22/09/2022 10:00,12.1,10.46
22/09/2022 11:00,11.36,9.92
22/09/2022 12:00,11,9.78
22/09/2022 13:00,11.15,10.07
22/09/2022 14:00,12.24,10.48
22/09/2022 15:00,9.11,10.15
22/09/2022 16:00,8.7,10.36
22/09/2022 17:00,7.85,10.54
22/09/2022 18:00,8.93,10.88
22/09/2022 19:00,8.85,11.04
22/09/2022 20:00,8.65,10.45
22/09/2022 21:00,6.66,10.02
22/09/2022 22:00,7.3,9.54
22/09/2022 23:00,6.79,8.84
23/09/2022 00:00,6.13,8.52
23/09/2022 01:00,6.11,8.23
23/09/2022 02:00,6.32,8.24
23/09/2022 03:00,8.07,8.36
23/09/2022 04:00,6.94,8.34
23/09/2022 05:00,6.94,9.11
23/09/2022 06:00,9.27,9.76
23/09/2022 07:00,10.41,11.18
23/09/2022 08:00,9.23,10.91
23/09/2022 09:00,10.88,10.65
23/09/2022 10:00,10.85,10.2
23/09/2022 11:00,10.49,9.92
23/09/2022 12:00,12.05,9.83
23/09/2022 13:00,10.66,10.21
23/09/2022 14:00,10.83,10.15
23/09/2022 15:00,10.7,10.13
23/09/2022 16:00,8.73,9.97
23/09/2022 17:00,6.42,10.1
23/09/2022 18:00,7.01,10.92
23/09/2022 19:00,7.22,10.37
23/09/2022 20:00,7.54,10.24
23/09/2022 21:00,5.41,9.88
23/09/2022 22:00,5.53,9.32
23/09/2022 23:00,4.39,9.02
24/09/2022 00:00,3.15,8.63
24/09/2022 01:00,2.44,8.41
24/09/2022 02:00,3.32,8.19
24/09/2022 03:00,3.36,8.23
24/09/2022 04:00,2.75,8.19
24/09/2022 05:00,4.12,8.69
24/09/2022 06:00,5.5,8.98
24/09/2022 07:00,6.69,10.11
24/09/2022 08:00,7.61,11.36
24/09/2022 09:00,8.2,11.39
24/09/2022 10:00,8.06,10.68
24/09/2022 11:00,8.32,10.18
24/09/2022 12:00,6.56,10.65
24/09/2022 13:00,5.89,10.57
24/09/2022 14:00,6.32,10.7
24/09/2022 15:00,5.72,10.68
24/09/2022 16:00,5.13,10.49
24/09/2022 17:00,5.49,10.32
24/09/2022 18:00,5.88,10.4
24/09/2022 19:00,6.65,10.35
24/09/2022 20:00,6.38,9.96
24/09/2022 21:00,5.6,9.72
24/09/2022 22:00,5.01,9.27
24/09/2022 23:00,4.54,8.78
25/09/2022 00:00,4.34,8.8
25/09/2022 01:00,3.9,8.46
25/09/2022 02:00,3.74,8.33
25/09/2022 03:00,3.76,8.2
25/09/2022 04:00,3.78,8.15
25/09/2022 05:00,3.24,8.29
25/09/2022 06:00,3.83,8.55
25/09/2022 07:00,5.15,9.38
25/09/2022 08:00,5.69,10.27
25/09/2022 09:00,6.79,11.13
25/09/2022 10:00,5.74,11.34
25/09/2022 11:00,6.16,10.92
25/09/2022 12:00,6.79,10.69
25/09/2022 13:00,6.89,10.47
25/09/2022 14:00,7.01,9.98
25/09/2022 15:00,7.28,9.73
25/09/2022 16:00,6.12,9.83
25/09/2022 17:00,6.01,10.13
25/09/2022 18:00,6.18,9.9
25/09/2022 19:00,5.73,10.31
25/09/2022 20:00,5.51,10.17
25/09/2022 21:00,4.44,9.91
25/09/2022 22:00,3.84,9.45
25/09/2022 23:00,5.4,8.7
26/09/2022 00:00,12.87,8.49
26/09/2022 01:00,4.1,8.23
26/09/2022 02:00,4.35,8.26
26/09/2022 03:00,4.95,8.39
26/09/2022 04:00,3.94,8.39
26/09/2022 05:00,4.37,8.72
26/09/2022 06:00,5.76,9.6
26/09/2022 07:00,8.08,10.67
26/09/2022 08:00,8.93,10.86
26/09/2022 09:00,10.26,11.04
26/09/2022 10:00,9.91,10.2
26/09/2022 11:00,8.17,9.87
26/09/2022 12:00,7.53,NaN
26/09/2022 13:00,8.23,10.19
26/09/2022 14:00,8.19,10.07
26/09/2022 15:00,7.68,9.92
26/09/2022 16:00,7.56,9.92
26/09/2022 17:00,6.99,9.98
26/09/2022 18:00,6.64,10.08
26/09/2022 19:00,7.18,10.62
26/09/2022 20:00,7.71,10.27
26/09/2022 21:00,6.54,9.88
26/09/2022 22:00,4.42,9.52
26/09/2022 23:00,4.33,9.09
27/09/2022 00:00,4.07,8.58
27/09/2022 01:00,3.88,8.43
27/09/2022 02:00,17.04,8.5
27/09/2022 03:00,2.81,8.4
27/09/2022 04:00,2.04,8.45
27/09/2022 05:00,2.99,8.58
27/09/2022 06:00,4.81,9.7
27/09/2022 07:00,8.56,10.57
27/09/2022 08:00,8.92,10.61
27/09/2022 09:00,9.61,10.33
27/09/2022 10:00,8.89,9.78
27/09/2022 11:00,8.71,9.77
27/09/2022 12:00,8.96,9.94
27/09/2022 13:00,9.15,9.9
27/09/2022 14:00,8.58,10.15
27/09/2022 15:00,7.46,9.8
27/09/2022 16:00,6.41,10.01
27/09/2022 17:00,6.36,9.96
27/09/2022 18:00,6.45,9.9
27/09/2022 19:00,6.57,10.37
27/09/2022 20:00,7.06,10.67
27/09/2022 21:00,6.5,10.18
27/09/2022 22:00,4.93,9.31
27/09/2022 23:00,4.84,8.75
28/09/2022 00:00,4.35,8.45
28/09/2022 01:00,4.07,8.25
28/09/2022 02:00,4.14,8.39
28/09/2022 03:00,3.95,8.28
28/09/2022 04:00,3.97,8.25
28/09/2022 05:00,4.52,8.88
28/09/2022 06:00,6.62,9.9
28/09/2022 07:00,8.42,11.13
28/09/2022 08:00,7.94,10.61
28/09/2022 09:00,7.38,10.42
28/09/2022 10:00,7.77,9.85
28/09/2022 11:00,7.15,9.77
28/09/2022 12:00,7.5,9.61
28/09/2022 13:00,7.76,9.99
28/09/2022 14:00,7.8,9.84
28/09/2022 15:00,8.58,9.64
28/09/2022 16:00,8.18,9.89
28/09/2022 17:00,7.76,9.77
28/09/2022 18:00,8.25,10.09
28/09/2022 19:00,7.76,10.53
28/09/2022 20:00,8.34,10.5
28/09/2022 21:00,7.09,9.76
28/09/2022 22:00,5.13,9.59
28/09/2022 23:00,4.06,8.74
29/09/2022 00:00,3.25,8.62
29/09/2022 01:00,2.93,8.27
29/09/2022 02:00,4.17,8.25
29/09/2022 03:00,3.88,8.19
29/09/2022 04:00,4.33,8.31
29/09/2022 05:00,4.58,8.7
29/09/2022 06:00,6.58,9.73
29/09/2022 07:00,10.24,11.12
29/09/2022 08:00,9.35,10.96
29/09/2022 09:00,10,10.61
29/09/2022 10:00,9.68,10.29
29/09/2022 11:00,9.47,9.58
29/09/2022 12:00,8.75,9.42
29/09/2022 13:00,8.58,9.81
29/09/2022 14:00,8.4,9.96
29/09/2022 15:00,7.73,9.95
29/09/2022 16:00,7.17,9.77
29/09/2022 17:00,5.49,9.87
29/09/2022 18:00,8.02,10.15
29/09/2022 19:00,8,10.7
29/09/2022 20:00,8.07,10.39
29/09/2022 21:00,6.52,9.91
29/09/2022 22:00,5.12,9.49
29/09/2022 23:00,4.75,8.89
30/09/2022 00:00,4.54,8.5
30/09/2022 01:00,4.4,8.4
30/09/2022 02:00,4.76,8.26
30/09/2022 03:00,4.97,8.46
30/09/2022 04:00,3.3,8.33
30/09/2022 05:00,3.12,8.64
30/09/2022 06:00,5.83,9.73
30/09/2022 07:00,10.8,11.19
30/09/2022 08:00,7.67,10.43
30/09/2022 09:00,8.41,10.2
30/09/2022 10:00,9.51,9.73
30/09/2022 11:00,9.91,9.53
30/09/2022 12:00,10.48,9.82
30/09/2022 13:00,10.71,9.59
30/09/2022 14:00,10.74,9.94
30/09/2022 15:00,10.35,9.53
30/09/2022 16:00,8.36,9.62
30/09/2022 17:00,5.29,9.63
30/09/2022 18:00,4.98,9.9
30/09/2022 19:00,5.99,10.51
30/09/2022 20:00,6.05,10.27
30/09/2022 21:00,5.23,9.82
30/09/2022 22:00,4.62,9.26
30/09/2022 23:00,4.56,9.14
1/10/2022 0:00,4.3,8.81
1/10/2022 1:00,4.04,8.56
1/10/2022 2:00,4.67,8.77
1/10/2022 3:00,4.74,8.66
1/10/2022 4:00,3.4,8.67
1/10/2022 5:00,4.08,8.82
1/10/2022 6:00,5.49,9.06
1/10/2022 7:00,6.62,10.21
1/10/2022 8:00,7.6,11.41
1/10/2022 9:00,6.91,11.59
1/10/2022 10:00,7.27,11.05
1/10/2022 11:00,8.02,10.85
1/10/2022 12:00,5.98,11.14
1/10/2022 13:00,6.51,11.08
1/10/2022 14:00,7.07,10.95
1/10/2022 15:00,6.53,10.96
1/10/2022 16:00,5.45,10.41
1/10/2022 17:00,6.58,10.32
1/10/2022 18:00,6.67,10.53
1/10/2022 19:00,6.97,10.7
1/10/2022 20:00,6.86,10.32
1/10/2022 21:00,5.91,9.83
1/10/2022 22:00,5.56,9.45
1/10/2022 23:00,4.69,9.34
2/10/2022 0:00,4.43,9.14
2/10/2022 1:00,4.26,8.68
2/10/2022 2:00,4.03,8.55
2/10/2022 3:00,3.05,8.6
2/10/2022 4:00,2.07,8.58
2/10/2022 5:00,2.26,8.57
2/10/2022 6:00,3.1,9.11
2/10/2022 7:00,4.84,10.11
2/10/2022 8:00,6.16,11.5
2/10/2022 9:00,7.46,12.27
2/10/2022 10:00,7.56,12.39
2/10/2022 11:00,7.95,11.68
2/10/2022 12:00,6.51,11.61
2/10/2022 13:00,7.2,10.86
2/10/2022 14:00,6.87,10.65
2/10/2022 15:00,5.91,10.56
2/10/2022 16:00,5.1,10.46
2/10/2022 17:00,4.65,10.99
2/10/2022 18:00,5.03,11.16
2/10/2022 19:00,5.6,10.97
2/10/2022 20:00,5.55,10.96
2/10/2022 21:00,4.98,10.16
2/10/2022 22:00,3.57,9.49
2/10/2022 23:00,5.86,9.31
3/10/2022 0:00,15.05,8.88
3/10/2022 1:00,3.62,8.66
3/10/2022 2:00,3.82,8.58
3/10/2022 3:00,4.81,8.8
3/10/2022 4:00,4.09,8.88
3/10/2022 5:00,4.13,9.01
3/10/2022 6:00,6.07,10.11
3/10/2022 7:00,8.58,11.56
3/10/2022 8:00,8.51,11.19
3/10/2022 9:00,8.34,11.32
3/10/2022 10:00,7.86,10.71
3/10/2022 11:00,8.12,10.7
3/10/2022 12:00,7.6,10.37
3/10/2022 13:00,8.23,10.66
3/10/2022 14:00,9.2,10.13
3/10/2022 15:00,8.79,10.16
3/10/2022 16:00,7.65,10.11
3/10/2022 17:00,6.73,10.13
3/10/2022 18:00,6.81,10.95
3/10/2022 19:00,7.87,11.04
3/10/2022 20:00,7.5,10.93
3/10/2022 21:00,6.37,10.45
3/10/2022 22:00,4.73,9.75
3/10/2022 23:00,4.18,9.19
4/10/2022 0:00,3.31,8.85
4/10/2022 1:00,2.2,8.58
4/10/2022 2:00,18.07,8.67
4/10/2022 3:00,2.87,8.79
4/10/2022 4:00,2.16,8.78
4/10/2022 5:00,3.06,9.17
4/10/2022 6:00,6.38,9.99
4/10/2022 7:00,9.45,11.33
4/10/2022 8:00,10,10.92
4/10/2022 9:00,8.96,10.85
4/10/2022 10:00,9.95,10.41
4/10/2022 11:00,9.26,10.47
4/10/2022 12:00,10.07,10.61
4/10/2022 13:00,12.45,10.86
4/10/2022 14:00,9.96,11.08
4/10/2022 15:00,8.53,10.98
4/10/2022 16:00,8.13,10.4
4/10/2022 17:00,7.62,10.29
4/10/2022 18:00,7.19,10.46
4/10/2022 19:00,8.07,11.02
4/10/2022 20:00,8.88,10.6
4/10/2022 21:00,7.36,10.15
4/10/2022 22:00,5.49,9.42
4/10/2022 23:00,5.47,8.96
5/10/2022 0:00,5.02,8.42
5/10/2022 1:00,4.99,8.38
5/10/2022 2:00,5.13,8.25
5/10/2022 3:00,5.15,8.3
5/10/2022 4:00,4.93,8.38
5/10/2022 5:00,5.43,8.71
5/10/2022 6:00,6.4,9.95
5/10/2022 7:00,8.53,11.36
5/10/2022 8:00,8.49,11.1
5/10/2022 9:00,9.17,10.65
5/10/2022 10:00,10.19,10.59
5/10/2022 11:00,9.82,9.81
5/10/2022 12:00,7.89,9.74
5/10/2022 13:00,7.83,10.16
5/10/2022 14:00,8.91,10.06
5/10/2022 15:00,8.8,9.79
5/10/2022 16:00,7.31,9.67
5/10/2022 17:00,7.01,10.13
5/10/2022 18:00,7.26,10.32
5/10/2022 19:00,7.45,11.02
5/10/2022 20:00,7.14,11.21
5/10/2022 21:00,6.11,10.04
5/10/2022 22:00,3.41,9.76
5/10/2022 23:00,2.69,9.14
6/10/2022 0:00,2.32,8.61
6/10/2022 1:00,2.14,8.45
6/10/2022 2:00,2.82,NaN
6/10/2022 3:00,4.44,8.45
6/10/2022 4:00,3.67,8.52
6/10/2022 5:00,3.83,8.91
6/10/2022 6:00,6.7,10.2
6/10/2022 7:00,8.16,11.19
6/10/2022 8:00,10.53,10.81
6/10/2022 9:00,9.34,10.86
6/10/2022 10:00,9.69,10.66
6/10/2022 11:00,8.47,10.24
6/10/2022 12:00,8.59,10.1
6/10/2022 13:00,9.07,9.88
6/10/2022 14:00,9.61,10.08
6/10/2022 15:00,8.84,9.82
6/10/2022 16:00,7.79,9.6
6/10/2022 17:00,7.43,10.25
6/10/2022 18:00,7.85,10.44
6/10/2022 19:00,8.42,10.84
6/10/2022 20:00,8.04,10.79
6/10/2022 21:00,8.12,10.4
6/10/2022 22:00,4.77,9.38
6/10/2022 23:00,5.14,9.11
7/10/2022 0:00,5.72,8.8
7/10/2022 1:00,4.59,8.42
7/10/2022 2:00,4.91,8.57
7/10/2022 3:00,5.34,8.35
7/10/2022 4:00,4.18,8.34
7/10/2022 5:00,3.64,8.88
7/10/2022 6:00,6.31,10.05
7/10/2022 7:00,9.6,11.5
7/10/2022 8:00,8.66,11.08
7/10/2022 9:00,9.55,10.77
7/10/2022 10:00,10.71,10.49
7/10/2022 11:00,8.53,10.13
7/10/2022 12:00,10.73,10.18
7/10/2022 13:00,9.27,9.96
7/10/2022 14:00,11.11,10.12
7/10/2022 15:00,9.22,10.21
7/10/2022 16:00,9.02,9.97
7/10/2022 17:00,7.34,10.77
7/10/2022 18:00,8.2,10.5
7/10/2022 19:00,8.4,10.61
7/10/2022 20:00,8.09,10.24
7/10/2022 21:00,6.52,9.82
7/10/2022 22:00,5.4,9.43
7/10/2022 23:00,4.65,9.11
8/10/2022 0:00,6.13,8.83
8/10/2022 1:00,4.9,8.47
8/10/2022 2:00,7.05,8.58
8/10/2022 3:00,5.46,8.61
8/10/2022 4:00,5.18,8.5
8/10/2022 5:00,4.78,8.95
8/10/2022 6:00,6.72,8.97
8/10/2022 7:00,7.71,10.16
8/10/2022 8:00,8.79,11.25
8/10/2022 9:00,9.14,12.39
8/10/2022 10:00,8.12,11.99
8/10/2022 11:00,9.03,11.13
8/10/2022 12:00,7.74,10.98
8/10/2022 13:00,7.79,10.86
8/10/2022 14:00,8.45,10.57
8/10/2022 15:00,7.13,10.49
8/10/2022 16:00,7.65,10.81
8/10/2022 17:00,7.88,10.65
8/10/2022 18:00,8.62,10.48
8/10/2022 19:00,8.3,10.9
8/10/2022 20:00,8.92,10.39
8/10/2022 21:00,6.84,9.75
8/10/2022 22:00,6.52,9.52
8/10/2022 23:00,5.41,9.06
9/10/2022 0:00,5.74,8.98
9/10/2022 1:00,4.46,8.85
9/10/2022 2:00,3.37,8.48
9/10/2022 3:00,4.63,8.38
9/10/2022 4:00,4.62,8.45
9/10/2022 5:00,4.92,8.86
9/10/2022 6:00,5.31,8.94
9/10/2022 7:00,9.23,10.3
9/10/2022 8:00,7.84,11.3
9/10/2022 9:00,9.84,12.24
9/10/2022 10:00,9.35,12.01
9/10/2022 11:00,9.52,11.57
9/10/2022 12:00,8.11,11.43
9/10/2022 13:00,8.05,10.91
9/10/2022 14:00,6.66,10.87
9/10/2022 15:00,7.91,10.91
9/10/2022 16:00,6.39,10.68
9/10/2022 17:00,7.02,10.68
9/10/2022 18:00,6.26,10.77
9/10/2022 19:00,7.92,10.7
9/10/2022 20:00,7.64,11.16
9/10/2022 21:00,7.98,10.06
9/10/2022 22:00,6.14,9.43
9/10/2022 23:00,7.14,9.1
10/10/2022 0:00,17.01,8.67
10/10/2022 1:00,4.62,8.43
10/10/2022 2:00,5.31,8.44
10/10/2022 3:00,7,8.35
10/10/2022 4:00,4.57,8.45
10/10/2022 5:00,5.55,9.13
10/10/2022 6:00,8.31,10.21
10/10/2022 7:00,8.44,11.17
10/10/2022 8:00,9.33,10.81
10/10/2022 9:00,9.09,10.47
10/10/2022 10:00,10.13,10.77
10/10/2022 11:00,9.76,10.55
10/10/2022 12:00,8.68,10.58
10/10/2022 13:00,10.25,10.21
10/10/2022 14:00,9.61,10.75
10/10/2022 15:00,10.76,10.39
10/10/2022 16:00,8.24,10.44
10/10/2022 17:00,8.57,10.91
10/10/2022 18:00,7.77,10.67
10/10/2022 19:00,9.45,10.95
10/10/2022 20:00,8.54,10.69
10/10/2022 21:00,6.26,10.04
10/10/2022 22:00,5.67,9.44
10/10/2022 23:00,3.96,8.91
11/10/2022 0:00,3.48,8.8
11/10/2022 1:00,4.83,8.51
11/10/2022 2:00,19.86,8.37
11/10/2022 3:00,5.14,8.35
11/10/2022 4:00,5.8,8.48
11/10/2022 5:00,5.49,9.04
11/10/2022 6:00,7.61,9.65
11/10/2022 7:00,9.62,11.49
11/10/2022 8:00,11.04,10.94
11/10/2022 9:00,9.93,10.81
11/10/2022 10:00,10.17,10.69
11/10/2022 11:00,9.11,10.17
11/10/2022 12:00,8.87,10
11/10/2022 13:00,9.9,9.98
11/10/2022 14:00,9.42,9.91
11/10/2022 15:00,9.86,9.89
11/10/2022 16:00,8.02,10.02
11/10/2022 17:00,8.53,10.7
11/10/2022 18:00,7.68,10.77
11/10/2022 19:00,9.51,10.67
11/10/2022 20:00,8.58,10.44
11/10/2022 21:00,7.5,10.32
11/10/2022 22:00,6.63,9.61
11/10/2022 23:00,5.42,9.09
12/10/2022 0:00,5.4,8.52
12/10/2022 1:00,5.53,8.45
12/10/2022 2:00,4.93,8.37
12/10/2022 3:00,3.57,8.62
12/10/2022 4:00,4.16,8.7
12/10/2022 5:00,4.33,9.03
12/10/2022 6:00,5.89,9.75
12/10/2022 7:00,10.13,11.41
12/10/2022 8:00,8.82,11
12/10/2022 9:00,11.08,11.18
12/10/2022 10:00,11.02,10.68
12/10/2022 11:00,9.69,10.09
12/10/2022 12:00,11.13,10.52
12/10/2022 13:00,9.49,10.34
12/10/2022 14:00,12.66,10.16
12/10/2022 15:00,7.96,10.26
12/10/2022 16:00,9.52,10.03
12/10/2022 17:00,6.96,10.47
12/10/2022 18:00,8,10.82
12/10/2022 19:00,7.13,10.71
12/10/2022 20:00,8.4,10.74
12/10/2022 21:00,5.8,10.26
12/10/2022 22:00,5.57,10.21
12/10/2022 23:00,6.04,9.11
13/10/2022 00:00,4.71,8.76
13/10/2022 01:00,4.54,8.45
13/10/2022 02:00,6.49,8.62
13/10/2022 03:00,5.73,8.67
13/10/2022 04:00,4.87,8.43
13/10/2022 05:00,4.97,9.18
13/10/2022 06:00,8.62,9.63
13/10/2022 07:00,9.51,11.28
13/10/2022 08:00,8.95,11
13/10/2022 09:00,9.59,10.91
13/10/2022 10:00,10.54,10.82
13/10/2022 11:00,10.29,10.18
13/10/2022 12:00,11.35,10.61
13/10/2022 13:00,10.47,9.98
13/10/2022 14:00,10.69,10.32
13/10/2022 15:00,9.52,10.28
13/10/2022 16:00,9.28,10.46
13/10/2022 17:00,9.91,10.29
13/10/2022 18:00,7.7,10.39
13/10/2022 19:00,9.89,10.9
13/10/2022 20:00,9.65,10.6
13/10/2022 21:00,7.87,10.03
13/10/2022 22:00,6.99,9.55
13/10/2022 23:00,7.28,9.16
14/10/2022 00:00,6.31,8.8
14/10/2022 01:00,5.84,8.42
14/10/2022 02:00,5.73,8.45
14/10/2022 03:00,6.73,8.62
14/10/2022 04:00,6.01,8.53
14/10/2022 05:00,6.11,8.92
14/10/2022 06:00,7.2,9.85
14/10/2022 07:00,9.74,11.41
14/10/2022 08:00,9.8,11.17
14/10/2022 09:00,10.13,11.49
14/10/2022 10:00,11.11,10.94
14/10/2022 11:00,9.68,10.29
14/10/2022 12:00,9.99,10.04
14/10/2022 13:00,12.75,10.06
14/10/2022 14:00,12.24,9.86
14/10/2022 15:00,12.87,10.26
14/10/2022 16:00,12.13,10.65
14/10/2022 17:00,8.11,10.66
14/10/2022 18:00,9.77,10.57
14/10/2022 19:00,8.73,10.67
14/10/2022 20:00,8.92,10.38
14/10/2022 21:00,6.78,9.92
14/10/2022 22:00,5.68,9.33
14/10/2022 23:00,5.72,9.2
15/10/2022 00:00,4.78,8.88
15/10/2022 01:00,5.74,8.59
15/10/2022 02:00,7.25,8.54
15/10/2022 03:00,6.53,8.79
15/10/2022 04:00,5.84,8.54
15/10/2022 05:00,7.04,9.05
15/10/2022 06:00,6.74,8.9
15/10/2022 07:00,9.1,10.41
15/10/2022 08:00,11.5,11.4
15/10/2022 09:00,9.4,11.56
15/10/2022 10:00,9.57,11.51
15/10/2022 11:00,10.16,11.07
15/10/2022 12:00,8.44,11.21
15/10/2022 13:00,8.04,11.15
15/10/2022 14:00,8.95,10.76
15/10/2022 15:00,8.03,10.86
15/10/2022 16:00,9.27,10.78
15/10/2022 17:00,7.98,10.75
15/10/2022 18:00,10.16,10.56
15/10/2022 19:00,9.5,10.4
15/10/2022 20:00,8.47,10.32
15/10/2022 21:00,7.7,9.95
15/10/2022 22:00,7.01,9.5
15/10/2022 23:00,6.65,9.01
16/10/2022 00:00,6.51,8.93
16/10/2022 01:00,6.78,8.76
16/10/2022 02:00,6.03,8.5
16/10/2022 03:00,5.47,8.45
16/10/2022 04:00,6.49,8.46
16/10/2022 05:00,6.74,8.89
16/10/2022 06:00,6.43,8.82
16/10/2022 07:00,7.5,9.66
16/10/2022 08:00,9.4,11.16
16/10/2022 09:00,11.4,12.31
16/10/2022 10:00,9.85,12.16
16/10/2022 11:00,9.13,11.66
16/10/2022 12:00,10.43,11.41
16/10/2022 13:00,9,11.03
16/10/2022 14:00,8.58,10.57
16/10/2022 15:00,8.1,10.58
16/10/2022 16:00,7.77,10.21
16/10/2022 17:00,7.8,10.86
16/10/2022 18:00,6.79,11.18
16/10/2022 19:00,8.39,10.87
16/10/2022 20:00,8.16,10.74
16/10/2022 21:00,7.76,10.08
16/10/2022 22:00,7.68,9.68
16/10/2022 23:00,7.83,8.98
17/10/2022 00:00,15.37,8.77
17/10/2022 01:00,5.52,8.53
17/10/2022 02:00,7.15,8.43
17/10/2022 03:00,NaN,8.79
17/10/2022 04:00,5.96,8.96
17/10/2022 05:00,6.15,8.98
17/10/2022 06:00,9.42,9.98
17/10/2022 07:00,10.47,11.21
17/10/2022 08:00,9.82,10.99
17/10/2022 09:00,11.09,11.23
17/10/2022 10:00,12.31,10.53
17/10/2022 11:00,10.45,10.36
17/10/2022 12:00,11.14,10.26
17/10/2022 13:00,8.48,10.58
17/10/2022 14:00,11.09,11.51
17/10/2022 15:00,8.63,11.29
17/10/2022 16:00,9.38,11.4
17/10/2022 17:00,8.29,10.83
17/10/2022 18:00,8.82,11.06
17/10/2022 19:00,9.67,10.71
17/10/2022 20:00,8.91,10.56
17/10/2022 21:00,8,10.29
17/10/2022 22:00,5.29,9.55
17/10/2022 23:00,3.94,9.02
18/10/2022 00:00,4.52,8.76
18/10/2022 01:00,4.12,8.53
18/10/2022 02:00,18.11,8.5
18/10/2022 03:00,4.51,8.55
18/10/2022 04:00,5.75,8.67
18/10/2022 05:00,5.83,8.85
18/10/2022 06:00,8.16,9.99
18/10/2022 07:00,9.86,11.46
18/10/2022 08:00,10.91,11.03
18/10/2022 09:00,11.22,10.59
18/10/2022 10:00,10.19,10.4
18/10/2022 11:00,10.16,10.21
18/10/2022 12:00,9.46,10.07
18/10/2022 13:00,10.78,10.18
18/10/2022 14:00,15.53,10.7
18/10/2022 15:00,13.61,10.16
18/10/2022 16:00,13.99,10.37
18/10/2022 17:00,12.53,11.19
18/10/2022 18:00,13.03,10.83
18/10/2022 19:00,13.29,10.81
18/10/2022 20:00,15.03,10.77
18/10/2022 21:00,11.88,10.31
18/10/2022 22:00,12.28,10.09
18/10/2022 23:00,10.8,9.18
19/10/2022 00:00,10.47,8.76
19/10/2022 01:00,11.06,8.5
19/10/2022 02:00,9.13,8.51
19/10/2022 03:00,10.05,8.4
19/10/2022 04:00,8.58,8.46
19/10/2022 05:00,11,8.78
19/10/2022 06:00,11.65,9.6
19/10/2022 07:00,14.69,11.6
19/10/2022 08:00,14.03,NaN
19/10/2022 09:00,15.29,NaN
19/10/2022 10:00,15.33,NaN
19/10/2022 11:00,16.85,NaN
19/10/2022 12:00,15.32,NaN
19/10/2022 13:00,15.98,NaN
19/10/2022 14:00,17.75,NaN
19/10/2022 15:00,15.21,9.88
19/10/2022 16:00,14.95,9.75
19/10/2022 17:00,13.79,11.19
19/10/2022 18:00,12.74,10.51
19/10/2022 19:00,13.5,11.15
19/10/2022 20:00,13.79,10.85
19/10/2022 21:00,11.46,10.43
19/10/2022 22:00,10.27,10.02
19/10/2022 23:00,11.18,9.29
20/10/2022 00:00,10.22,8.72
20/10/2022 01:00,9.98,8.56
20/10/2022 02:00,11.03,8.57
20/10/2022 03:00,11.08,8.5
20/10/2022 04:00,11.01,8.59
20/10/2022 05:00,11.69,8.98
20/10/2022 06:00,13.62,9.95
20/10/2022 07:00,14.65,11.12
20/10/2022 08:00,15.13,11.3
20/10/2022 09:00,14.91,10.71
20/10/2022 10:00,14.68,9.41
20/10/2022 11:00,15.08,9.2
20/10/2022 12:00,13.52,9.48
20/10/2022 13:00,14.08,9.05
20/10/2022 14:00,16.51,9.39
20/10/2022 15:00,14.46,9.46
20/10/2022 16:00,13.47,9.4
20/10/2022 17:00,15.25,10.3
20/10/2022 18:00,12.83,10.77
20/10/2022 19:00,13.5,10.47
20/10/2022 20:00,13.69,10.27
20/10/2022 21:00,13.12,10.49
20/10/2022 22:00,10.85,9.61
20/10/2022 23:00,10,9.14
21/10/2022 00:00,9.02,8.69
21/10/2022 01:00,8.89,8.5
21/10/2022 02:00,9.28,8.59
21/10/2022 03:00,9.91,8.71
21/10/2022 04:00,9.21,8.84
21/10/2022 05:00,11.1,8.89
21/10/2022 06:00,14.32,10.11
21/10/2022 07:00,16.66,11.5
21/10/2022 08:00,14.93,11.55
21/10/2022 09:00,14.44,10.69
21/10/2022 10:00,14.8,10.1
21/10/2022 11:00,14.48,9.92
21/10/2022 12:00,14.39,9.76
21/10/2022 13:00,14.28,10.38
21/10/2022 14:00,13.29,10.02
21/10/2022 15:00,14.2,10.24
21/10/2022 16:00,11.71,10.49
21/10/2022 17:00,11.67,10.17
21/10/2022 18:00,10.84,10.5
21/10/2022 19:00,13.13,10.5
21/10/2022 20:00,11.78,11.11
21/10/2022 21:00,10.35,10.51
21/10/2022 22:00,9.04,9.93
21/10/2022 23:00,8.48,9.07
22/10/2022 00:00,9.05,9.07
22/10/2022 01:00,8.57,8.82
22/10/2022 02:00,8.51,8.92
22/10/2022 03:00,8.33,8.84
22/10/2022 04:00,6.75,8.9
22/10/2022 05:00,6.98,9.01
22/10/2022 06:00,10.31,9.34
22/10/2022 07:00,9.3,10.56
22/10/2022 08:00,10.62,11.58
22/10/2022 09:00,12.85,11.9
22/10/2022 10:00,12.08,11.29
22/10/2022 11:00,13.78,11.16
22/10/2022 12:00,12.35,10.97
22/10/2022 13:00,11.95,10.99
22/10/2022 14:00,12.12,10.69
22/10/2022 15:00,11.42,11.21
22/10/2022 16:00,9.68,11.04
22/10/2022 17:00,10.8,10.5
22/10/2022 18:00,9.38,10.61
22/10/2022 19:00,10.71,10.45
22/10/2022 20:00,10.41,10.56
22/10/2022 21:00,10.32,9.85
22/10/2022 22:00,8.48,9.36
22/10/2022 23:00,9.84,9.42
23/10/2022 00:00,8.98,8.95
23/10/2022 01:00,8.68,8.7
23/10/2022 02:00,8.22,8.74
23/10/2022 03:00,8.79,8.71
23/10/2022 04:00,12.3,8.64
23/10/2022 05:00,9.54,8.68
23/10/2022 06:00,9.94,9.16
23/10/2022 07:00,12.06,10.19
23/10/2022 08:00,13.46,11.14
23/10/2022 09:00,12.19,12.57
23/10/2022 10:00,11.42,12.24
23/10/2022 11:00,13.8,11.43
23/10/2022 12:00,12.36,11.24
23/10/2022 13:00,11.66,10.8
23/10/2022 14:00,13.1,10.59
23/10/2022 15:00,11.03,10.35
23/10/2022 16:00,11.5,10.45
23/10/2022 17:00,12.46,10.9
23/10/2022 18:00,12.43,11.5
23/10/2022 19:00,13.35,10.91
23/10/2022 20:00,11.8,10.87
23/10/2022 21:00,12.29,10.24
23/10/2022 22:00,9.87,9.82
23/10/2022 23:00,12.34,9.55
24/10/2022 00:00,19.69,9.05
24/10/2022 01:00,8.71,8.78
24/10/2022 02:00,8.3,8.58
24/10/2022 03:00,10.5,8.57
24/10/2022 04:00,7.33,8.7
24/10/2022 05:00,10.68,9.08
24/10/2022 06:00,12.09,10.23
24/10/2022 07:00,14.6,11.51
24/10/2022 08:00,15.39,11.04
24/10/2022 09:00,14.43,10.76
24/10/2022 10:00,15.16,10.67
24/10/2022 11:00,14.39,10.37
24/10/2022 12:00,NaN,10.56
24/10/2022 13:00,12.99,10.86
24/10/2022 14:00,15.36,10.58
24/10/2022 15:00,12.18,10.62
24/10/2022 16:00,10.14,10.22
24/10/2022 17:00,8.8,10.13
24/10/2022 18:00,8.75,10.78
24/10/2022 19:00,8.35,11.11
24/10/2022 20:00,8.48,10.69
24/10/2022 21:00,6.56,10.35
24/10/2022 22:00,5.47,10.1
24/10/2022 23:00,5.43,9.32
25/10/2022 00:00,4.8,9.07
25/10/2022 01:00,5.5,8.68
25/10/2022 02:00,18.81,8.59
25/10/2022 03:00,6.13,8.63
25/10/2022 04:00,2.82,8.75
25/10/2022 05:00,4.79,9.04
25/10/2022 06:00,5.68,10.06
25/10/2022 07:00,9.72,11.19
25/10/2022 08:00,8.6,10.75
25/10/2022 09:00,8.65,10.46
25/10/2022 10:00,10.73,10.23
25/10/2022 11:00,8.57,10.06
25/10/2022 12:00,11.48,10.26
25/10/2022 13:00,11.07,10.29
25/10/2022 14:00,12.99,9.98
25/10/2022 15:00,9.97,10.39
25/10/2022 16:00,10.26,10.24
25/10/2022 17:00,9.55,10.37
25/10/2022 18:00,8,10.4
25/10/2022 19:00,8.08,10.91
25/10/2022 20:00,7.82,10.96
25/10/2022 21:00,7.19,10.41
25/10/2022 22:00,5.61,9.76
25/10/2022 23:00,5.02,9.17
26/10/2022 00:00,4.59,8.93
26/10/2022 01:00,5.26,8.74
26/10/2022 02:00,5.57,8.72
26/10/2022 03:00,5.31,8.6
26/10/2022 04:00,5.32,8.73
26/10/2022 05:00,6.23,8.99
26/10/2022 06:00,8.36,9.94
26/10/2022 07:00,11.95,11.39
26/10/2022 08:00,10.93,11.54
26/10/2022 09:00,10.43,10.66
26/10/2022 10:00,9.83,10.35
26/10/2022 11:00,10.68,10.51
26/10/2022 12:00,10.47,10.35
26/10/2022 13:00,9.63,10.77
26/10/2022 14:00,9.34,10.36
26/10/2022 15:00,9.72,10.01
26/10/2022 16:00,8.31,10.45
26/10/2022 17:00,7.66,10.41
26/10/2022 18:00,8.46,10.46
26/10/2022 19:00,9.17,11.02
26/10/2022 20:00,8.07,11.11
26/10/2022 21:00,7.35,10.66
26/10/2022 22:00,5.46,10.15
26/10/2022 23:00,5.66,9.28
27/10/2022 00:00,4.76,8.99
27/10/2022 01:00,5.66,8.78
27/10/2022 02:00,3.84,8.8
27/10/2022 03:00,4.57,8.71
27/10/2022 04:00,2.89,8.89
27/10/2022 05:00,4.21,9.04
27/10/2022 06:00,6.58,10.1
27/10/2022 07:00,9.6,11.37
27/10/2022 08:00,10.92,11.32
27/10/2022 09:00,8.25,10.97
27/10/2022 10:00,11.47,10.65
27/10/2022 11:00,10.24,10.26
27/10/2022 12:00,11.04,10.44
27/10/2022 13:00,8.21,10.63
27/10/2022 14:00,9.27,10.33
27/10/2022 15:00,10.34,10.21
27/10/2022 16:00,7.69,10.15
27/10/2022 17:00,7.39,10.25
27/10/2022 18:00,7.46,10.73
27/10/2022 19:00,8.07,11.03
27/10/2022 20:00,7.54,10.69
27/10/2022 21:00,6.68,10.48
27/10/2022 22:00,5.44,9.83
27/10/2022 23:00,5.23,9.51
28/10/2022 00:00,5.18,9.09
28/10/2022 01:00,4.93,8.89
28/10/2022 02:00,5.05,8.91
28/10/2022 03:00,5.86,8.84
28/10/2022 04:00,4.8,8.86
28/10/2022 05:00,5.25,9.09
28/10/2022 06:00,8.11,10.41
28/10/2022 07:00,10.15,11.55
28/10/2022 08:00,10.47,11.13
28/10/2022 09:00,10.73,11.06
28/10/2022 10:00,9.65,10.66
28/10/2022 11:00,7.56,10.2
28/10/2022 12:00,7.91,10.44
28/10/2022 13:00,8.04,10.49
28/10/2022 14:00,8.7,10.96
28/10/2022 15:00,9.89,10.53
28/10/2022 16:00,8.66,10.95
28/10/2022 17:00,8.09,10.73
28/10/2022 18:00,8.51,11.22
28/10/2022 19:00,8.49,10.85
28/10/2022 20:00,7.99,10.82
28/10/2022 21:00,6.93,10.66
28/10/2022 22:00,5.32,9.78
28/10/2022 23:00,3.97,9.6
29/10/2022 00:00,3.62,9.23
29/10/2022 01:00,3.67,9.01
29/10/2022 02:00,4.82,8.99
29/10/2022 03:00,6.84,8.88
29/10/2022 04:00,6.11,8.89
29/10/2022 05:00,5.05,9.19
29/10/2022 06:00,5.67,9.74
29/10/2022 07:00,8.1,10.57
29/10/2022 08:00,9.04,11.58
29/10/2022 09:00,9.23,12.33
29/10/2022 10:00,8.78,11.97
29/10/2022 11:00,7.02,11.39
29/10/2022 12:00,7.41,11.21
29/10/2022 13:00,8.56,11.11
29/10/2022 14:00,7.5,11.34
29/10/2022 15:00,7.14,10.1
29/10/2022 16:00,7.28,9.79
29/10/2022 17:00,6.62,9.39
29/10/2022 18:00,6.42,9.48
29/10/2022 19:00,7.96,9.69
29/10/2022 20:00,7.8,9.34
29/10/2022 21:00,7.41,9.1
29/10/2022 22:00,5.83,8.9
29/10/2022 23:00,5.06,8.45
30/10/2022 00:00,5.05,8.26
30/10/2022 01:00,4.91,7.86
30/10/2022 02:00,4.46,7.81
30/10/2022 02:00,4.77,7.64
30/10/2022 03:00,4.5,7.72
30/10/2022 04:00,3.47,7.79
30/10/2022 05:00,3.77,7.61
30/10/2022 06:00,5.04,7.89
30/10/2022 07:00,7.29,9.27
30/10/2022 08:00,7.75,11.06
30/10/2022 09:00,8.05,11.03
30/10/2022 10:00,8.68,10.88
30/10/2022 11:00,7.91,10.54
30/10/2022 12:00,8.06,10.36
30/10/2022 13:00,8.08,9.7
30/10/2022 14:00,7.66,9.8
30/10/2022 15:00,7.09,9.33
30/10/2022 16:00,7.49,9.36
30/10/2022 17:00,7.37,9.66
30/10/2022 18:00,5.56,9.59
30/10/2022 19:00,6.54,10.05
30/10/2022 20:00,7.15,9.8
30/10/2022 21:00,5.63,9.14
30/10/2022 22:00,6.53,8.91
30/10/2022 23:00,15.31,8.63
31/10/2022 00:00,4.92,8.19
31/10/2022 01:00,5.32,7.93
31/10/2022 02:00,6.4,7.78
31/10/2022 03:00,5.31,7.77
31/10/2022 04:00,5.17,7.78
31/10/2022 05:00,6.09,8.03
31/10/2022 06:00,9.07,9.1
31/10/2022 07:00,10.38,10.56
31/10/2022 08:00,10.35,10.98
31/10/2022 09:00,10.25,10.35
31/10/2022 10:00,9.17,10.12
31/10/2022 11:00,9.73,9.78
31/10/2022 12:00,8.7,9.54
31/10/2022 13:00,8.35,9.64
31/10/2022 14:00,8.7,9.49
31/10/2022 15:00,8.87,9.49
31/10/2022 16:00,7.48,9.25
31/10/2022 17:00,7.86,9.1
31/10/2022 18:00,8.95,9.8
31/10/2022 19:00,8.55,9.25
31/10/2022 20:00,7.92,9.47
31/10/2022 21:00,7.02,8.47
31/10/2022 22:00,5.81,8.45
31/10/2022 23:00,5.45,8.33
1/11/2022 0:00,5.5,7.88
1/11/2022 1:00,18.17,7.96
1/11/2022 2:00,4.83,7.73
1/11/2022 3:00,3.96,7.71
1/11/2022 4:00,5.79,7.78
1/11/2022 5:00,5.05,7.85
1/11/2022 6:00,5.42,8.26
1/11/2022 7:00,7.43,9.33
1/11/2022 8:00,8.58,10.56
1/11/2022 9:00,8.73,10.75
1/11/2022 10:00,8.51,10.61
1/11/2022 11:00,8.75,10.3
1/11/2022 12:00,9.76,9.82
1/11/2022 13:00,8.5,10.08
1/11/2022 14:00,7.88,9.68
1/11/2022 15:00,6.67,9.46
1/11/2022 16:00,6.44,9.62
1/11/2022 17:00,6.44,9.71
1/11/2022 18:00,6.51,9.36
1/11/2022 19:00,6.58,9.54
1/11/2022 20:00,7.2,9.79
1/11/2022 21:00,7.03,9
1/11/2022 22:00,5.45,8.66
1/11/2022 23:00,5.15,8.2
2/11/2022 0:00,4.88,7.89
2/11/2022 1:00,4.53,7.9
2/11/2022 2:00,4.71,7.62
2/11/2022 3:00,4.94,7.7
2/11/2022 4:00,4.75,7.7
2/11/2022 5:00,5.13,7.91
2/11/2022 6:00,6.65,9.16
2/11/2022 7:00,7.89,10.38
2/11/2022 8:00,12.31,10.32
2/11/2022 9:00,11.46,9.83
2/11/2022 10:00,9.45,9.65
2/11/2022 11:00,8.51,9.64
2/11/2022 12:00,8.84,9.45
2/11/2022 13:00,9.06,9.69
2/11/2022 14:00,8.77,9.26
2/11/2022 15:00,9.43,9.29
2/11/2022 16:00,8.22,9.39
2/11/2022 17:00,7.64,9.29
2/11/2022 18:00,6.77,9.56
2/11/2022 19:00,8.2,9.61
2/11/2022 20:00,8.12,9.63
2/11/2022 21:00,7.11,9.1
2/11/2022 22:00,5.15,8.58
2/11/2022 23:00,4.08,8.22
3/11/2022 0:00,3.91,7.94
3/11/2022 1:00,4.73,7.82
3/11/2022 2:00,4.34,7.65
3/11/2022 3:00,4.13,7.69
3/11/2022 4:00,5.02,7.76
3/11/2022 5:00,5.16,7.81
3/11/2022 6:00,6.63,8.81
3/11/2022 7:00,8.07,9.75
3/11/2022 8:00,8.74,10.28
3/11/2022 9:00,8.76,10.22
3/11/2022 10:00,7.61,9.8
3/11/2022 11:00,7.52,9.54
3/11/2022 12:00,6.92,10.01
3/11/2022 13:00,6.71,9.84
3/11/2022 14:00,7,9.57
3/11/2022 15:00,6.69,9.44
3/11/2022 16:00,5.93,9.17
3/11/2022 17:00,5.64,9.27
3/11/2022 18:00,6.56,9.82
3/11/2022 19:00,7.61,9.6
3/11/2022 20:00,7.49,9.74
3/11/2022 21:00,6.33,9.3
3/11/2022 22:00,5.45,8.55
3/11/2022 23:00,5.22,8.53
4/11/2022 0:00,4.89,7.8
4/11/2022 1:00,4.9,7.98
4/11/2022 2:00,5.77,7.75
4/11/2022 3:00,4.97,7.71
4/11/2022 4:00,4.41,7.83
4/11/2022 5:00,3.56,7.9
4/11/2022 6:00,5.63,8.83
4/11/2022 7:00,8.2,10.43
4/11/2022 8:00,8.62,10.33
4/11/2022 9:00,8.84,9.93
4/11/2022 10:00,8.27,9.55
4/11/2022 11:00,8.42,9.29
4/11/2022 12:00,10.39,9.57
4/11/2022 13:00,9.08,9.64
4/11/2022 14:00,9.66,9.26
4/11/2022 15:00,9.17,9.35
4/11/2022 16:00,8.5,9.2
4/11/2022 17:00,7.75,9.39
4/11/2022 18:00,8.03,9.34
4/11/2022 19:00,7.26,9.68
4/11/2022 20:00,7.49,9.52
4/11/2022 21:00,5.9,9.33
4/11/2022 22:00,4.18,8.92
4/11/2022 23:00,4.25,8.4
5/11/2022 0:00,3.72,8.18
5/11/2022 1:00,5.46,7.96
5/11/2022 2:00,6.21,7.78
5/11/2022 3:00,6.14,7.64
5/11/2022 4:00,4.94,7.72
5/11/2022 5:00,5.12,7.91
5/11/2022 6:00,6.86,8.22
5/11/2022 7:00,8.18,9.84
5/11/2022 8:00,8.69,10.9
5/11/2022 9:00,8.78,10.98
5/11/2022 10:00,8.22,10.22
5/11/2022 11:00,7.54,9.87
5/11/2022 12:00,7.14,10.27
5/11/2022 13:00,7.42,10.23
5/11/2022 14:00,7.44,9.94
5/11/2022 15:00,6.91,9.68
5/11/2022 16:00,6.17,9.85
5/11/2022 17:00,6.34,10.08
5/11/2022 18:00,6.85,9.48
5/11/2022 19:00,6.88,9.75
5/11/2022 20:00,7.49,9.54
5/11/2022 21:00,6.43,9.05
5/11/2022 22:00,6.08,8.75
5/11/2022 23:00,5.24,8.45
6/11/2022 0:00,5.01,8.29
6/11/2022 1:00,4.59,7.96
6/11/2022 2:00,4.58,7.87
6/11/2022 3:00,4.57,7.87
6/11/2022 4:00,3.48,7.88
6/11/2022 5:00,3.23,7.98
6/11/2022 6:00,4.22,8.3
6/11/2022 7:00,5.34,9.45
6/11/2022 8:00,6.99,10.79
6/11/2022 9:00,7.92,11.55
6/11/2022 10:00,7.71,11.06
6/11/2022 11:00,8.62,10.77
6/11/2022 12:00,8.15,10.99
6/11/2022 13:00,8.26,10.48
6/11/2022 14:00,8.21,9.95
6/11/2022 15:00,7.48,9.57
6/11/2022 16:00,7.42,9.79
6/11/2022 17:00,6.38,10
6/11/2022 18:00,5.91,10.13
6/11/2022 19:00,6.54,10.21
6/11/2022 20:00,6.11,9.62
6/11/2022 21:00,5.3,9.55
6/11/2022 22:00,6.56,8.73
6/11/2022 23:00,14.98,8.43
7/11/2022 0:00,4.65,7.91
7/11/2022 1:00,4.76,7.94
7/11/2022 2:00,5.52,7.81
7/11/2022 3:00,4.18,7.83
7/11/2022 4:00,4.56,7.86
7/11/2022 5:00,4.89,8.01
7/11/2022 6:00,7.71,9.73
7/11/2022 7:00,10.33,10.87
7/11/2022 8:00,10.27,10.57
7/11/2022 9:00,10.25,10.07
7/11/2022 10:00,9.19,9.57
7/11/2022 11:00,8.78,9.23
7/11/2022 12:00,9.29,9.6
7/11/2022 13:00,9.01,9.63
7/11/2022 14:00,9.87,9.69
7/11/2022 15:00,8.99,9.47
7/11/2022 16:00,7.2,9.65
7/11/2022 17:00,7.63,9.58
7/11/2022 18:00,7.32,9.3
7/11/2022 19:00,7.46,9.82
7/11/2022 20:00,8.07,9.71
7/11/2022 21:00,7.26,9.56
7/11/2022 22:00,5.81,8.78
7/11/2022 23:00,5.31,8.6
8/11/2022 0:00,4.89,8.07
8/11/2022 1:00,19.39,8.01
8/11/2022 2:00,3.45,7.92
8/11/2022 3:00,2.33,7.86
8/11/2022 4:00,2.78,8.02
8/11/2022 5:00,3.52,8.26
8/11/2022 6:00,7.5,9.36
8/11/2022 7:00,11.1,10.99
8/11/2022 8:00,10.52,10.67
8/11/2022 9:00,9.28,9.96
8/11/2022 10:00,10.04,9.41
8/11/2022 11:00,9.44,9.48
8/11/2022 12:00,9.89,9.59
8/11/2022 13:00,9.24,9.43
8/11/2022 14:00,9.39,9.72
8/11/2022 15:00,8.82,9.4
8/11/2022 16:00,7.77,9.5
8/11/2022 17:00,7.8,9.57
8/11/2022 18:00,6.65,9.75
8/11/2022 19:00,6.44,9.82
8/11/2022 20:00,7.97,9.86
8/11/2022 21:00,6.69,9.34
8/11/2022 22:00,4.97,9.13
8/11/2022 23:00,4.88,8.54
9/11/2022 0:00,4.42,8.2
9/11/2022 1:00,4.05,7.9
9/11/2022 2:00,4.1,7.85
9/11/2022 3:00,4.09,7.89
9/11/2022 4:00,4.08,7.88
9/11/2022 5:00,4.71,8.3
9/11/2022 6:00,6.67,9.14
9/11/2022 7:00,8.53,10.78
9/11/2022 8:00,8.24,10.17
9/11/2022 9:00,9.09,9.69
9/11/2022 10:00,8.45,9.49
9/11/2022 11:00,9.23,9.06
9/11/2022 12:00,8.75,9.38
9/11/2022 13:00,9.03,9.64
9/11/2022 14:00,9.96,9.5
9/11/2022 15:00,9.32,9.12
9/11/2022 16:00,8.85,9.41
9/11/2022 17:00,7.79,9.24
9/11/2022 18:00,7.46,9.77
9/11/2022 19:00,7.53,10.12
9/11/2022 20:00,7.92,9.92
9/11/2022 21:00,6.4,9.62
9/11/2022 22:00,4.41,9.18
9/11/2022 23:00,4.02,8.57
10/11/2022 0:00,3.76,8.22
10/11/2022 1:00,3.4,7.94
10/11/2022 2:00,4.67,7.79
10/11/2022 3:00,5.59,7.78
10/11/2022 4:00,4.94,7.85
10/11/2022 5:00,5.06,8.02
10/11/2022 6:00,7.72,9.52
10/11/2022 7:00,10,10.4
10/11/2022 8:00,9.12,10.01
10/11/2022 9:00,9.45,9.5
10/11/2022 10:00,9.83,9.39
10/11/2022 11:00,8.54,9.01
10/11/2022 12:00,8.51,9.12
10/11/2022 13:00,8.65,9.55
10/11/2022 14:00,9.01,9.17
10/11/2022 15:00,8.4,8.93
10/11/2022 16:00,7.05,9.15
10/11/2022 17:00,7.61,9.44
10/11/2022 18:00,6.84,9.48
10/11/2022 19:00,7.06,9.45
10/11/2022 20:00,7.52,10.19
10/11/2022 21:00,6.74,9.58
10/11/2022 22:00,4.97,9.22
10/11/2022 23:00,5.96,8.77
11/11/2022 0:00,4.53,8.06
11/11/2022 1:00,3.99,7.98
11/11/2022 2:00,3.63,7.79
11/11/2022 3:00,2.44,7.84
11/11/2022 4:00,3.41,7.88
11/11/2022 5:00,2.98,8.09
11/11/2022 6:00,5.64,9.37
11/11/2022 7:00,7.8,10.38
11/11/2022 8:00,9.65,10.7
11/11/2022 9:00,10.43,10.57
11/11/2022 10:00,9.63,9.27
11/11/2022 11:00,10.32,9.6
11/11/2022 12:00,10.86,9.64
11/11/2022 13:00,9.59,9.45
11/11/2022 14:00,9.03,9.34
11/11/2022 15:00,7.61,9.62
11/11/2022 16:00,8.37,9.52
11/11/2022 17:00,7.81,9.83
11/11/2022 18:00,6.06,9.84
11/11/2022 19:00,6.88,9.97
11/11/2022 20:00,6.55,10.05
11/11/2022 21:00,5.9,9.54
11/11/2022 22:00,5.24,9.06
11/11/2022 23:00,4.75,8.84
12/11/2022 0:00,4.42,8.37
12/11/2022 1:00,4.15,8.13
12/11/2022 2:00,5.28,8
12/11/2022 3:00,4.94,7.98
12/11/2022 4:00,3.93,NaN
12/11/2022 5:00,3.96,8.09
12/11/2022 6:00,4.97,8.64
12/11/2022 7:00,7.24,9.92
12/11/2022 8:00,7.92,10.65
12/11/2022 9:00,9.05,11.28
12/11/2022 10:00,7.55,10.35
12/11/2022 11:00,6.46,10.24
12/11/2022 12:00,6.63,9.91
12/11/2022 13:00,7.04,10.41
12/11/2022 14:00,6.3,10.07
12/11/2022 15:00,5.98,9.93
12/11/2022 16:00,7.55,10.2
12/11/2022 17:00,6.52,9.57
12/11/2022 18:00,7.39,9.67
12/11/2022 19:00,6.82,9.46
12/11/2022 20:00,6.88,9.68
12/11/2022 21:00,6.41,9.19
12/11/2022 22:00,5.23,8.88
12/11/2022 23:00,5.16,8.73
13/11/2022 00:00,3.93,8.4
13/11/2022 01:00,3.1,8.05
13/11/2022 02:00,2.9,7.89
13/11/2022 03:00,2.67,7.82
13/11/2022 04:00,2.61,7.96
13/11/2022 05:00,3.55,7.96
13/11/2022 06:00,5.18,8.25
13/11/2022 07:00,7.03,9.66
13/11/2022 08:00,8.55,10.51
13/11/2022 09:00,8.22,12.18
13/11/2022 10:00,9.02,11.6
13/11/2022 11:00,8.24,10.82
13/11/2022 12:00,6.86,11.19
13/11/2022 13:00,6.39,10.41
13/11/2022 14:00,7.21,10.35
13/11/2022 15:00,5.94,10.05
13/11/2022 16:00,5.31,9.7
13/11/2022 17:00,5.21,9.98
13/11/2022 18:00,5.49,10.01
13/11/2022 19:00,6.91,10.01
13/11/2022 20:00,6.99,9.9
13/11/2022 21:00,6.29,9.54
13/11/2022 22:00,8.08,8.93
13/11/2022 23:00,15.97,8.81
14/11/2022 00:00,4.35,8.09
14/11/2022 01:00,4.88,7.91
14/11/2022 02:00,5.36,7.96
14/11/2022 03:00,4.26,8.07
14/11/2022 04:00,3.65,7.94
14/11/2022 05:00,3.43,8.24
14/11/2022 06:00,5.73,9.35
14/11/2022 07:00,7.95,10.37
14/11/2022 08:00,9.08,10.44
14/11/2022 09:00,8.83,9.73
14/11/2022 10:00,8.3,9.87
14/11/2022 11:00,9.8,9.62
14/11/2022 12:00,10.28,9.61
14/11/2022 13:00,9.19,9.71
14/11/2022 14:00,9.54,9.28
14/11/2022 15:00,10.11,9.26
14/11/2022 16:00,7.09,9.37
14/11/2022 17:00,7.83,8.93
14/11/2022 18:00,6.24,9.44
14/11/2022 19:00,6.71,9.73
14/11/2022 20:00,6.98,10.37
14/11/2022 21:00,4.78,9.59
14/11/2022 22:00,4.48,9.09
14/11/2022 23:00,4.75,8.66
15/11/2022 00:00,4.09,8.09
15/11/2022 01:00,18.33,7.92
15/11/2022 02:00,4.91,7.95
15/11/2022 03:00,6.14,7.98
15/11/2022 04:00,3.69,7.98
15/11/2022 05:00,4.09,8.16
15/11/2022 06:00,7.15,9.22
15/11/2022 07:00,9.84,10.69
15/11/2022 08:00,9.61,10.13
15/11/2022 09:00,8.64,10.3
15/11/2022 10:00,9.64,9.6
15/11/2022 11:00,9.16,9.37
15/11/2022 12:00,8.34,9.66
15/11/2022 13:00,9.18,9.69
15/11/2022 14:00,9.41,9.83
15/11/2022 15:00,8.49,9.94
15/11/2022 16:00,7.63,9.98
15/11/2022 17:00,8.05,9.71
15/11/2022 18:00,8.54,10.19
15/11/2022 19:00,7.97,10.26
15/11/2022 20:00,8.01,10.09
15/11/2022 21:00,6.14,9.58
15/11/2022 22:00,6.07,9.13
15/11/2022 23:00,5.27,8.63
16/11/2022 00:00,4.41,8.38
16/11/2022 01:00,3.19,8.11
16/11/2022 02:00,2.7,8.05
16/11/2022 03:00,2.62,8.05
16/11/2022 04:00,2.69,8.06
16/11/2022 05:00,4.18,8.28
16/11/2022 06:00,7.15,9.64
16/11/2022 07:00,8.7,11.13
16/11/2022 08:00,10.04,9.84
16/11/2022 09:00,11.51,9.61
16/11/2022 10:00,9.37,9.71
16/11/2022 11:00,9.28,9.27
16/11/2022 12:00,10.84,10.06
16/11/2022 13:00,8.83,9.64
16/11/2022 14:00,9.53,9.42
16/11/2022 15:00,9.53,9.29
16/11/2022 16:00,7.39,9.38
16/11/2022 17:00,6.55,9.21
16/11/2022 18:00,7.04,9.64
16/11/2022 19:00,7.03,9.97
16/11/2022 20:00,5.85,10.13
16/11/2022 21:00,5.02,9.63
16/11/2022 22:00,5.76,9.03
16/11/2022 23:00,4.86,8.58
17/11/2022 00:00,4.41,8.24
17/11/2022 01:00,5.33,8.02
17/11/2022 02:00,5.6,7.84
17/11/2022 03:00,4.92,8.02
17/11/2022 04:00,4.79,8
17/11/2022 05:00,4.9,8.16
17/11/2022 06:00,6.67,9.23
17/11/2022 07:00,8.98,10.94
17/11/2022 08:00,9.48,10.42
17/11/2022 09:00,8.13,10.04
17/11/2022 10:00,8.66,9.78
17/11/2022 11:00,10.2,9.64
17/11/2022 12:00,7.94,9.76
17/11/2022 13:00,8.22,9.68
17/11/2022 14:00,10.28,9.34
17/11/2022 15:00,7.76,9.59
17/11/2022 16:00,8.91,9.5
17/11/2022 17:00,8.68,9.24
17/11/2022 18:00,7.89,9.32
17/11/2022 19:00,6.98,9.78
17/11/2022 20:00,7.67,10.01
17/11/2022 21:00,7.25,9.65
17/11/2022 22:00,5.46,9.09
17/11/2022 23:00,4.85,8.69
18/11/2022 00:00,4.92,8.18
18/11/2022 01:00,3.85,7.98
18/11/2022 02:00,4.4,7.91
18/11/2022 03:00,3.44,7.9
18/11/2022 04:00,4.77,8.17
18/11/2022 05:00,5.26,8.17
18/11/2022 06:00,6.31,8.9
18/11/2022 07:00,7.71,10.43
18/11/2022 08:00,8.62,10.53
18/11/2022 09:00,9.07,10.18
18/11/2022 10:00,9.02,9.7
18/11/2022 11:00,9.62,8.82
18/11/2022 12:00,9,9.23
18/11/2022 13:00,8.32,9.53
18/11/2022 14:00,7.49,9.67
18/11/2022 15:00,8.02,9.73
18/11/2022 16:00,9.83,9.3
18/11/2022 17:00,8.44,9.4
18/11/2022 18:00,6.45,9.75
18/11/2022 19:00,6.41,9.87
18/11/2022 20:00,6.38,9.72
18/11/2022 21:00,6.88,9.12
18/11/2022 22:00,5.14,8.97
18/11/2022 23:00,4.26,8.76
19/11/2022 00:00,4.04,8.52
19/11/2022 01:00,3.78,8.23
19/11/2022 02:00,4.87,8.1
19/11/2022 03:00,6.57,7.94
19/11/2022 04:00,5.49,8.12
19/11/2022 05:00,4.27,8.22
19/11/2022 06:00,4.06,8.55
19/11/2022 07:00,5.58,10.09
19/11/2022 08:00,7.88,10.78
19/11/2022 09:00,8.32,11.25
19/11/2022 10:00,8.1,10.97
19/11/2022 11:00,6.79,10.62
19/11/2022 12:00,6.51,10.64
19/11/2022 13:00,8.11,10.19
19/11/2022 14:00,6.77,10.45
19/11/2022 15:00,6.8,9.98
19/11/2022 16:00,6.61,10.42
19/11/2022 17:00,6.6,9.78
19/11/2022 18:00,7.41,10.01
19/11/2022 19:00,6.38,9.97
19/11/2022 20:00,6.58,10.09
19/11/2022 21:00,5.43,9.1
19/11/2022 22:00,3.87,9.08
19/11/2022 23:00,3.11,8.71
20/11/2022 00:00,2.75,8.45
20/11/2022 01:00,2.52,8.13
20/11/2022 02:00,2.2,8
20/11/2022 03:00,2.46,7.87
20/11/2022 04:00,3.54,7.81
20/11/2022 05:00,3.66,8.07
20/11/2022 06:00,4.94,8.33
20/11/2022 07:00,6.42,9.1
20/11/2022 08:00,8.08,10.03
20/11/2022 09:00,8.2,10.96
20/11/2022 10:00,7.75,11.32
20/11/2022 11:00,7.72,10.61
20/11/2022 12:00,6.72,10.86
20/11/2022 13:00,5.83,10.42
20/11/2022 14:00,6.52,NaN
20/11/2022 15:00,6.04,10.24
20/11/2022 16:00,4.92,10.16
20/11/2022 17:00,4.75,9.99
20/11/2022 18:00,5.03,9.98
20/11/2022 19:00,6.28,10.24
20/11/2022 20:00,6.63,9.84
20/11/2022 21:00,6.34,9.92
20/11/2022 22:00,8.8,9.03
20/11/2022 23:00,16.56,8.77
21/11/2022 00:00,4.4,8.03
21/11/2022 01:00,4.09,7.99
21/11/2022 02:00,5.11,7.88
21/11/2022 03:00,4.24,7.88
21/11/2022 04:00,4.07,7.89
21/11/2022 05:00,3.55,8.36
21/11/2022 06:00,4.83,9.44
21/11/2022 07:00,7.75,10.48
21/11/2022 08:00,9.46,10.63
21/11/2022 09:00,9.86,9.98
21/11/2022 10:00,10.56,9.72
21/11/2022 11:00,10.52,9.53
21/11/2022 12:00,10.16,9.98
21/11/2022 13:00,10,10.19
21/11/2022 14:00,11,9.72
21/11/2022 15:00,9.39,9.38
21/11/2022 16:00,7.65,9.68
21/11/2022 17:00,7.77,9.43
21/11/2022 18:00,7.06,9.36
21/11/2022 19:00,7.48,10.37
21/11/2022 20:00,7.17,10.26
21/11/2022 21:00,5.49,9.87
21/11/2022 22:00,4.26,8.98
21/11/2022 23:00,2.03,8.76
22/11/2022 00:00,3.07,8.27
22/11/2022 01:00,17.86,8.05
22/11/2022 02:00,3.65,7.86
22/11/2022 03:00,4.93,7.96
22/11/2022 04:00,4.08,7.93
22/11/2022 05:00,4.11,8.07
22/11/2022 06:00,6.25,9.04
22/11/2022 07:00,8.61,10.24
22/11/2022 08:00,8.58,10.11
22/11/2022 09:00,8.78,9.61
22/11/2022 10:00,9.08,9.66
22/11/2022 11:00,7.73,9.33
22/11/2022 12:00,8.59,9.23
22/11/2022 13:00,8.33,9.8
22/11/2022 14:00,8.77,9.28
22/11/2022 15:00,7.17,9.94
22/11/2022 16:00,6.97,9.25
22/11/2022 17:00,6.79,9.29
22/11/2022 18:00,7.67,9.93
22/11/2022 19:00,7.29,10.27
22/11/2022 20:00,7.8,10.1
22/11/2022 21:00,6.49,9.97
22/11/2022 22:00,4.98,9.45
22/11/2022 23:00,5.15,8.65
23/11/2022 00:00,4.84,8.31
23/11/2022 01:00,4.53,8.19
23/11/2022 02:00,4.39,8.12
23/11/2022 03:00,3.07,7.96
23/11/2022 04:00,2.82,8.07
23/11/2022 05:00,3.41,8.39
23/11/2022 06:00,5.72,9.44
23/11/2022 07:00,8.49,11.09
23/11/2022 08:00,8.4,10.54
23/11/2022 09:00,9.06,9.9
23/11/2022 10:00,9.02,9.76
23/11/2022 11:00,8.68,9.57
23/11/2022 12:00,8.18,9.55
23/11/2022 13:00,8.52,9.9
23/11/2022 14:00,8.86,9.79
23/11/2022 15:00,7.78,9.7
23/11/2022 16:00,7.46,9.4
23/11/2022 17:00,6.63,9.5
23/11/2022 18:00,6.18,9.76
23/11/2022 19:00,7.55,10.18
23/11/2022 20:00,7.48,10.22
23/11/2022 21:00,6.29,10.05
23/11/2022 22:00,4.89,9.53
23/11/2022 23:00,4.46,8.96
24/11/2022 00:00,4.28,8.25
24/11/2022 01:00,4.27,8.05
24/11/2022 02:00,4.87,8.07
24/11/2022 03:00,3.52,8.11
24/11/2022 04:00,2.67,8
24/11/2022 05:00,2.57,8.27
24/11/2022 06:00,5.26,9.67
24/11/2022 07:00,7.35,10.65
24/11/2022 08:00,8.2,10.64
24/11/2022 09:00,9.19,10.19
24/11/2022 10:00,9.04,9.9
24/11/2022 11:00,8.65,9.77
24/11/2022 12:00,8.37,9.51
24/11/2022 13:00,9.12,9.9
24/11/2022 14:00,9.01,9.81
24/11/2022 15:00,8.38,9.79
24/11/2022 16:00,7.53,9.75
24/11/2022 17:00,NaN,9.8
24/11/2022 18:00,5.64,9.93
24/11/2022 19:00,6.4,9.98
24/11/2022 20:00,5.66,10.22
24/11/2022 21:00,4.06,9.68
24/11/2022 22:00,3.4,9.44
24/11/2022 23:00,3.81,8.83
25/11/2022 00:00,3.97,8.41
25/11/2022 01:00,4.03,8.06
25/11/2022 02:00,5.07,8.08
25/11/2022 03:00,3.92,7.99
25/11/2022 04:00,3.84,8.11
25/11/2022 05:00,4.28,8.36
25/11/2022 06:00,5.86,9.35
25/11/2022 07:00,7.99,10.5
25/11/2022 08:00,7.8,10.31
25/11/2022 09:00,8.83,9.96
25/11/2022 10:00,8.25,9.73
25/11/2022 11:00,7.83,9.48
25/11/2022 12:00,8.1,9.47
25/11/2022 13:00,8.53,9.56
25/11/2022 14:00,8.01,9.5
25/11/2022 15:00,7,9.59
25/11/2022 16:00,6.64,9.48
25/11/2022 17:00,6.89,9.78
25/11/2022 18:00,7.15,9.79
25/11/2022 19:00,7.09,9.89
25/11/2022 20:00,6.52,9.8
25/11/2022 21:00,5.68,9.36
25/11/2022 22:00,4.99,9.2
25/11/2022 23:00,4.92,8.93
26/11/2022 00:00,4.28,8.65
26/11/2022 01:00,4.32,8.25
26/11/2022 02:00,4.29,8.1
26/11/2022 03:00,3.81,8.02
26/11/2022 04:00,2.98,8.03
26/11/2022 05:00,3.07,8.23
26/11/2022 06:00,4.59,8.71
26/11/2022 07:00,6.8,9.82
26/11/2022 08:00,8,10.63
26/11/2022 09:00,8.1,11.46
26/11/2022 10:00,7.97,11.3
26/11/2022 11:00,7.99,10.79
26/11/2022 12:00,7.24,10.71
26/11/2022 13:00,6.74,10.95
26/11/2022 14:00,6.41,10.26
26/11/2022 15:00,6.14,9.98
26/11/2022 16:00,5.33,10.18
26/11/2022 17:00,4.61,10.38
26/11/2022 18:00,4.79,10.36
26/11/2022 19:00,5.56,9.97
26/11/2022 20:00,6.42,9.78
26/11/2022 21:00,5.42,9.44
26/11/2022 22:00,4.75,9.02
26/11/2022 23:00,4.36,8.76
27/11/2022 00:00,3.81,8.45
27/11/2022 01:00,3.8,8.24
27/11/2022 02:00,3.53,8.2
27/11/2022 03:00,3.48,8
27/11/2022 04:00,3.6,8.01
27/11/2022 05:00,3.57,8.16
27/11/2022 06:00,3.98,8.53
27/11/2022 07:00,5.42,9.49
27/11/2022 08:00,6.17,10.7
27/11/2022 09:00,7.15,11.99
27/11/2022 10:00,7.41,11.83
27/11/2022 11:00,6.4,11.01
27/11/2022 12:00,6.1,10.85
27/11/2022 13:00,5.22,10.7
27/11/2022 14:00,5.75,9.71
27/11/2022 15:00,5.45,10.29
27/11/2022 16:00,5.43,9.92
27/11/2022 17:00,6.48,10.18
27/11/2022 18:00,6.35,10.1
27/11/2022 19:00,6.65,10.17
27/11/2022 20:00,6.61,10.18
27/11/2022 21:00,5.63,9.71
27/11/2022 22:00,7.75,9.3
27/11/2022 23:00,13.72,8.73
28/11/2022 00:00,3.62,8.39
28/11/2022 01:00,2.38,8.18
28/11/2022 02:00,3.55,8.1
28/11/2022 03:00,2.36,8.01
28/11/2022 04:00,2.33,8.26
28/11/2022 05:00,2.93,8.41
28/11/2022 06:00,5.35,9.89
28/11/2022 07:00,8.54,11.02
28/11/2022 08:00,8.88,10.54
28/11/2022 09:00,8.7,10.48
28/11/2022 10:00,7.96,10.21
28/11/2022 11:00,7.72,9.59
28/11/2022 12:00,8.37,9.56
28/11/2022 13:00,8.84,10.09
28/11/2022 14:00,9.38,9.8
28/11/2022 15:00,8.63,9.9
28/11/2022 16:00,8.25,9.93
28/11/2022 17:00,7.37,9.52
28/11/2022 18:00,6.7,9.68
28/11/2022 19:00,7.12,10.18
28/11/2022 20:00,7.35,9.92
28/11/2022 21:00,6.46,9.74
28/11/2022 22:00,5.03,9.27
28/11/2022 23:00,4.39,8.8
29/11/2022 00:00,4.37,8.54
29/11/2022 01:00,16.46,8.26
29/11/2022 02:00,3.12,8.16
29/11/2022 03:00,3.46,8.1
29/11/2022 04:00,2.34,8.13
29/11/2022 05:00,2.57,8.38
29/11/2022 06:00,5.79,9.42
29/11/2022 07:00,8.38,10.87
29/11/2022 08:00,8.62,10.7
29/11/2022 09:00,9.53,9.99
29/11/2022 10:00,9.91,9.71
29/11/2022 11:00,9.97,9.77
29/11/2022 12:00,9.26,9.57
29/11/2022 13:00,8.46,9.7
29/11/2022 14:00,8.64,9.48
29/11/2022 15:00,7.8,9.65
29/11/2022 16:00,7.34,9.87
29/11/2022 17:00,7.13,9.59
29/11/2022 18:00,5.49,9.97
29/11/2022 19:00,5.95,10.45
29/11/2022 20:00,6.97,9.96
29/11/2022 21:00,5.64,9.94
29/11/2022 22:00,5.01,9.48
29/11/2022 23:00,4.53,8.93
30/11/2022 00:00,4.58,8.35
30/11/2022 01:00,4.51,8.15
30/11/2022 02:00,4.38,8.13
30/11/2022 03:00,4.21,8.09
30/11/2022 04:00,4.26,8.26
30/11/2022 05:00,5.26,8.47
30/11/2022 06:00,6.63,9.73
30/11/2022 07:00,8.32,10.42
30/11/2022 08:00,7.74,10.54
30/11/2022 09:00,8.79,10.19
30/11/2022 10:00,8.45,9.65
30/11/2022 11:00,8.07,9.8
30/11/2022 12:00,7.89,9.69
30/11/2022 13:00,7.68,9.29
30/11/2022 14:00,8.66,9.65
30/11/2022 15:00,7.31,9.69
30/11/2022 16:00,6.79,9.68
30/11/2022 17:00,6.94,9.69
30/11/2022 18:00,6.57,9.92
30/11/2022 19:00,7.03,10.22
30/11/2022 20:00,6.45,10.16
30/11/2022 21:00,5.4,10.22
30/11/2022 22:00,4.74,9.43
30/11/2022 23:00,4.11,8.85
1/12/2022 0:00,3.82,8.43
1/12/2022 1:00,3.74,8.24
1/12/2022 2:00,4.57,8.16
1/12/2022 3:00,4.77,8.06
1/12/2022 4:00,3.01,8.24
1/12/2022 5:00,2.47,8.48
1/12/2022 6:00,4.83,9.37
1/12/2022 7:00,7.08,10.81
1/12/2022 8:00,7.8,10.66
1/12/2022 9:00,8.08,9.8
1/12/2022 10:00,8.71,10.18
1/12/2022 11:00,9.4,9.46
1/12/2022 12:00,9.35,9.6
1/12/2022 13:00,8.75,9.83
1/12/2022 14:00,8.97,9.84
1/12/2022 15:00,9.26,9.87
1/12/2022 16:00,7.93,9.68
1/12/2022 17:00,7.25,9.35
1/12/2022 18:00,6.74,9.86
1/12/2022 19:00,6.08,9.98
1/12/2022 20:00,8.11,9.97
1/12/2022 21:00,8.15,9.56
1/12/2022 22:00,3.96,9.33
1/12/2022 23:00,3.5,8.69
2/12/2022 0:00,3.59,8.41
2/12/2022 1:00,4.45,8.23
2/12/2022 2:00,5.59,8.08
2/12/2022 3:00,4.38,8.1
2/12/2022 4:00,4.1,8.28
2/12/2022 5:00,3.94,8.44
2/12/2022 6:00,5.87,9.23
2/12/2022 7:00,7.9,10.84
2/12/2022 8:00,8.62,10.53
2/12/2022 9:00,9.05,10.49
2/12/2022 10:00,9.25,10.07
2/12/2022 11:00,8.08,9.91
2/12/2022 12:00,7.41,9.82
2/12/2022 13:00,7.89,9.8
2/12/2022 14:00,8.71,9.88
2/12/2022 15:00,7.8,9.83
2/12/2022 16:00,6.29,9.96
2/12/2022 17:00,6.8,9.73
2/12/2022 18:00,6.52,9.77
2/12/2022 19:00,6.97,10.08
2/12/2022 20:00,7.13,10.25
2/12/2022 21:00,6.16,9.66
2/12/2022 22:00,5.4,9.35
2/12/2022 23:00,4.62,9.01
3/12/2022 0:00,4.39,8.64
3/12/2022 1:00,4.07,8.49
3/12/2022 2:00,4.92,8.34
3/12/2022 3:00,3.86,8.32
3/12/2022 4:00,2.57,8.31
3/12/2022 5:00,2.68,8.38
3/12/2022 6:00,4.46,8.83
3/12/2022 7:00,6.04,9.89
3/12/2022 8:00,8.31,10.75
3/12/2022 9:00,8.32,10.91
3/12/2022 10:00,8.04,10.7
3/12/2022 11:00,8.05,10.51
3/12/2022 12:00,7.81,10.67
3/12/2022 13:00,7.13,10.78
3/12/2022 14:00,7.39,10.18
3/12/2022 15:00,6.35,9.73
3/12/2022 16:00,5.55,9.82
3/12/2022 17:00,5.65,10.19
3/12/2022 18:00,5.13,10.39
3/12/2022 19:00,5.59,10.2
3/12/2022 20:00,5.2,10.03
3/12/2022 21:00,4.93,9.48
3/12/2022 22:00,5.23,9.04
3/12/2022 23:00,4.77,8.99
4/12/2022 0:00,4.64,8.61
4/12/2022 1:00,4.25,8.3
4/12/2022 2:00,4.48,8.22
4/12/2022 3:00,4.69,8.32
4/12/2022 4:00,4.61,8.27
4/12/2022 5:00,4.64,8.34
4/12/2022 6:00,5.36,8.39
4/12/2022 7:00,6.16,9.34
4/12/2022 8:00,7.06,10.62
4/12/2022 9:00,6.89,11.77
4/12/2022 10:00,7.73,11.47
4/12/2022 11:00,6.89,11.2
4/12/2022 12:00,6.64,10.96
4/12/2022 13:00,6.15,10.7
4/12/2022 14:00,6.21,10.69
4/12/2022 15:00,5.4,10.26
4/12/2022 16:00,5.31,10.1
4/12/2022 17:00,6.05,9.92
4/12/2022 18:00,6.48,10.14
4/12/2022 19:00,6.85,10.75
4/12/2022 20:00,6.82,10.27
4/12/2022 21:00,6.34,10.1
4/12/2022 22:00,8.76,9.22
4/12/2022 23:00,16.47,9.05
5/12/2022 0:00,4.19,8.54
5/12/2022 1:00,3.74,8.38
5/12/2022 2:00,4.05,8.22
5/12/2022 3:00,2.9,8.27
5/12/2022 4:00,2.99,8.3
5/12/2022 5:00,4.37,8.6
5/12/2022 6:00,6.09,9.68
5/12/2022 7:00,8.17,10.79
5/12/2022 8:00,9.1,10.69
5/12/2022 9:00,8.32,10.43
5/12/2022 10:00,8.86,9.98
5/12/2022 11:00,8.72,9.89
5/12/2022 12:00,8.73,9.75
5/12/2022 13:00,8.24,10.14
5/12/2022 14:00,7.98,9.76
5/12/2022 15:00,8.01,9.89
5/12/2022 16:00,6.8,9.71
5/12/2022 17:00,6.51,9.55
5/12/2022 18:00,4.84,9.71
5/12/2022 19:00,6.29,10.32
5/12/2022 20:00,6.99,10.29
5/12/2022 21:00,6.5,9.75
5/12/2022 22:00,4.57,9.59
5/12/2022 23:00,4.19,8.94
6/12/2022 0:00,4.14,8.55
6/12/2022 1:00,16.78,8.33
6/12/2022 2:00,4.53,8.31
6/12/2022 3:00,4.94,8.17
6/12/2022 4:00,3.98,8.22
6/12/2022 5:00,3.85,8.65
6/12/2022 6:00,5.3,9.61
6/12/2022 7:00,7.65,10.54
6/12/2022 8:00,8.03,10.68
6/12/2022 9:00,7.47,10.65
6/12/2022 10:00,7.8,10.36
6/12/2022 11:00,7.82,9.48
6/12/2022 12:00,8.02,9.8
6/12/2022 13:00,7.76,9.93
6/12/2022 14:00,9.49,9.94
6/12/2022 15:00,8.52,10.16
6/12/2022 16:00,7.08,9.77
6/12/2022 17:00,7.11,9.69
6/12/2022 18:00,7.19,9.62
6/12/2022 19:00,7.4,10.23
6/12/2022 20:00,7.02,10.11
6/12/2022 21:00,6.05,10.07
6/12/2022 22:00,5.24,9.66
6/12/2022 23:00,4.39,8.83
7/12/2022 0:00,4.12,8.47
7/12/2022 1:00,4.02,8.18
7/12/2022 2:00,3.88,8.23
7/12/2022 3:00,3.33,8.25
7/12/2022 4:00,2.57,8.25
7/12/2022 5:00,2.83,8.47
7/12/2022 6:00,4.5,9.6
7/12/2022 7:00,7.25,11.09
7/12/2022 8:00,7.31,10.64
7/12/2022 9:00,8.36,10.53
7/12/2022 10:00,8.91,10.31
7/12/2022 11:00,8.95,9.6
7/12/2022 12:00,8.68,10
7/12/2022 13:00,8.84,9.89
7/12/2022 14:00,9.68,10.24
7/12/2022 15:00,10.49,9.86
7/12/2022 16:00,7.22,9.79
7/12/2022 17:00,6.99,9.8
7/12/2022 18:00,6.21,10.21
7/12/2022 19:00,7.05,10.21
7/12/2022 20:00,7.11,10.16
7/12/2022 21:00,5.43,9.57
7/12/2022 22:00,3.88,9.21
7/12/2022 23:00,3.83,9.18
8/12/2022 0:00,4.54,8.68
8/12/2022 1:00,4.99,8.53
8/12/2022 2:00,5.32,8.31
8/12/2022 3:00,5.37,8.29
8/12/2022 4:00,4.19,8.34
8/12/2022 5:00,4.5,8.47
8/12/2022 6:00,5.71,8.78
8/12/2022 7:00,6.54,9.47
8/12/2022 8:00,7.13,10.41
8/12/2022 9:00,7.59,11.27
8/12/2022 10:00,7.33,11.52
8/12/2022 11:00,7.2,11.69
8/12/2022 12:00,6.84,10.77
8/12/2022 13:00,6.57,11.12
8/12/2022 14:00,6.26,10.46
8/12/2022 15:00,5.38,10.23
8/12/2022 16:00,5.07,10.18
8/12/2022 17:00,5.91,10.12
8/12/2022 18:00,6.09,9.99
8/12/2022 19:00,6.69,10.31
8/12/2022 20:00,7.05,10.23
8/12/2022 21:00,5.94,9.8
8/12/2022 22:00,5.64,9.45
8/12/2022 23:00,5.04,9.34
9/12/2022 0:00,4.47,8.88
9/12/2022 1:00,5.04,8.53
9/12/2022 2:00,6.04,8.45
9/12/2022 3:00,4.69,8.48
9/12/2022 4:00,3.91,8.58
9/12/2022 5:00,3.52,8.73
9/12/2022 6:00,5.14,9.37
9/12/2022 7:00,6.68,10.35
9/12/2022 8:00,8.28,10.58
9/12/2022 9:00,8.05,10.69
9/12/2022 10:00,8.75,10.69
9/12/2022 11:00,9.77,10.22
9/12/2022 12:00,8.06,9.94
9/12/2022 13:00,8.85,10.13
9/12/2022 14:00,8.23,10.26
9/12/2022 15:00,8.18,9.99
9/12/2022 16:00,7.27,10.15
9/12/2022 17:00,7.16,10.19
9/12/2022 18:00,6.07,NaN
9/12/2022 19:00,6.02,9.73
9/12/2022 20:00,5.66,9.95
9/12/2022 21:00,4.25,9.6
9/12/2022 22:00,3.25,9.39
9/12/2022 23:00,3.36,9.27
10/12/2022 0:00,3.5,8.73
10/12/2022 1:00,4.04,8.38
10/12/2022 2:00,4.85,8.41
10/12/2022 3:00,5.03,8.45
10/12/2022 4:00,3.92,8.4
10/12/2022 5:00,4.44,8.53
10/12/2022 6:00,5.77,8.75
10/12/2022 7:00,6.69,9.62
10/12/2022 8:00,8.21,10.82
10/12/2022 9:00,7.97,11.17
10/12/2022 10:00,7.95,11.16
10/12/2022 11:00,6.48,11.22
10/12/2022 12:00,6.71,10.63
10/12/2022 13:00,6.93,10.39
10/12/2022 14:00,6.63,10.43
10/12/2022 15:00,6.8,10.24
10/12/2022 16:00,6.49,10.05
10/12/2022 17:00,5.33,10.03
10/12/2022 18:00,6.8,10.33
10/12/2022 19:00,7.53,10.36
10/12/2022 20:00,6.35,10.11
10/12/2022 21:00,6.21,9.45
10/12/2022 22:00,5.49,9.4
10/12/2022 23:00,5.03,9.23
11/12/2022 0:00,4.6,8.96
11/12/2022 1:00,4.45,8.6
11/12/2022 2:00,3.92,8.48
11/12/2022 3:00,3.78,8.54
11/12/2022 4:00,2.35,8.46
11/12/2022 5:00,2.64,8.59
11/12/2022 6:00,3.46,8.78
11/12/2022 7:00,5.16,9.52
11/12/2022 8:00,6.39,10.71
11/12/2022 9:00,7.9,11.28
11/12/2022 10:00,8.09,11.41
11/12/2022 11:00,7.38,11.11
11/12/2022 12:00,7.38,11.54
11/12/2022 13:00,7.08,10.94
11/12/2022 14:00,6.58,10.35
11/12/2022 15:00,7.25,10.19
11/12/2022 16:00,5.54,10.27
11/12/2022 17:00,5.2,9.76
11/12/2022 18:00,5.53,10.23
11/12/2022 19:00,5.91,10.25
11/12/2022 20:00,6.07,10.42
11/12/2022 21:00,4.8,10.4
11/12/2022 22:00,7.47,9.49
11/12/2022 23:00,16.26,9.3
12/12/2022 0:00,4.34,8.88
12/12/2022 1:00,4.69,8.78
12/12/2022 2:00,5.67,8.47
12/12/2022 3:00,4.28,8.38
12/12/2022 4:00,4.35,8.64
12/12/2022 5:00,4.68,8.76
12/12/2022 6:00,6.75,10.04
12/12/2022 7:00,8.59,11.46
12/12/2022 8:00,9.41,10.78
12/12/2022 9:00,8.76,10.88
12/12/2022 10:00,9.07,10.18
12/12/2022 11:00,8.53,NaN
12/12/2022 12:00,8.55,10.24
12/12/2022 13:00,8.96,10.25
12/12/2022 14:00,9.51,10.02
12/12/2022 15:00,8.8,10.23
12/12/2022 16:00,8.53,9.99
12/12/2022 17:00,8.08,10.32
12/12/2022 18:00,7.89,10.4
12/12/2022 19:00,8.21,10.49
12/12/2022 20:00,8.01,10.23
12/12/2022 21:00,7.14,10.16
12/12/2022 22:00,5.31,9.62
12/12/2022 23:00,4.92,9.02
13/12/2022 00:00,4.44,8.76
13/12/2022 01:00,17.52,8.42
13/12/2022 02:00,3.98,8.41
13/12/2022 03:00,4.27,8.37
13/12/2022 04:00,3.25,8.59
13/12/2022 05:00,3.68,8.61
13/12/2022 06:00,6.82,9.85
13/12/2022 07:00,9.28,11.54
13/12/2022 08:00,9.14,11.41
13/12/2022 09:00,9.5,11.04
13/12/2022 10:00,10.77,10.18
13/12/2022 11:00,10.87,9.64
13/12/2022 12:00,13.55,9.82
13/12/2022 13:00,8.36,9.75
13/12/2022 14:00,8.72,9.53
13/12/2022 15:00,8.54,9.58
13/12/2022 16:00,6.58,9.86
13/12/2022 17:00,5.99,9.66
13/12/2022 18:00,6.8,10.02
13/12/2022 19:00,7.83,10.31
13/12/2022 20:00,7.94,10.48
13/12/2022 21:00,7.03,9.86
13/12/2022 22:00,6.16,9.84
13/12/2022 23:00,4.65,8.98
14/12/2022 00:00,4.52,8.56
14/12/2022 01:00,4.41,8.31
14/12/2022 02:00,4.51,8.27
14/12/2022 03:00,4.27,8.24
14/12/2022 04:00,4.55,8.35
14/12/2022 05:00,4.72,8.67
14/12/2022 06:00,6.32,9.67
14/12/2022 07:00,7.51,10.94
14/12/2022 08:00,8.01,10.76
14/12/2022 09:00,8.81,9.94
14/12/2022 10:00,8.92,9.94
14/12/2022 11:00,8.45,9.74
14/12/2022 12:00,8.21,9.95
14/12/2022 13:00,8.66,9.77
14/12/2022 14:00,10.02,9.8
14/12/2022 15:00,9.04,9.61
14/12/2022 16:00,7.8,9.46
14/12/2022 17:00,5.73,9.64
14/12/2022 18:00,6.28,9.81
14/12/2022 19:00,6.53,10.06
14/12/2022 20:00,6.67,10.28
14/12/2022 21:00,4.97,10.13
14/12/2022 22:00,2.92,9.43
14/12/2022 23:00,2.31,9.1
15/12/2022 00:00,2.06,8.67
15/12/2022 01:00,1.4,8.38
15/12/2022 02:00,3.19,8.29
15/12/2022 03:00,4.09,8.21
15/12/2022 04:00,3.03,8.41
15/12/2022 05:00,3.72,8.51
15/12/2022 06:00,6.74,9.78
15/12/2022 07:00,8.41,10.94
15/12/2022 08:00,7.93,10.4
15/12/2022 09:00,9.61,10.21
15/12/2022 10:00,10.02,9.69
15/12/2022 11:00,9.26,9.92
15/12/2022 12:00,8.71,9.79
15/12/2022 13:00,9.04,9.72
15/12/2022 14:00,9.38,9.57
15/12/2022 15:00,9.05,9.99
15/12/2022 16:00,8.33,9.96
15/12/2022 17:00,8.21,9.57
15/12/2022 18:00,8.95,9.97
15/12/2022 19:00,9.04,10.19
15/12/2022 20:00,8.75,10.21
15/12/2022 21:00,7.55,10.04
15/12/2022 22:00,6.84,9.47
15/12/2022 23:00,6.39,9.13
16/12/2022 00:00,6.06,8.53
16/12/2022 01:00,6.2,8.37
16/12/2022 02:00,7.25,8.32
16/12/2022 03:00,5.84,8.39
16/12/2022 04:00,4.69,8.47
16/12/2022 05:00,2.99,8.57
16/12/2022 06:00,5.38,9.68
16/12/2022 07:00,7.14,10.32
16/12/2022 08:00,10.27,10.41
16/12/2022 09:00,10.27,10.19
16/12/2022 10:00,8.26,9.81
16/12/2022 11:00,9.14,9.79
16/12/2022 12:00,9.06,9.72
16/12/2022 13:00,10.93,9.86
16/12/2022 14:00,10.27,9.71
16/12/2022 15:00,10.17,9.72
16/12/2022 16:00,6.94,9.56
16/12/2022 17:00,6.9,9.86
16/12/2022 18:00,6.68,10.09
16/12/2022 19:00,5.85,10.33
16/12/2022 20:00,5.45,9.96
16/12/2022 21:00,4.3,9.47
16/12/2022 22:00,3.5,9.53
16/12/2022 23:00,2.6,9.4
17/12/2022 00:00,3.8,9.12
17/12/2022 01:00,3.83,8.65
17/12/2022 02:00,5.21,8.51
17/12/2022 03:00,4.74,8.47
17/12/2022 04:00,3.69,8.48
17/12/2022 05:00,3.82,8.57
17/12/2022 06:00,4.77,8.91
17/12/2022 07:00,6.33,10.07
17/12/2022 08:00,7.75,10.83
17/12/2022 09:00,7.39,11.13
17/12/2022 10:00,7.63,11.12
17/12/2022 11:00,6.53,10.76
17/12/2022 12:00,6,10.82
17/12/2022 13:00,6.14,10.39
17/12/2022 14:00,6.21,10.23
17/12/2022 15:00,6.2,10.26
17/12/2022 16:00,5.5,10.53
17/12/2022 17:00,5.33,10.67
17/12/2022 18:00,5.68,10.75
17/12/2022 19:00,6.54,10.79
17/12/2022 20:00,6.51,10.42
17/12/2022 21:00,5.55,10.19
17/12/2022 22:00,4.76,9.85
17/12/2022 23:00,4.85,9.68
18/12/2022 00:00,4.31,9.26
18/12/2022 01:00,4.48,9.11
18/12/2022 02:00,3.63,8.78
18/12/2022 03:00,2.55,8.76
18/12/2022 04:00,2.7,8.86
18/12/2022 05:00,2.74,8.73
18/12/2022 06:00,3.9,8.96
18/12/2022 07:00,5.91,9.92
18/12/2022 08:00,6.82,10.94
18/12/2022 09:00,8.01,12.17
18/12/2022 10:00,7.56,11.99
18/12/2022 11:00,7.67,11.77
18/12/2022 12:00,7.19,11.06
18/12/2022 13:00,6.46,11.31
18/12/2022 14:00,7.01,10.88
18/12/2022 15:00,5.76,10.51
18/12/2022 16:00,4.83,10.23
18/12/2022 17:00,4.86,9.95
18/12/2022 18:00,4.61,9.98
18/12/2022 19:00,5.43,10.28
18/12/2022 20:00,5.94,10.61
18/12/2022 21:00,6.09,9.98
18/12/2022 22:00,8.14,9.62
18/12/2022 23:00,16.78,9.17
19/12/2022 00:00,4.16,8.7
19/12/2022 01:00,4.25,8.31
19/12/2022 02:00,5.37,8.38
19/12/2022 03:00,4.06,8.34
19/12/2022 04:00,3.99,8.39
19/12/2022 05:00,4.05,8.75
19/12/2022 06:00,6.39,9.92
19/12/2022 07:00,7.12,10.7
19/12/2022 08:00,8.18,10.87
19/12/2022 09:00,8.09,10.53
19/12/2022 10:00,8.82,10.12
19/12/2022 11:00,8.54,9.88
19/12/2022 12:00,7.61,9.78
19/12/2022 13:00,8.38,10.12
19/12/2022 14:00,8.45,9.98
19/12/2022 15:00,8.18,9.29
19/12/2022 16:00,8.56,9.76
19/12/2022 17:00,7.63,9.74
19/12/2022 18:00,6.96,9.87
19/12/2022 19:00,7.98,10.58
19/12/2022 20:00,7.31,10.55
19/12/2022 21:00,5.74,9.86
19/12/2022 22:00,5.21,9.74
19/12/2022 23:00,3.53,8.96
20/12/2022 00:00,3.04,8.7
20/12/2022 01:00,17.54,8.49
20/12/2022 02:00,3.65,8.36
20/12/2022 03:00,3.88,8.35
20/12/2022 04:00,3.34,8.48
20/12/2022 05:00,4.08,8.62
20/12/2022 06:00,6.19,9.7
20/12/2022 07:00,8.02,11.13
20/12/2022 08:00,8.78,10.64
20/12/2022 09:00,9.18,10.32
20/12/2022 10:00,9.4,9.97
20/12/2022 11:00,8.75,9.77
20/12/2022 12:00,8.41,9.66
20/12/2022 13:00,8.23,10.29
20/12/2022 14:00,9.38,10.23
20/12/2022 15:00,7.94,9.64
20/12/2022 16:00,7.34,9.9
20/12/2022 17:00,5.88,9.89
20/12/2022 18:00,6.54,9.91
20/12/2022 19:00,7.55,10.44
20/12/2022 20:00,8.07,10.43
20/12/2022 21:00,7.43,10.02
20/12/2022 22:00,5.81,9.86
20/12/2022 23:00,5.11,9.37
21/12/2022 00:00,5.17,8.76
21/12/2022 01:00,4.94,8.41
21/12/2022 02:00,4.67,8.39
21/12/2022 03:00,4.56,8.46
21/12/2022 04:00,4.89,8.47
21/12/2022 05:00,3.73,8.68
21/12/2022 06:00,6.53,9.8
21/12/2022 07:00,7.82,11.16
21/12/2022 08:00,8.8,10.92
21/12/2022 09:00,8.08,10.37
21/12/2022 10:00,8.62,10.18
21/12/2022 11:00,7.93,9.98
21/12/2022 12:00,8.93,9.97
21/12/2022 13:00,8.79,9.83
21/12/2022 14:00,8.36,10.04
21/12/2022 15:00,8.41,9.85
21/12/2022 16:00,7.67,9.68
21/12/2022 17:00,7.4,9.88
21/12/2022 18:00,6.48,10.01
21/12/2022 19:00,7.07,10.29
21/12/2022 20:00,6.56,10.29
21/12/2022 21:00,5.49,9.94
21/12/2022 22:00,3.92,9.42
21/12/2022 23:00,2.98,9.24
22/12/2022 00:00,2.61,8.87
22/12/2022 01:00,2.65,8.46
22/12/2022 02:00,5.06,8.43
22/12/2022 03:00,5.15,8.42
22/12/2022 04:00,4.5,8.54
22/12/2022 05:00,4.94,8.79
22/12/2022 06:00,6.42,9.98
22/12/2022 07:00,8.08,10.86
22/12/2022 08:00,8.47,10.99
22/12/2022 09:00,9.11,10.48
22/12/2022 10:00,8.7,10.13
22/12/2022 11:00,7.3,9.81
22/12/2022 12:00,7.37,9.71
22/12/2022 13:00,7.04,9.66
22/12/2022 14:00,7.69,9.85
22/12/2022 15:00,7.74,10.02
22/12/2022 16:00,6.63,10.58
22/12/2022 17:00,6.52,10.27
22/12/2022 18:00,7.06,9.99
22/12/2022 19:00,7.04,10.3
22/12/2022 20:00,8.2,10.49
22/12/2022 21:00,5.75,10.32
22/12/2022 22:00,5.03,9.66
22/12/2022 23:00,4.67,9.29
23/12/2022 00:00,4.33,8.78
23/12/2022 01:00,4.27,8.54
23/12/2022 02:00,4.94,8.47
23/12/2022 03:00,2.86,8.47
23/12/2022 04:00,2.41,8.7
23/12/2022 05:00,2.56,8.89
23/12/2022 06:00,5.27,9.72
23/12/2022 07:00,6.42,11.22
23/12/2022 08:00,7.86,11.16
23/12/2022 09:00,8.81,10.58
23/12/2022 10:00,8.88,10.52
23/12/2022 11:00,8.75,10.15
23/12/2022 12:00,8.59,10.18
23/12/2022 13:00,7.71,10.24
23/12/2022 14:00,8.69,10.18
23/12/2022 15:00,8.25,10.02
23/12/2022 16:00,6.62,10.13
23/12/2022 17:00,5.97,10.29
23/12/2022 18:00,5.17,10.25
23/12/2022 19:00,5.23,10.65
23/12/2022 20:00,5.54,10.41
23/12/2022 21:00,4.53,10.09
23/12/2022 22:00,4.15,9.8
23/12/2022 23:00,4.09,9.38
24/12/2022 00:00,4.09,9.07
24/12/2022 01:00,3.8,8.66
24/12/2022 02:00,4.8,8.58
24/12/2022 03:00,4.79,8.41
24/12/2022 04:00,3.69,8.46
24/12/2022 05:00,3.75,8.66
24/12/2022 06:00,4.99,9
24/12/2022 07:00,6.34,10.01
24/12/2022 08:00,7.25,11.08
24/12/2022 09:00,7.36,11.45
24/12/2022 10:00,6.8,11.21
24/12/2022 11:00,6.35,11.18
24/12/2022 12:00,6.28,11.19
24/12/2022 13:00,5.98,10.87
24/12/2022 14:00,7.06,10.74
24/12/2022 15:00,6.46,10.79
24/12/2022 16:00,5.06,11.35
24/12/2022 17:00,6.76,10.89
24/12/2022 18:00,6.81,11.02
24/12/2022 19:00,6.06,10.54
24/12/2022 20:00,5.94,9.78
24/12/2022 21:00,5.71,9.88
24/12/2022 22:00,5.09,9.74
24/12/2022 23:00,4.63,9.75
25/12/2022 00:00,4.22,9.38
25/12/2022 01:00,3.9,9.34
25/12/2022 02:00,2.52,8.91
25/12/2022 03:00,2.23,8.64
25/12/2022 04:00,2.25,8.66
25/12/2022 05:00,2.42,8.66
25/12/2022 06:00,4.01,8.8
25/12/2022 07:00,5.37,9.29
25/12/2022 08:00,6.5,10.42
25/12/2022 09:00,7.48,11.59
25/12/2022 10:00,8.07,12.79
25/12/2022 11:00,8.33,12.33
25/12/2022 12:00,7.34,11.85
25/12/2022 13:00,6.24,10.55
25/12/2022 14:00,5.78,10.04
25/12/2022 15:00,5.14,10.2
25/12/2022 16:00,4.57,10.5
25/12/2022 17:00,4.29,10.06
25/12/2022 18:00,4.54,10.32
25/12/2022 19:00,5.64,10.4
25/12/2022 20:00,6.4,10.42
25/12/2022 21:00,5.46,10.08
25/12/2022 22:00,8.43,9.78
25/12/2022 23:00,15.48,9.48
26/12/2022 00:00,4.24,9.05
26/12/2022 01:00,4.4,8.69
26/12/2022 02:00,5.48,8.53
26/12/2022 03:00,4.09,8.46
26/12/2022 04:00,4.09,8.51
26/12/2022 05:00,3.99,8.62
26/12/2022 06:00,4.54,8.78
26/12/2022 07:00,5.15,9.28
26/12/2022 08:00,5.61,10.39
26/12/2022 09:00,5.95,11.46
26/12/2022 10:00,6.7,11.84
26/12/2022 11:00,6.82,11.67
26/12/2022 12:00,6.03,11.34
26/12/2022 13:00,5.46,10.62
26/12/2022 14:00,6.04,10.53
26/12/2022 15:00,6.52,NaN
26/12/2022 16:00,6.79,10.03
26/12/2022 17:00,5.93,10.69
26/12/2022 18:00,5.7,9.91
26/12/2022 19:00,6.06,10.46
26/12/2022 20:00,6.25,10.19
26/12/2022 21:00,5.57,10
26/12/2022 22:00,5.02,9.46
26/12/2022 23:00,4.43,9.42
27/12/2022 00:00,3.55,9.02
27/12/2022 01:00,16.02,8.68
27/12/2022 02:00,3.37,8.61
27/12/2022 03:00,3.73,8.49
27/12/2022 04:00,2.43,8.64
27/12/2022 05:00,3.62,8.84
27/12/2022 06:00,5.7,9.33
27/12/2022 07:00,6.47,10.33
27/12/2022 08:00,8.55,10.93
27/12/2022 09:00,9.08,11.03
27/12/2022 10:00,9.1,10.93
27/12/2022 11:00,9,10.82
27/12/2022 12:00,8.5,10.65
27/12/2022 13:00,7.1,10.38
27/12/2022 14:00,7.47,10.48
27/12/2022 15:00,6.73,10.25
27/12/2022 16:00,5.89,10.13
27/12/2022 17:00,5.34,10.08
27/12/2022 18:00,5.47,10.08
27/12/2022 19:00,6.51,10.59
27/12/2022 20:00,6.71,10.29
27/12/2022 21:00,5.79,10.03
27/12/2022 22:00,5.05,9.53
27/12/2022 23:00,4.29,9.47
28/12/2022 00:00,4.33,8.98
28/12/2022 01:00,3.7,8.69
28/12/2022 02:00,3.88,8.49
28/12/2022 03:00,3.78,8.56
28/12/2022 04:00,4.13,8.59
28/12/2022 05:00,4.47,8.8
28/12/2022 06:00,5.49,9.36
28/12/2022 07:00,5.94,10.56
28/12/2022 08:00,7.26,10.92
28/12/2022 09:00,7.6,11.18
28/12/2022 10:00,7.62,10.64
28/12/2022 11:00,7.88,10.33
28/12/2022 12:00,6.91,10.51
28/12/2022 13:00,7.27,10.75
28/12/2022 14:00,8.27,10.48
28/12/2022 15:00,8.15,10.15
28/12/2022 16:00,6.77,10.1
28/12/2022 17:00,6.82,9.97
28/12/2022 18:00,6.45,10.25
28/12/2022 19:00,6.63,10.43
28/12/2022 20:00,7.16,10.42
28/12/2022 21:00,5.8,9.84
28/12/2022 22:00,3.76,9.65
28/12/2022 23:00,3.42,9.39
29/12/2022 00:00,3.05,8.97
29/12/2022 01:00,2.66,8.7
29/12/2022 02:00,4.16,8.62
29/12/2022 03:00,4.55,8.59
29/12/2022 04:00,4.42,8.61
29/12/2022 05:00,4.94,8.72
29/12/2022 06:00,6.23,9.42
29/12/2022 07:00,7.07,10.62
29/12/2022 08:00,8.1,10.77
29/12/2022 09:00,8.86,11.05
29/12/2022 10:00,9.29,10.6
29/12/2022 11:00,8.64,10.48
29/12/2022 12:00,7.53,10.71
29/12/2022 13:00,7.11,10.82
29/12/2022 14:00,7.4,10.37
29/12/2022 15:00,6.85,10.34
29/12/2022 16:00,6.26,10.14
29/12/2022 17:00,5.98,10
29/12/2022 18:00,5.24,10.01
29/12/2022 19:00,6.25,10.49
29/12/2022 20:00,6.75,10.43
29/12/2022 21:00,5.97,10.09
29/12/2022 22:00,4.79,9.93
29/12/2022 23:00,4.11,9.5
30/12/2022 00:00,4.25,9.03
30/12/2022 01:00,3.94,8.71
30/12/2022 02:00,4.92,8.62
30/12/2022 03:00,4.11,8.64
30/12/2022 04:00,NaN,8.63
30/12/2022 05:00,3.69,8.84
30/12/2022 06:00,4.18,9.46
30/12/2022 07:00,6,10.38
30/12/2022 08:00,7,10.42
30/12/2022 09:00,7.57,10.56
30/12/2022 10:00,9.16,10.87
30/12/2022 11:00,9.4,11.34
30/12/2022 12:00,7.23,11.01
30/12/2022 13:00,8.02,10.7
30/12/2022 14:00,8.7,10.29
30/12/2022 15:00,7.77,10.31
30/12/2022 16:00,6.41,10.24
30/12/2022 17:00,6.62,10.25
30/12/2022 18:00,6.37,10.56
30/12/2022 19:00,6.21,10.46
30/12/2022 20:00,6.89,10.74
30/12/2022 21:00,5.84,10.36
30/12/2022 22:00,3.4,9.84
30/12/2022 23:00,3.14,9.59
31/12/2022 00:00,2.73,9.06
31/12/2022 01:00,2.45,8.8
31/12/2022 02:00,3.16,8.53
31/12/2022 03:00,4.52,8.59
31/12/2022 04:00,3.79,8.64
31/12/2022 05:00,3.77,8.73
31/12/2022 06:00,4.68,9.28
31/12/2022 07:00,6.41,9.97
31/12/2022 08:00,7.16,10.75
31/12/2022 09:00,7.51,11.34
31/12/2022 10:00,7.84,11.39
31/12/2022 11:00,7.13,11.47
31/12/2022 12:00,7.11,10.93
31/12/2022 13:00,6.39,11.16
31/12/2022 14:00,6.79,10.74
31/12/2022 15:00,6.28,11.15
31/12/2022 16:00,6.01,11.12
31/12/2022 17:00,5.83,12.28
31/12/2022 18:00,5.39,11.41
31/12/2022 19:00,5.37,10.74
31/12/2022 20:00,5.69,10.23
31/12/2022 21:00,5.37,9.73
31/12/2022 22:00,4.25,9.79
31/12/2022 23:00,3.86,9.63
1/1/2023 0:00,3.97,9.53
1/1/2023 1:00,4.51,9.62
1/1/2023 2:00,4.24,9.51
1/1/2023 3:00,3.92,9.23
1/1/2023 4:00,3.91,8.97
1/1/2023 5:00,3.91,9
1/1/2023 6:00,4.78,9.01
1/1/2023 7:00,4.79,9.28
1/1/2023 8:00,4.89,9.85
1/1/2023 9:00,5.04,11.11
1/1/2023 10:00,5.81,11.36
1/1/2023 11:00,5.99,11.34
1/1/2023 12:00,5.54,11.47
1/1/2023 13:00,5.5,11.37
1/1/2023 14:00,6.86,10.57
1/1/2023 15:00,6.21,10.8
1/1/2023 16:00,6.29,10.45
1/1/2023 17:00,5.73,10.33
1/1/2023 18:00,5.51,10.27
1/1/2023 19:00,5.85,10.54
1/1/2023 20:00,6.44,10.57
1/1/2023 21:00,5.92,10.41
1/1/2023 22:00,8.34,9.88
1/1/2023 23:00,13.65,9.23
2/1/2023 0:00,2.54,8.95
2/1/2023 1:00,2.68,8.83
2/1/2023 2:00,3.65,8.69
2/1/2023 3:00,2.64,8.68
2/1/2023 4:00,3.77,8.82
2/1/2023 5:00,4.06,8.87
2/1/2023 6:00,5.61,9.52
2/1/2023 7:00,7.09,10.22
2/1/2023 8:00,7.93,10.47
2/1/2023 9:00,8.74,10.87
2/1/2023 10:00,8.29,10.78
2/1/2023 11:00,8.32,10.49
2/1/2023 12:00,7.94,11.23
2/1/2023 13:00,7.02,10.57
2/1/2023 14:00,7.89,10.61
2/1/2023 15:00,7.22,10.12
2/1/2023 16:00,6.12,10.3
2/1/2023 17:00,4.84,10.4
2/1/2023 18:00,4.92,10.34
2/1/2023 19:00,6.1,10.63
2/1/2023 20:00,6.65,11.05
2/1/2023 21:00,6.18,10.24
2/1/2023 22:00,5.3,9.78
2/1/2023 23:00,4.93,9.51
3/1/2023 0:00,4.41,9.11
3/1/2023 1:00,17.43,8.77
3/1/2023 2:00,5.18,8.75
3/1/2023 3:00,5.33,8.65
3/1/2023 4:00,4.39,8.69
3/1/2023 5:00,4.71,9.01
3/1/2023 6:00,4.9,9.52
3/1/2023 7:00,6.56,10.22
3/1/2023 8:00,6.56,10.74
3/1/2023 9:00,8.17,11.01
3/1/2023 10:00,7.98,10.5
3/1/2023 11:00,7.62,10.81
3/1/2023 12:00,7.39,10.51
3/1/2023 13:00,8.25,10.51
3/1/2023 14:00,8.88,10.57
3/1/2023 15:00,7.93,10.31
3/1/2023 16:00,6.87,9.9
3/1/2023 17:00,6.57,10.48
3/1/2023 18:00,6.27,10.44
3/1/2023 19:00,7.1,10.89
3/1/2023 20:00,6.84,11.04
3/1/2023 21:00,4.59,10.21
3/1/2023 22:00,3.09,9.42
3/1/2023 23:00,3.43,9.43
4/1/2023 0:00,2.68,9.16
4/1/2023 1:00,2.32,8.77
4/1/2023 2:00,3.35,8.68
4/1/2023 3:00,3.83,8.58
4/1/2023 4:00,3.86,8.68
4/1/2023 5:00,3.82,8.85
4/1/2023 6:00,6.06,9.27
4/1/2023 7:00,7.47,10.1
4/1/2023 8:00,8.77,10.89
4/1/2023 9:00,8.82,11.09
4/1/2023 10:00,8.59,11.15
4/1/2023 11:00,7.6,10.69
4/1/2023 12:00,7.4,10.52
4/1/2023 13:00,7.14,11
4/1/2023 14:00,7.61,10.53
4/1/2023 15:00,6.92,10.31
4/1/2023 16:00,6.19,10.27
4/1/2023 17:00,5.28,10.2
4/1/2023 18:00,5.81,10.24
4/1/2023 19:00,5.81,10.61
4/1/2023 20:00,6.47,10.77
4/1/2023 21:00,5.49,10.21
4/1/2023 22:00,4.42,10.07
4/1/2023 23:00,3.91,9.23
5/1/2023 0:00,3.83,9
5/1/2023 1:00,3.33,8.87
5/1/2023 2:00,4.27,8.78
5/1/2023 3:00,4.42,8.66
5/1/2023 4:00,3.55,8.67
5/1/2023 5:00,3.51,8.98
5/1/2023 6:00,5.27,9.39
5/1/2023 7:00,7.01,10.29
5/1/2023 8:00,6.96,11.02
5/1/2023 9:00,7.23,11.07
5/1/2023 10:00,7.19,10.42
5/1/2023 11:00,6.6,10.36
5/1/2023 12:00,8.14,10.48
5/1/2023 13:00,9.01,10.2
5/1/2023 14:00,11.83,10.53
5/1/2023 15:00,7.28,10.33
5/1/2023 16:00,6.79,10.19
5/1/2023 17:00,7.11,10.43
5/1/2023 18:00,5.88,10.49
5/1/2023 19:00,6.56,10.38
5/1/2023 20:00,6.62,10.94
5/1/2023 21:00,5.23,10.31
5/1/2023 22:00,3.09,9.89
5/1/2023 23:00,2.78,9.54
6/1/2023 0:00,2.44,9.35
6/1/2023 1:00,3.23,8.86
6/1/2023 2:00,5.04,8.72
6/1/2023 3:00,4.09,8.7
6/1/2023 4:00,3.48,8.7
6/1/2023 5:00,3.83,8.69
6/1/2023 6:00,5.12,9.1
6/1/2023 7:00,6.22,9.82
6/1/2023 8:00,7.25,10.85
6/1/2023 9:00,7.42,11.88
6/1/2023 10:00,7.3,11.83
6/1/2023 11:00,6.67,11.69
6/1/2023 12:00,5.67,11.39
6/1/2023 13:00,5.23,10.82
6/1/2023 14:00,6.17,11.1
6/1/2023 15:00,5.48,10.67
6/1/2023 16:00,4.33,10.56
6/1/2023 17:00,4.37,10.64
6/1/2023 18:00,5,10.87
6/1/2023 19:00,5.96,10.28
6/1/2023 20:00,6.06,10.13
6/1/2023 21:00,5.36,9.99
6/1/2023 22:00,4.6,9.63
6/1/2023 23:00,4.13,9.63
7/1/2023 0:00,3.91,9.32
7/1/2023 1:00,3.77,8.85
7/1/2023 2:00,4.47,8.82
7/1/2023 3:00,4.77,8.66
7/1/2023 4:00,3.55,8.66
7/1/2023 5:00,3.48,8.8
7/1/2023 6:00,3.3,9.18
7/1/2023 7:00,5.27,9.79
7/1/2023 8:00,6.52,11.01
7/1/2023 9:00,6.22,11.29
7/1/2023 10:00,7.4,11.06
7/1/2023 11:00,6.31,11.06
7/1/2023 12:00,6.43,10.86
7/1/2023 13:00,7.11,10.62
7/1/2023 14:00,7.09,10.62
7/1/2023 15:00,6.93,10.19
7/1/2023 16:00,5.85,10.09
7/1/2023 17:00,5.9,10.49
7/1/2023 18:00,5.81,10.17
7/1/2023 19:00,6.8,10.57
7/1/2023 20:00,5.44,10.44
7/1/2023 21:00,4.32,9.89
7/1/2023 22:00,3.56,9.67
7/1/2023 23:00,3.44,9.6
8/1/2023 0:00,2.52,9.08
8/1/2023 1:00,2.73,8.91
8/1/2023 2:00,3.74,8.68
8/1/2023 3:00,3.66,8.61
8/1/2023 4:00,3.6,8.6
8/1/2023 5:00,4.01,8.64
8/1/2023 6:00,5.3,8.98
8/1/2023 7:00,6.28,9.66
8/1/2023 8:00,6.88,10.38
8/1/2023 9:00,6.73,11.68
8/1/2023 10:00,7.11,11.94
8/1/2023 11:00,6.89,12.06
8/1/2023 12:00,5.85,11.34
8/1/2023 13:00,6.07,10.91
8/1/2023 14:00,6.42,10.65
8/1/2023 15:00,5.41,10.54
8/1/2023 16:00,5.17,10.94
8/1/2023 17:00,6.22,10.79
8/1/2023 18:00,5.37,10.56
8/1/2023 19:00,6.3,11.04
8/1/2023 20:00,6.49,11.04
8/1/2023 21:00,5.83,10.47
8/1/2023 22:00,8.27,9.83
8/1/2023 23:00,13.11,9.52
9/1/2023 0:00,4.24,8.96
9/1/2023 1:00,3.69,8.79
9/1/2023 2:00,5.01,8.69
9/1/2023 3:00,3.93,8.58
9/1/2023 4:00,3.85,8.81
9/1/2023 5:00,3.09,9.01
9/1/2023 6:00,5.51,10.1
9/1/2023 7:00,7.26,10.77
9/1/2023 8:00,6.86,NaN
9/1/2023 9:00,7.95,10.54
9/1/2023 10:00,7.31,10.58
9/1/2023 11:00,7.61,10.35
9/1/2023 12:00,8.28,10.39
9/1/2023 13:00,8.13,10.81
9/1/2023 14:00,8.85,10.13
9/1/2023 15:00,7.91,10.17
9/1/2023 16:00,7.13,9.68
9/1/2023 17:00,6.53,10.29
9/1/2023 18:00,6.7,10.24
9/1/2023 19:00,7.27,10.5
9/1/2023 20:00,6.32,11.09
9/1/2023 21:00,5.54,10.62
9/1/2023 22:00,3.94,9.84
9/1/2023 23:00,3.3,9.64
10/1/2023 0:00,2.47,8.83
10/1/2023 1:00,16.37,8.68
10/1/2023 2:00,4.64,8.63
10/1/2023 3:00,4.84,8.58
10/1/2023 4:00,3.63,8.64
10/1/2023 5:00,3.94,8.91
10/1/2023 6:00,6.25,9.95
10/1/2023 7:00,8.45,11.32
10/1/2023 8:00,7.95,11.21
10/1/2023 9:00,8.59,10.92
10/1/2023 10:00,7.56,10.69
10/1/2023 11:00,8.35,10.06
10/1/2023 12:00,7.69,10.1
10/1/2023 13:00,7.56,10.19
10/1/2023 14:00,8.23,10.35
10/1/2023 15:00,7.05,10.07
10/1/2023 16:00,7.29,10.09
10/1/2023 17:00,7.04,10.01
10/1/2023 18:00,7.52,10.33
10/1/2023 19:00,7.69,10.89
10/1/2023 20:00,7.69,10.74
10/1/2023 21:00,7.12,10.7
10/1/2023 22:00,5.12,9.83
10/1/2023 23:00,4.77,9.41
11/1/2023 0:00,4.56,8.68
11/1/2023 1:00,4.54,8.52
11/1/2023 2:00,4.79,8.49
11/1/2023 3:00,3.28,8.41
11/1/2023 4:00,3.38,8.56
11/1/2023 5:00,4.04,8.96
11/1/2023 6:00,5.82,9.78
11/1/2023 7:00,7.96,11.22
11/1/2023 8:00,8.64,11.07
11/1/2023 9:00,9.47,10.91
11/1/2023 10:00,9.66,10.08
11/1/2023 11:00,9.5,9.96
11/1/2023 12:00,9.94,10.1
11/1/2023 13:00,9.39,10.16
11/1/2023 14:00,9.6,10.03
11/1/2023 15:00,8.69,9.67
11/1/2023 16:00,7.52,10.01
11/1/2023 17:00,6.69,10.07
11/1/2023 18:00,6.4,10.5
11/1/2023 19:00,7.08,10.69
11/1/2023 20:00,6.76,10.68
11/1/2023 21:00,5.31,10.62
11/1/2023 22:00,4.81,9.89
11/1/2023 23:00,5.25,9.55
12/1/2023 0:00,4.71,8.85
12/1/2023 1:00,4.37,8.59
12/1/2023 2:00,5.49,8.59
12/1/2023 3:00,5.44,8.56
12/1/2023 4:00,4.59,8.62
12/1/2023 5:00,4.99,8.86
12/1/2023 6:00,6.89,9.98
12/1/2023 7:00,8.86,11.01
12/1/2023 8:00,8.88,11.32
12/1/2023 9:00,8.38,11.2
12/1/2023 10:00,8.36,10.42
12/1/2023 11:00,8.38,10.2
12/1/2023 12:00,8.38,10.04
12/1/2023 13:00,8.39,10.02
12/1/2023 14:00,10.68,9.91
12/1/2023 15:00,9.84,10.02
12/1/2023 16:00,9.99,8.74
12/1/2023 17:00,7.1,9.79
12/1/2023 18:00,7.42,10.16
12/1/2023 19:00,7.63,10.53
12/1/2023 20:00,7.95,10.79
12/1/2023 21:00,6.5,10.16
12/1/2023 22:00,5.5,9.56
12/1/2023 23:00,4.79,9.6
13/01/2023 00:00,4.59,9.01
13/01/2023 01:00,4.39,8.47
13/01/2023 02:00,4.74,8.34
13/01/2023 03:00,3.4,8.42
13/01/2023 04:00,3.35,8.47
13/01/2023 05:00,3.74,8.62
13/01/2023 06:00,6.35,9.82
13/01/2023 07:00,9.09,11.06
13/01/2023 08:00,10.03,10.59
13/01/2023 09:00,9.05,10.28
13/01/2023 10:00,9.71,9.99
13/01/2023 11:00,8.76,9.78
13/01/2023 12:00,9.27,8.52
13/01/2023 13:00,8.57,10.2
13/01/2023 14:00,9.2,10
13/01/2023 15:00,8.77,9.89
13/01/2023 16:00,7.25,10.21
13/01/2023 17:00,6.86,10.1
13/01/2023 18:00,6.39,10.23
13/01/2023 19:00,6.83,10.49
13/01/2023 20:00,7.31,10.43
13/01/2023 21:00,6.17,9.81
13/01/2023 22:00,5.37,9.33
13/01/2023 23:00,4.92,9.28
14/01/2023 00:00,4.81,8.77
14/01/2023 01:00,4.49,8.54
14/01/2023 02:00,5.57,8.38
14/01/2023 03:00,5.42,8.33
14/01/2023 04:00,4.66,8.47
14/01/2023 05:00,4.74,8.63
14/01/2023 06:00,5.69,8.91
14/01/2023 07:00,6.43,10.04
14/01/2023 08:00,6.95,10.97
14/01/2023 09:00,7.96,11.53
14/01/2023 10:00,8,11.34
14/01/2023 11:00,7.01,10.87
14/01/2023 12:00,7.36,10.78
14/01/2023 13:00,7.64,11.04
14/01/2023 14:00,7.17,10.85
14/01/2023 15:00,5.76,10.32
14/01/2023 16:00,6.57,10.19
14/01/2023 17:00,6.6,10.31
14/01/2023 18:00,6.27,10.27
14/01/2023 19:00,7.05,10.35
14/01/2023 20:00,6.57,10.13
14/01/2023 21:00,5.62,9.79
14/01/2023 22:00,5.04,9.2
14/01/2023 23:00,4.46,9.27
15/01/2023 00:00,3.97,8.93
15/01/2023 01:00,2.55,8.67
15/01/2023 02:00,2.55,8.37
15/01/2023 03:00,2.3,8.42
15/01/2023 04:00,2.47,8.35
15/01/2023 05:00,3.6,8.46
15/01/2023 06:00,4.89,8.74
15/01/2023 07:00,6.06,9.71
15/01/2023 08:00,6.78,11.18
15/01/2023 09:00,7.61,11.57
15/01/2023 10:00,8.36,11.85
15/01/2023 11:00,7.6,11.71
15/01/2023 12:00,7.09,11.26
15/01/2023 13:00,5.62,11.06
15/01/2023 14:00,5.71,10.62
15/01/2023 15:00,5.61,10.4
15/01/2023 16:00,5.27,10.09
15/01/2023 17:00,4.91,9.91
15/01/2023 18:00,5.72,10.58
15/01/2023 19:00,5.22,10.54
15/01/2023 20:00,6.77,10.57
15/01/2023 21:00,5.92,9.97
15/01/2023 22:00,8.46,9.48
15/01/2023 23:00,14.81,9.24
16/01/2023 00:00,4.43,8.57
16/01/2023 01:00,4.34,8.46
16/01/2023 02:00,5.11,8.43
16/01/2023 03:00,4.39,8.35
16/01/2023 04:00,4.12,8.36
16/01/2023 05:00,4.17,8.6
16/01/2023 06:00,5.61,9.96
16/01/2023 07:00,7.6,10.67
16/01/2023 08:00,7.87,10.46
16/01/2023 09:00,7.94,10.13
16/01/2023 10:00,8.2,10.17
16/01/2023 11:00,8.6,9.96
16/01/2023 12:00,8,9.9
16/01/2023 13:00,9.07,9.85
16/01/2023 14:00,10.36,10
16/01/2023 15:00,9.32,10.03
16/01/2023 16:00,8.48,9.68
16/01/2023 17:00,8.08,9.87
16/01/2023 18:00,6.72,10.06
16/01/2023 19:00,7.89,10.41
16/01/2023 20:00,8.48,10.78
16/01/2023 21:00,6.34,10.08
16/01/2023 22:00,4.42,9.55
16/01/2023 23:00,3.91,9.23
17/01/2023 00:00,3.74,8.68
17/01/2023 01:00,16.3,8.51
17/01/2023 02:00,4.05,8.33
17/01/2023 03:00,5.86,8.56
17/01/2023 04:00,4.46,8.67
17/01/2023 05:00,5.25,8.97
17/01/2023 06:00,7.14,9.92
17/01/2023 07:00,8.77,10.79
17/01/2023 08:00,8.6,10.5
17/01/2023 09:00,9.39,10.19
17/01/2023 10:00,9.02,10.1
17/01/2023 11:00,8.66,9.9
17/01/2023 12:00,7.94,10.03
17/01/2023 13:00,7.86,10.04
17/01/2023 14:00,8.42,9.63
17/01/2023 15:00,6.93,10.02
17/01/2023 16:00,6.94,9.93
17/01/2023 17:00,7.33,9.63
17/01/2023 18:00,7.98,10.21
17/01/2023 19:00,7.95,10.72
17/01/2023 20:00,7.85,10.56
17/01/2023 21:00,6.52,10.02
17/01/2023 22:00,5.43,9.8
17/01/2023 23:00,4.75,9.12
18/01/2023 00:00,4.76,8.65
18/01/2023 01:00,4.24,8.48
18/01/2023 02:00,4.4,8.32
18/01/2023 03:00,4.27,8.35
18/01/2023 04:00,3.43,8.45
18/01/2023 05:00,3.55,8.72
18/01/2023 06:00,5.89,9.93
18/01/2023 07:00,7.58,11
18/01/2023 08:00,8.33,10.49
18/01/2023 09:00,8.34,10.2
18/01/2023 10:00,8.48,9.96
18/01/2023 11:00,9.19,9.6
18/01/2023 12:00,9.35,9.79
18/01/2023 13:00,9.22,10.05
18/01/2023 14:00,9.23,10
18/01/2023 15:00,8.4,10.05
18/01/2023 16:00,7.52,9.83
18/01/2023 17:00,7.76,10.28
18/01/2023 18:00,6.83,10.45
18/01/2023 19:00,6.97,11.05
18/01/2023 20:00,6.71,10.77
18/01/2023 21:00,5.67,10.76
18/01/2023 22:00,4.51,9.9
18/01/2023 23:00,3.69,9.36
19/01/2023 00:00,4.52,8.77
19/01/2023 01:00,4.48,8.55
19/01/2023 02:00,5.12,8.5
19/01/2023 03:00,5.47,8.52
19/01/2023 04:00,4.26,8.79
19/01/2023 05:00,4.89,8.78
19/01/2023 06:00,6.88,9.91
19/01/2023 07:00,9.3,11.36
19/01/2023 08:00,8.92,10.7
19/01/2023 09:00,9.54,10.49
19/01/2023 10:00,9.01,9.96
19/01/2023 11:00,8.84,9.79
19/01/2023 12:00,8.38,9.52
19/01/2023 13:00,8.1,9.18
19/01/2023 14:00,8.79,9.23
19/01/2023 15:00,7.16,9.41
19/01/2023 16:00,7.38,9.48
19/01/2023 17:00,7.11,9.44
19/01/2023 18:00,7.14,9.62
19/01/2023 19:00,7.5,10
19/01/2023 20:00,7.63,10.08
19/01/2023 21:00,6.53,9.64
19/01/2023 22:00,5.2,8.93
19/01/2023 23:00,4.98,8.87
20/01/2023 00:00,5.14,8.23
20/01/2023 01:00,5.08,7.97
20/01/2023 02:00,5.6,7.87
20/01/2023 03:00,3.59,7.96
20/01/2023 04:00,3.32,7.98
20/01/2023 05:00,4.16,8.41
20/01/2023 06:00,7.09,9.38
20/01/2023 07:00,8.6,10.79
20/01/2023 08:00,9.04,10.61
20/01/2023 09:00,10.1,10.26
20/01/2023 10:00,9.41,10.18
20/01/2023 11:00,10.78,9.74
20/01/2023 12:00,10.13,9.74
20/01/2023 13:00,8.73,9.76
20/01/2023 14:00,12.56,10.1
20/01/2023 15:00,8.02,9.64
20/01/2023 16:00,7.21,9.49
20/01/2023 17:00,6.94,9.66
20/01/2023 18:00,5.87,10
20/01/2023 19:00,5.63,10.21
20/01/2023 20:00,6.64,9.89
20/01/2023 21:00,6.26,9.52
20/01/2023 22:00,5.1,8.85
20/01/2023 23:00,4.8,8.74
21/01/2023 00:00,4.71,8.46
21/01/2023 01:00,4.71,8.15
21/01/2023 02:00,6.33,7.99
21/01/2023 03:00,5.55,8.05
21/01/2023 04:00,4.39,7.97
21/01/2023 05:00,4.45,8.09
21/01/2023 06:00,5.73,8.58
21/01/2023 07:00,6.52,9.41
21/01/2023 08:00,7.31,10.45
21/01/2023 09:00,7.3,11.12
21/01/2023 10:00,8.39,10.89
21/01/2023 11:00,7.14,10.3
21/01/2023 12:00,7.63,10.1
21/01/2023 13:00,7.12,10.18
21/01/2023 14:00,6.94,10.57
21/01/2023 15:00,6.3,9.79
21/01/2023 16:00,7.02,9.85
21/01/2023 17:00,7.02,10.03
21/01/2023 18:00,7.3,10.14
21/01/2023 19:00,7.85,9.55
21/01/2023 20:00,7.14,9.88
21/01/2023 21:00,6.35,9.38
21/01/2023 22:00,5.78,9.06
21/01/2023 23:00,5.58,8.99
22/01/2023 00:00,3.99,8.58
22/01/2023 01:00,3.44,8.22
22/01/2023 02:00,3.64,8.18
22/01/2023 03:00,3.21,8.15
22/01/2023 04:00,3.43,8.03
22/01/2023 05:00,5.51,8.1
22/01/2023 06:00,6.02,8.5
22/01/2023 07:00,6.78,9.1
22/01/2023 08:00,7.96,9.92
22/01/2023 09:00,7.65,11.04
22/01/2023 10:00,8.85,10.98
22/01/2023 11:00,7.87,10.8
22/01/2023 12:00,7.6,10.85
22/01/2023 13:00,7.14,10.62
22/01/2023 14:00,6.68,10.33
22/01/2023 15:00,6.34,9.57
22/01/2023 16:00,6.13,9.89
22/01/2023 17:00,5.99,9.65
22/01/2023 18:00,6.68,10.3
22/01/2023 19:00,7.62,10.18
22/01/2023 20:00,8.69,10.48
22/01/2023 21:00,7.5,9.75
22/01/2023 22:00,9.11,9.37
22/01/2023 23:00,16.4,8.68
23/01/2023 00:00,5.23,8.37
23/01/2023 01:00,5.65,8.09
23/01/2023 02:00,6.23,8.07
23/01/2023 03:00,4.84,8.45
23/01/2023 04:00,4.41,8.87
23/01/2023 05:00,4,8.96
23/01/2023 06:00,5.77,10.12
23/01/2023 07:00,7.88,11.13
23/01/2023 08:00,8.04,11.32
23/01/2023 09:00,8.95,10.52
23/01/2023 10:00,9.25,10.61
23/01/2023 11:00,10.53,10.47
23/01/2023 12:00,11.56,10.35
23/01/2023 13:00,11.54,10.17
23/01/2023 14:00,10.53,9.73
23/01/2023 15:00,8.58,9.68
23/01/2023 16:00,8.47,9.35
23/01/2023 17:00,8.33,9.64
23/01/2023 18:00,6.79,10.09
23/01/2023 19:00,7,10.68
23/01/2023 20:00,7.59,10.74
23/01/2023 21:00,5.65,10.4
23/01/2023 22:00,4.78,9.61
23/01/2023 23:00,4.23,8.95
24/01/2023 00:00,4.72,8.9
24/01/2023 01:00,17.95,8.55
24/01/2023 02:00,5.42,8.67
24/01/2023 03:00,5.64,8.73
24/01/2023 04:00,4.81,8.79
24/01/2023 05:00,4.98,9.19
24/01/2023 06:00,6.88,10.28
24/01/2023 07:00,9.14,11.14
24/01/2023 08:00,9.3,11.07
24/01/2023 09:00,9.51,10.71
24/01/2023 10:00,8.54,10.34
24/01/2023 11:00,13.09,10.13
24/01/2023 12:00,9.76,10.13
24/01/2023 13:00,11.82,9.68
24/01/2023 14:00,8.66,8.35
24/01/2023 15:00,8.31,9.2
24/01/2023 16:00,8.16,8.88
24/01/2023 17:00,7.22,9.15
24/01/2023 18:00,8.23,9.45
24/01/2023 19:00,8.11,9.89
24/01/2023 20:00,8.88,10.16
24/01/2023 21:00,6.89,9.53
24/01/2023 22:00,5.89,9.36
24/01/2023 23:00,5.85,8.55
25/01/2023 00:00,5.62,8.16
25/01/2023 01:00,5.04,7.99
25/01/2023 02:00,3.81,7.89
25/01/2023 03:00,3.48,7.85
25/01/2023 04:00,3.82,7.97
25/01/2023 05:00,4.21,8.12
25/01/2023 06:00,6.74,9.05
25/01/2023 07:00,9.5,10.62
25/01/2023 08:00,9.06,9.16
25/01/2023 09:00,10.16,10.04
25/01/2023 10:00,9.51,9.39
25/01/2023 11:00,9.1,9.36
25/01/2023 12:00,9.48,9.58
25/01/2023 13:00,8.94,9.5
25/01/2023 14:00,9.33,9.26
25/01/2023 15:00,9.89,9.11
25/01/2023 16:00,7.33,8.79
25/01/2023 17:00,6.72,9.15
25/01/2023 18:00,6.83,9.61
25/01/2023 19:00,8.13,10.06
25/01/2023 20:00,7.82,9.87
25/01/2023 21:00,6.44,9.63
25/01/2023 22:00,5.9,9
25/01/2023 23:00,5.17,8.57
26/01/2023 00:00,4.69,8.03
26/01/2023 01:00,4.57,7.88
26/01/2023 02:00,5.71,7.77
26/01/2023 03:00,5.46,7.68
26/01/2023 04:00,4.64,7.92
26/01/2023 05:00,5.28,7.97
26/01/2023 06:00,7.33,9.08
26/01/2023 07:00,8.58,10.75
26/01/2023 08:00,8.96,9.95
26/01/2023 09:00,9.45,9.92
26/01/2023 10:00,9.81,9.51
26/01/2023 11:00,9.02,9.16
26/01/2023 12:00,8.93,9.15
26/01/2023 13:00,8.63,9.02
26/01/2023 14:00,8.64,9.17
26/01/2023 15:00,9.12,9.43
26/01/2023 16:00,8.48,8.94
26/01/2023 17:00,7.76,9.21
26/01/2023 18:00,8.02,9.68
26/01/2023 19:00,8.77,9.93
26/01/2023 20:00,8.19,10.03
26/01/2023 21:00,6.56,9.81
26/01/2023 22:00,5.22,9.2
26/01/2023 23:00,3.56,8.53
27/01/2023 00:00,3.71,8.3
27/01/2023 01:00,3.87,8.01
27/01/2023 02:00,4.69,7.89
27/01/2023 03:00,4.25,NaN
27/01/2023 04:00,4.81,8.06
27/01/2023 05:00,5.06,8.43
27/01/2023 06:00,7.56,9.21
27/01/2023 07:00,9.11,10.16
27/01/2023 08:00,9,10.19
27/01/2023 09:00,9.89,10.15
27/01/2023 10:00,8.97,9.69
27/01/2023 11:00,9.35,9.57
27/01/2023 12:00,9.04,9.28
27/01/2023 13:00,8.76,9.56
27/01/2023 14:00,8.82,9.5
27/01/2023 15:00,8.44,9.29
27/01/2023 16:00,8.07,9.4
27/01/2023 17:00,6.96,9.31
27/01/2023 18:00,6.66,9.84
27/01/2023 19:00,7.75,10.09
27/01/2023 20:00,8.09,9.93
27/01/2023 21:00,7.19,9.07
27/01/2023 22:00,6.16,9.17
27/01/2023 23:00,5.52,8.68
28/01/2023 00:00,5.32,8.16
28/01/2023 01:00,5.32,8.02
28/01/2023 02:00,6.36,7.9
28/01/2023 03:00,6.01,7.9
28/01/2023 04:00,3.77,8
28/01/2023 05:00,3.36,8.05
28/01/2023 06:00,4.81,8.55
28/01/2023 07:00,6.34,9.83
28/01/2023 08:00,6.98,10.46
28/01/2023 09:00,8.04,11.04
28/01/2023 10:00,8.22,10.87
28/01/2023 11:00,7.74,9.83
28/01/2023 12:00,8.07,10.27
28/01/2023 13:00,8.18,10.24
28/01/2023 14:00,7.85,10.06
28/01/2023 15:00,7.33,9.87
28/01/2023 16:00,7.02,9.97
28/01/2023 17:00,6.84,9.97
28/01/2023 18:00,6.77,9.71
28/01/2023 19:00,7.08,9.75
28/01/2023 20:00,6.07,9.95
28/01/2023 21:00,5.22,9.19
28/01/2023 22:00,4.54,9.01
28/01/2023 23:00,4.24,8.66
29/01/2023 00:00,5.23,8.42
29/01/2023 01:00,5.34,8.1
29/01/2023 02:00,5.22,7.99
29/01/2023 03:00,4.84,7.88
29/01/2023 04:00,4.7,8.01
29/01/2023 05:00,5.15,8.15
29/01/2023 06:00,5.85,8.48
29/01/2023 07:00,7.02,9.11
29/01/2023 08:00,7.91,10.54
29/01/2023 09:00,8.13,11.82
29/01/2023 10:00,8.1,11.83
29/01/2023 11:00,7.29,10.68
29/01/2023 12:00,7.18,10.49
29/01/2023 13:00,6.7,10.41
29/01/2023 14:00,6.19,10.4
29/01/2023 15:00,5.83,9.8
29/01/2023 16:00,5.34,10.44
29/01/2023 17:00,6.23,10.33
29/01/2023 18:00,6.86,10.26
29/01/2023 19:00,7.15,10.16
29/01/2023 20:00,7.81,9.97
29/01/2023 21:00,7.16,9.54
29/01/2023 22:00,9,9.42
29/01/2023 23:00,16.4,8.69
30/01/2023 00:00,4.98,8.28
30/01/2023 01:00,5.4,8.03
30/01/2023 02:00,4.62,7.96
30/01/2023 03:00,3.85,7.91
30/01/2023 04:00,3.75,8.14
30/01/2023 05:00,4.12,8.4
30/01/2023 06:00,7.09,9.47
30/01/2023 07:00,8.9,10.29
30/01/2023 08:00,9.29,10.27
30/01/2023 09:00,9.13,10.23
30/01/2023 10:00,9.41,10.06
30/01/2023 11:00,9.55,9.95
30/01/2023 12:00,9.85,10.04
30/01/2023 13:00,9.28,10.12
30/01/2023 14:00,10.73,9.24
30/01/2023 15:00,9.53,9.13
30/01/2023 16:00,7.47,9.4
30/01/2023 17:00,7.83,9.5
30/01/2023 18:00,6.03,9.97
30/01/2023 19:00,7.11,10.46
30/01/2023 20:00,7.38,10.4
30/01/2023 21:00,6.66,9.48
30/01/2023 22:00,5.64,9.48
30/01/2023 23:00,6.01,8.54
31/01/2023 00:00,6.14,8.35
31/01/2023 01:00,18.22,8.13
31/01/2023 02:00,6.05,7.98
31/01/2023 03:00,6.11,8.04
31/01/2023 04:00,5,8.23
31/01/2023 05:00,5.79,8.31
31/01/2023 06:00,8.19,9.8
31/01/2023 07:00,8.73,10.87
31/01/2023 08:00,8.34,10.77
31/01/2023 09:00,8.26,10.45
31/01/2023 10:00,8.87,10.17
31/01/2023 11:00,10.23,9.99
31/01/2023 12:00,8.82,9.87
31/01/2023 13:00,8.29,9.54
31/01/2023 14:00,9.63,9.39
31/01/2023 15:00,10.54,9.67
31/01/2023 16:00,9.03,9.55
31/01/2023 17:00,8.16,9.68
31/01/2023 18:00,8.82,9.91
31/01/2023 19:00,8.1,10.27
31/01/2023 20:00,8.29,9.85
31/01/2023 21:00,6.45,9.98
31/01/2023 22:00,4.67,9.06
31/01/2023 23:00,3.8,8.66
1/2/2023 0:00,3.67,8.24
1/2/2023 1:00,3.8,8.15
1/2/2023 2:00,3.3,8.02
1/2/2023 3:00,4.06,8.15
1/2/2023 4:00,4.88,8.2
1/2/2023 5:00,4.91,8.28
1/2/2023 6:00,7.68,9.4
1/2/2023 7:00,9.86,11.35
1/2/2023 8:00,9.95,10.61
1/2/2023 9:00,9.25,9.88
1/2/2023 10:00,9.76,9.8
1/2/2023 11:00,9.7,9.66
1/2/2023 12:00,8.92,9.61
1/2/2023 13:00,8.94,9.63
1/2/2023 14:00,8.92,9.98
1/2/2023 15:00,8.68,9.67
1/2/2023 16:00,8.36,9.21
1/2/2023 17:00,6.97,9.48
1/2/2023 18:00,7.08,9.59
1/2/2023 19:00,9.47,10.05
1/2/2023 20:00,10.85,10.17
1/2/2023 21:00,8.99,9.83
1/2/2023 22:00,5.18,9.2
1/2/2023 23:00,5.43,8.71
2/2/2023 0:00,5.25,8.41
2/2/2023 1:00,5.06,7.99
2/2/2023 2:00,6.06,7.98
2/2/2023 3:00,5.55,7.98
2/2/2023 4:00,3.55,8.14
2/2/2023 5:00,4.18,8.44
2/2/2023 6:00,5.85,9.51
2/2/2023 7:00,8.08,10.65
2/2/2023 8:00,7.87,10.6
2/2/2023 9:00,9.21,9.96
2/2/2023 10:00,9.06,9.67
2/2/2023 11:00,10.02,9.68
2/2/2023 12:00,9.57,9.44
2/2/2023 13:00,9.05,9.99
2/2/2023 14:00,9.78,9.59
2/2/2023 15:00,9.04,9.32
2/2/2023 16:00,8.08,9.41
2/2/2023 17:00,7.87,9.71
2/2/2023 18:00,7.08,9.98
2/2/2023 19:00,7.6,10.33
2/2/2023 20:00,8.21,10.3
2/2/2023 21:00,6.93,9.74
2/2/2023 22:00,5.96,9.1
2/2/2023 23:00,5.64,8.91
3/2/2023 0:00,5.84,8.4
3/2/2023 1:00,6.66,8.11
3/2/2023 2:00,6.91,8.14
3/2/2023 3:00,5.61,8.03
3/2/2023 4:00,5.71,8.15
3/2/2023 5:00,5.78,8.43
3/2/2023 6:00,8.18,9.69
3/2/2023 7:00,8.94,10.51
3/2/2023 8:00,9.9,10.27
3/2/2023 9:00,10.14,10.28
3/2/2023 10:00,8.53,9.56
3/2/2023 11:00,8.55,9.42
3/2/2023 12:00,8.48,9.19
3/2/2023 13:00,8.71,9.78
3/2/2023 14:00,9.15,9.53
3/2/2023 15:00,8.55,9.74
3/2/2023 16:00,7.99,9.46
3/2/2023 17:00,8.4,9.6
3/2/2023 18:00,9.13,9.89
3/2/2023 19:00,8.63,9.89
3/2/2023 20:00,8.12,9.78
3/2/2023 21:00,6.55,9.4
3/2/2023 22:00,5.4,9.25
3/2/2023 23:00,5.8,9
4/2/2023 0:00,6.27,8.49
4/2/2023 1:00,5.01,8.23
4/2/2023 2:00,4.75,8.13
4/2/2023 3:00,4.73,8.16
4/2/2023 4:00,3.14,8.15
4/2/2023 5:00,3.38,8.29
4/2/2023 6:00,5,8.8
4/2/2023 7:00,7.21,9.64
4/2/2023 8:00,8.55,10.88
4/2/2023 9:00,8.73,11.74
4/2/2023 10:00,8.97,11.14
4/2/2023 11:00,8.79,10.77
4/2/2023 12:00,9.01,10.91
4/2/2023 13:00,7.12,10.74
4/2/2023 14:00,8.23,10.87
4/2/2023 15:00,7.31,9.91
4/2/2023 16:00,6.85,10.09
4/2/2023 17:00,6.75,10.06
4/2/2023 18:00,6.36,10.32
4/2/2023 19:00,7.29,10.02
4/2/2023 20:00,7.19,9.95
4/2/2023 21:00,7.17,9.39
4/2/2023 22:00,6.43,8.88
4/2/2023 23:00,5.96,8.79
5/2/2023 0:00,6.62,8.35
5/2/2023 1:00,5.97,8.3
5/2/2023 2:00,5.29,8.1
5/2/2023 3:00,5.21,8.11
5/2/2023 4:00,5.37,8.2
5/2/2023 5:00,6,8.14
5/2/2023 6:00,6.71,8.63
5/2/2023 7:00,6.19,9.16
5/2/2023 8:00,7.31,10.44
5/2/2023 9:00,8.53,11.07
5/2/2023 10:00,8.21,10.82
5/2/2023 11:00,7.45,11.33
5/2/2023 12:00,7.06,11.18
5/2/2023 13:00,7.21,10.46
5/2/2023 14:00,7.74,10.19
5/2/2023 15:00,7.18,10.12
5/2/2023 16:00,7.14,10.15
5/2/2023 17:00,7.59,10.34
5/2/2023 18:00,7.25,10.06
5/2/2023 19:00,7.53,10.34
5/2/2023 20:00,7.77,10
5/2/2023 21:00,6.65,9.69
5/2/2023 22:00,8.96,9.21
5/2/2023 23:00,15.6,9.05
6/2/2023 0:00,3.54,8.35
6/2/2023 1:00,4.15,8.17
6/2/2023 2:00,4.9,8.13
6/2/2023 3:00,3.62,8.12
6/2/2023 4:00,4.41,8.29
6/2/2023 5:00,5.63,8.59
6/2/2023 6:00,7.37,9.41
6/2/2023 7:00,9.03,10.68
6/2/2023 8:00,10.24,10.55
6/2/2023 9:00,10.57,10.04
6/2/2023 10:00,10.03,10.37
6/2/2023 11:00,9.83,9.97
6/2/2023 12:00,9.35,9.94
6/2/2023 13:00,9.57,9.85
6/2/2023 14:00,9.06,9.53
6/2/2023 15:00,9.01,9.29
6/2/2023 16:00,8.56,9.69
6/2/2023 17:00,7.59,9.68
6/2/2023 18:00,7.5,10.27
6/2/2023 19:00,8.84,10.23
6/2/2023 20:00,9.08,10.48
6/2/2023 21:00,8.1,9.62
6/2/2023 22:00,6.66,9.47
6/2/2023 23:00,5.97,9.05
7/2/2023 0:00,6.01,8.46
7/2/2023 1:00,19.08,8.14
7/2/2023 2:00,6.05,8.05
7/2/2023 3:00,5.86,8.21
7/2/2023 4:00,3.82,8.19
7/2/2023 5:00,4.38,8.38
7/2/2023 6:00,7.02,9.54
7/2/2023 7:00,8.97,10.69
7/2/2023 8:00,8.99,10.49
7/2/2023 9:00,10.24,10.18
7/2/2023 10:00,11.72,10.28
7/2/2023 11:00,9.36,9.83
7/2/2023 12:00,9.78,9.86
7/2/2023 13:00,10.58,9.83
7/2/2023 14:00,10.18,9.45
7/2/2023 15:00,9.16,9.41
7/2/2023 16:00,8.47,9.18
7/2/2023 17:00,8.73,9.52
7/2/2023 18:00,8.24,9.99
7/2/2023 19:00,7.57,9.95
7/2/2023 20:00,8.81,10.68
7/2/2023 21:00,7.39,9.93
7/2/2023 22:00,6.16,9.42
7/2/2023 23:00,5.66,9
8/2/2023 0:00,4.33,8.34
8/2/2023 1:00,3.66,8.18
8/2/2023 2:00,3.86,8.13
8/2/2023 3:00,3.79,8.08
8/2/2023 4:00,4.4,8.24
8/2/2023 5:00,5.72,8.5
8/2/2023 6:00,8.32,9.71
8/2/2023 7:00,10.07,10.56
8/2/2023 8:00,10.21,10.26
8/2/2023 9:00,11.2,10.25
8/2/2023 10:00,12.51,9.73
8/2/2023 11:00,14.25,9.94
8/2/2023 12:00,9.73,9.96
8/2/2023 13:00,9.49,10.11
8/2/2023 14:00,10.31,9.92
8/2/2023 15:00,9.53,9.71
8/2/2023 16:00,7.8,9.59
8/2/2023 17:00,8.41,9.36
8/2/2023 18:00,7.63,9.89
8/2/2023 19:00,9.27,10.1
8/2/2023 20:00,9.3,10.56
8/2/2023 21:00,7.91,9.97
8/2/2023 22:00,6.93,9.49
8/2/2023 23:00,6.08,9.2
9/2/2023 0:00,5.75,8.66
9/2/2023 1:00,5.82,8.42
9/2/2023 2:00,5.81,8.32
9/2/2023 3:00,5.64,8.27
9/2/2023 4:00,5.29,8.32
9/2/2023 5:00,4.99,8.65
9/2/2023 6:00,6.48,9.67
9/2/2023 7:00,8.44,10.78
9/2/2023 8:00,10.25,10.99
9/2/2023 9:00,10.22,10.52
9/2/2023 10:00,10.32,10.25
9/2/2023 11:00,10.18,10.04
9/2/2023 12:00,11.07,10.59
9/2/2023 13:00,10.56,10.62
9/2/2023 14:00,9.57,10.67
9/2/2023 15:00,9.15,10.3
9/2/2023 16:00,8.12,9.76
9/2/2023 17:00,7.93,9.9
9/2/2023 18:00,7.45,10.26
9/2/2023 19:00,7.9,10.24
9/2/2023 20:00,8.26,10.72
9/2/2023 21:00,7.57,9.88
9/2/2023 22:00,6.34,9.31
9/2/2023 23:00,5.96,9.02
10/2/2023 0:00,5.86,9.12
10/2/2023 1:00,6.33,8.64
10/2/2023 2:00,6.97,8.8
10/2/2023 3:00,5.95,8.62
10/2/2023 4:00,5.68,8.73
10/2/2023 5:00,6.18,9.29
10/2/2023 6:00,7.78,10.31
10/2/2023 7:00,9.56,11.05
10/2/2023 8:00,10.28,10.66
10/2/2023 9:00,10.55,10.5
10/2/2023 10:00,9.15,10.03
10/2/2023 11:00,8.97,10.03
10/2/2023 12:00,9.55,9.99
10/2/2023 13:00,10.13,10.51
10/2/2023 14:00,9.96,10.02
10/2/2023 15:00,8.9,9.97
10/2/2023 16:00,8.36,9.61
10/2/2023 17:00,8.35,10.1
10/2/2023 18:00,7.93,10.25
10/2/2023 19:00,6.24,10.57
10/2/2023 20:00,6.94,10.34
10/2/2023 21:00,6.01,9.9
10/2/2023 22:00,4.42,9.85
10/2/2023 23:00,3.85,9.12
11/2/2023 0:00,4.51,8.79
11/2/2023 1:00,4.98,8.54
11/2/2023 2:00,6.25,8.59
11/2/2023 3:00,5.8,8.54
11/2/2023 4:00,4.9,8.76
11/2/2023 5:00,5.08,8.68
11/2/2023 6:00,6.33,8.97
11/2/2023 7:00,7.59,10.13
11/2/2023 8:00,8.79,10.99
11/2/2023 9:00,8.76,11.92
11/2/2023 10:00,8.19,11.1
11/2/2023 11:00,7.54,10.72
11/2/2023 12:00,8.39,10.78
11/2/2023 13:00,7.72,10.6
11/2/2023 14:00,7.64,10.44
11/2/2023 15:00,7.91,10.14
11/2/2023 16:00,7.98,9.87
11/2/2023 17:00,7.7,10.26
11/2/2023 18:00,7.59,10.35
11/2/2023 19:00,8.16,10.03
11/2/2023 20:00,7.86,10.3
11/2/2023 21:00,6.81,9.26
11/2/2023 22:00,5.63,9.21
11/2/2023 23:00,5.33,8.86
12/2/2023 0:00,3.99,8.73
12/2/2023 1:00,4.04,8.51
12/2/2023 2:00,3.81,8.32
12/2/2023 3:00,3.68,8.24
12/2/2023 4:00,5.04,8.21
12/2/2023 5:00,5.35,8.4
12/2/2023 6:00,5.84,8.46
12/2/2023 7:00,7.23,9.46
12/2/2023 8:00,8.62,10.95
12/2/2023 9:00,8.56,11.4
12/2/2023 10:00,8.09,11.31
12/2/2023 11:00,7.53,11.59
12/2/2023 12:00,7.94,11.56
12/2/2023 13:00,7.51,10.95
12/2/2023 14:00,7.84,10.42
12/2/2023 15:00,6.21,10.16
12/2/2023 16:00,6.3,9.98
12/2/2023 17:00,6.48,10.17
12/2/2023 18:00,6.99,10.79
12/2/2023 19:00,7.22,10.63
12/2/2023 20:00,7.83,10.9
12/2/2023 21:00,6.86,10.27
12/2/2023 22:00,9.32,9.2
12/2/2023 23:00,16.21,8.71
13/02/2023 00:00,3.66,8.44
13/02/2023 01:00,4.44,8.25
13/02/2023 02:00,4.97,8.25
13/02/2023 03:00,3.41,8.32
13/02/2023 04:00,4.15,8.38
13/02/2023 05:00,5.43,8.7
13/02/2023 06:00,7.25,9.42
13/02/2023 07:00,9.33,10.69
13/02/2023 08:00,10.6,10.97
13/02/2023 09:00,10.65,10.67
13/02/2023 10:00,9.3,10.11
13/02/2023 11:00,8.93,9.95
13/02/2023 12:00,9.18,9.97
13/02/2023 13:00,9.06,10
13/02/2023 14:00,9.76,9.83
13/02/2023 15:00,8.87,9.84
13/02/2023 16:00,7.82,9.68
13/02/2023 17:00,8.48,9.93
13/02/2023 18:00,NaN,10
13/02/2023 19:00,8.09,10.36
13/02/2023 20:00,8.49,10.77
13/02/2023 21:00,6.75,10.37
13/02/2023 22:00,5.66,9.34
13/02/2023 23:00,5.17,9.01
14/02/2023 00:00,4.45,8.51
14/02/2023 01:00,17.77,8.38
14/02/2023 02:00,4.8,8.36
14/02/2023 03:00,5.39,8.38
14/02/2023 04:00,6.35,8.43
14/02/2023 05:00,6.02,8.57
14/02/2023 06:00,8.56,9.6
14/02/2023 07:00,9.57,10.94
14/02/2023 08:00,10,10.57
14/02/2023 09:00,10.78,10.3
14/02/2023 10:00,10.57,10.27
14/02/2023 11:00,12.08,10.23
14/02/2023 12:00,10.91,10.51
14/02/2023 13:00,11.92,10.54
14/02/2023 14:00,9.37,10.8
14/02/2023 15:00,9.09,10.83
14/02/2023 16:00,8.09,9.85
14/02/2023 17:00,9.53,9.83
14/02/2023 18:00,8.21,9.75
14/02/2023 19:00,8.38,10.67
14/02/2023 20:00,8.56,9.89
14/02/2023 21:00,6.91,9.6
14/02/2023 22:00,5.68,8.88
14/02/2023 23:00,4.56,8.43
15/02/2023 00:00,3.59,8.01
15/02/2023 01:00,3.93,7.84
15/02/2023 02:00,3.38,7.75
15/02/2023 03:00,4,7.67
15/02/2023 04:00,5.4,7.88
15/02/2023 05:00,6.03,8.16
15/02/2023 06:00,7.75,9.07
15/02/2023 07:00,10.18,10.44
15/02/2023 08:00,10.8,10.43
15/02/2023 09:00,10.5,10.13
15/02/2023 10:00,9.34,9.55
15/02/2023 11:00,9.7,9.51
15/02/2023 12:00,9.81,9.32
15/02/2023 13:00,9.23,10.11
15/02/2023 14:00,10.84,9.42
15/02/2023 15:00,8.47,9.21
15/02/2023 16:00,8.22,9.47
15/02/2023 17:00,8.4,9.49
15/02/2023 18:00,8.71,9.48
15/02/2023 19:00,8.69,9.53
15/02/2023 20:00,8.09,9.65
15/02/2023 21:00,7.19,9.83
15/02/2023 22:00,5.51,8.58
15/02/2023 23:00,3.87,8.45
16/02/2023 00:00,3.73,7.97
16/02/2023 01:00,4.06,7.79
16/02/2023 02:00,5.59,7.77
16/02/2023 03:00,5.43,7.8
16/02/2023 04:00,4.99,7.83
16/02/2023 05:00,5.39,8.03
16/02/2023 06:00,7.6,9.18
16/02/2023 07:00,9.15,10.44
16/02/2023 08:00,9.41,9.9
16/02/2023 09:00,10.55,10.05
16/02/2023 10:00,10.08,9.56
16/02/2023 11:00,10.76,9.27
16/02/2023 12:00,8.99,9.33
16/02/2023 13:00,8.8,9.87
16/02/2023 14:00,8.73,13.58
16/02/2023 15:00,8.84,14.52
16/02/2023 16:00,7.95,9.71
16/02/2023 17:00,8.64,9.21
16/02/2023 18:00,7.63,9.99
16/02/2023 19:00,8.17,10.31
16/02/2023 20:00,9.32,10.05
16/02/2023 21:00,7.74,9.38
16/02/2023 22:00,5.72,8.82
16/02/2023 23:00,4.31,8.37
17/02/2023 00:00,3.76,8
17/02/2023 01:00,4.67,7.71
17/02/2023 02:00,5.31,7.68
17/02/2023 03:00,4.67,7.82
17/02/2023 04:00,5.43,7.92
17/02/2023 05:00,5.57,7.93
17/02/2023 06:00,6.86,9.12
17/02/2023 07:00,10.06,10.39
17/02/2023 08:00,11.46,10.27
17/02/2023 09:00,10.54,9.93
17/02/2023 10:00,8.45,9.43
17/02/2023 11:00,9.98,9.29
17/02/2023 12:00,9.23,9.48
17/02/2023 13:00,9.57,9.39
17/02/2023 14:00,9.09,9.11
17/02/2023 15:00,9.37,9.42
17/02/2023 16:00,8.59,9.74
17/02/2023 17:00,7.58,9.35
17/02/2023 18:00,7.88,9.73
17/02/2023 19:00,8.14,9.84
17/02/2023 20:00,9.43,9.78
17/02/2023 21:00,7.38,9.32
17/02/2023 22:00,5.71,8.81
17/02/2023 23:00,4.66,8.34
18/02/2023 00:00,4.58,8.19
18/02/2023 01:00,4.61,8.05
18/02/2023 02:00,5.56,7.82
18/02/2023 03:00,5.71,7.77
18/02/2023 04:00,5.62,8
18/02/2023 05:00,5.54,7.75
18/02/2023 06:00,6.47,8.25
18/02/2023 07:00,7.71,9.22
18/02/2023 08:00,8.33,10.42
18/02/2023 09:00,9.93,10.59
18/02/2023 10:00,9.33,10.57
18/02/2023 11:00,8.19,10.19
18/02/2023 12:00,8.11,10.21
18/02/2023 13:00,8.03,10.05
18/02/2023 14:00,7.82,9.66
18/02/2023 15:00,7.25,9.81
18/02/2023 16:00,6.88,9.55
18/02/2023 17:00,6.83,9.29
18/02/2023 18:00,7.44,9.76
18/02/2023 19:00,7.5,9.35
18/02/2023 20:00,7.94,8.41
18/02/2023 21:00,7.33,8.87
18/02/2023 22:00,6.8,8.71
18/02/2023 23:00,5.4,8.46
19/02/2023 00:00,4.91,8.22
19/02/2023 01:00,3.8,7.96
19/02/2023 02:00,3.99,7.83
19/02/2023 03:00,3.64,7.68
19/02/2023 04:00,4.05,7.81
19/02/2023 05:00,5.1,7.73
19/02/2023 06:00,5.9,7.97
19/02/2023 07:00,6.74,8.89
19/02/2023 08:00,8.26,10.12
19/02/2023 09:00,8.77,11.22
19/02/2023 10:00,8.78,10.69
19/02/2023 11:00,7.96,10.71
19/02/2023 12:00,7.3,10.29
19/02/2023 13:00,6.69,9.31
19/02/2023 14:00,6.64,9.03
19/02/2023 15:00,6.16,8.42
19/02/2023 16:00,5.75,8.94
19/02/2023 17:00,6.19,9.38
19/02/2023 18:00,7.44,9.67
19/02/2023 19:00,8.01,9.8
19/02/2023 20:00,7.87,9.75
19/02/2023 21:00,7.21,9.4
19/02/2023 22:00,9.5,8.71
19/02/2023 23:00,17.98,8.59
20/02/2023 00:00,4.77,8.23
20/02/2023 01:00,4.16,7.89
20/02/2023 02:00,5.19,7.89
20/02/2023 03:00,4.22,7.74
20/02/2023 04:00,3.98,7.82
20/02/2023 05:00,5.53,8.1
20/02/2023 06:00,7.36,8.86
20/02/2023 07:00,9.18,10.43
20/02/2023 08:00,9.59,10.84
20/02/2023 09:00,10.7,10.11
20/02/2023 10:00,10.45,9.96
20/02/2023 11:00,10.88,9.88
20/02/2023 12:00,9.61,9.75
20/02/2023 13:00,9.57,10.01
20/02/2023 14:00,9.25,9.66
20/02/2023 15:00,9.17,9.26
20/02/2023 16:00,7.91,9.5
20/02/2023 17:00,7.96,9.09
20/02/2023 18:00,8.1,9.8
20/02/2023 19:00,8.71,9.52
20/02/2023 20:00,7.92,9.91
20/02/2023 21:00,7.5,9.46
20/02/2023 22:00,5.8,8.47
20/02/2023 23:00,5.86,8.33
21/02/2023 00:00,4.61,7.98
21/02/2023 01:00,17.49,7.61
21/02/2023 02:00,4.93,7.73
21/02/2023 03:00,4.86,7.56
21/02/2023 04:00,4.8,7.69
21/02/2023 05:00,6.52,7.75
21/02/2023 06:00,8.76,8.63
21/02/2023 07:00,9.33,9.86
21/02/2023 08:00,9.9,9.81
21/02/2023 09:00,9.12,9.95
21/02/2023 10:00,9.24,9.32
21/02/2023 11:00,9.25,9.5
21/02/2023 12:00,8.94,9.58
21/02/2023 13:00,8.28,10.02
21/02/2023 14:00,7.92,9.96
21/02/2023 15:00,8.71,9.65
21/02/2023 16:00,8.54,9.57
21/02/2023 17:00,7.56,9.19
21/02/2023 18:00,7.17,9.3
21/02/2023 19:00,8.35,9.53
21/02/2023 20:00,8,9.89
21/02/2023 21:00,6.69,8.9
21/02/2023 22:00,5.64,8.73
21/02/2023 23:00,5.4,8.61
22/02/2023 00:00,3.61,8.19
22/02/2023 01:00,3.63,8.04
22/02/2023 02:00,4.13,8.2
22/02/2023 03:00,4.39,7.95
22/02/2023 04:00,NaN,7.85
22/02/2023 05:00,5.29,8.03
22/02/2023 06:00,7.72,8.86
22/02/2023 07:00,9.19,10.14
22/02/2023 08:00,9.58,9.99
22/02/2023 09:00,9.11,9.87
22/02/2023 10:00,9.54,9.62
22/02/2023 11:00,8.82,9.8
22/02/2023 12:00,8.57,9.94
22/02/2023 13:00,10.27,10.36
22/02/2023 14:00,9.35,9.55
22/02/2023 15:00,9.15,9.57
22/02/2023 16:00,7.81,9.78
22/02/2023 17:00,8.01,9.27
22/02/2023 18:00,7.32,9.65
22/02/2023 19:00,7.82,10.08
22/02/2023 20:00,8.33,10.38
22/02/2023 21:00,7.03,9.28
22/02/2023 22:00,5.67,9.2
22/02/2023 23:00,5.4,8.47
23/02/2023 00:00,4.06,7.84
23/02/2023 01:00,3.74,7.81
23/02/2023 02:00,4.33,7.73
23/02/2023 03:00,4.64,7.63
23/02/2023 04:00,5.22,7.82
23/02/2023 05:00,5.39,8.04
23/02/2023 06:00,7.49,9.2
23/02/2023 07:00,9.02,10.27
23/02/2023 08:00,9.76,10.25
23/02/2023 09:00,10,9.99
23/02/2023 10:00,10.52,9.68
23/02/2023 11:00,9.47,9.02
23/02/2023 12:00,9.12,9.14
23/02/2023 13:00,9.33,9.12
23/02/2023 14:00,10.38,9.14
23/02/2023 15:00,8.38,9.7
23/02/2023 16:00,6.84,9.25
23/02/2023 17:00,7.96,9.45
23/02/2023 18:00,7.45,9.31
23/02/2023 19:00,8.34,9.87
23/02/2023 20:00,8.13,10
23/02/2023 21:00,6.69,9.32
23/02/2023 22:00,5.8,8.57
23/02/2023 23:00,5.02,8.29
24/02/2023 00:00,4.28,7.93
24/02/2023 01:00,3.81,7.7
24/02/2023 02:00,5.22,7.73
24/02/2023 03:00,4.46,7.83
24/02/2023 04:00,4.01,7.86
24/02/2023 05:00,4.65,8.2
24/02/2023 06:00,6.6,9.42
24/02/2023 07:00,8.98,10.34
24/02/2023 08:00,8.83,10.12
24/02/2023 09:00,9.88,9.98
24/02/2023 10:00,9.18,9.72
24/02/2023 11:00,8.35,9.58
24/02/2023 12:00,8.35,9.3
24/02/2023 13:00,9.47,9.35
24/02/2023 14:00,8.91,9.18
24/02/2023 15:00,7.94,9.18
24/02/2023 16:00,7.49,8.99
24/02/2023 17:00,7.87,9.51
24/02/2023 18:00,7.6,9.95
24/02/2023 19:00,8.15,10.12
24/02/2023 20:00,7.76,9.69
24/02/2023 21:00,7.17,9.55
24/02/2023 22:00,6.1,8.72
24/02/2023 23:00,4.84,8.4
25/02/2023 00:00,3.94,8.11
25/02/2023 01:00,3.99,7.72
25/02/2023 02:00,5.05,7.73
25/02/2023 03:00,4.63,7.91
25/02/2023 04:00,4.88,7.85
25/02/2023 05:00,5.8,7.96
25/02/2023 06:00,7.5,8.18
25/02/2023 07:00,7.68,9.05
25/02/2023 08:00,8.42,9.44
25/02/2023 09:00,8.81,10.65
25/02/2023 10:00,8.49,10.37
25/02/2023 11:00,9.66,10.63
25/02/2023 12:00,8.43,10.62
25/02/2023 13:00,8.6,10.15
25/02/2023 14:00,7.78,9.99
25/02/2023 15:00,7.45,10.05
25/02/2023 16:00,7.01,9.8
25/02/2023 17:00,6.96,9.82
25/02/2023 18:00,7.29,9.69
25/02/2023 19:00,7.68,9.57
25/02/2023 20:00,7.68,9.41
25/02/2023 21:00,6.87,9.15
25/02/2023 22:00,5.19,8.78
25/02/2023 23:00,5.57,8.43
26/02/2023 00:00,5.09,7.96
26/02/2023 01:00,4.37,7.65
26/02/2023 02:00,4.21,7.63
26/02/2023 03:00,4.8,7.51
26/02/2023 04:00,4.05,7.6
26/02/2023 05:00,4.38,7.69
26/02/2023 06:00,6.04,8.02
26/02/2023 07:00,5.86,9.06
26/02/2023 08:00,7.96,9.88
26/02/2023 09:00,8.01,10.94
26/02/2023 10:00,7.97,10.88
26/02/2023 11:00,6.64,10.18
26/02/2023 12:00,6.66,10.41
26/02/2023 13:00,5.84,10.24
26/02/2023 14:00,6.57,9.76
26/02/2023 15:00,5.49,10.06
26/02/2023 16:00,5.37,9.64
26/02/2023 17:00,5.64,9.75
26/02/2023 18:00,8.6,9.85
26/02/2023 19:00,10.07,9.83
26/02/2023 20:00,6.7,9.92
26/02/2023 21:00,5.79,9.03
26/02/2023 22:00,8.4,8.77
26/02/2023 23:00,16.07,8.03
27/02/2023 00:00,3.11,7.85
27/02/2023 01:00,3.51,7.69
27/02/2023 02:00,5.45,7.5
27/02/2023 03:00,4.47,7.66
27/02/2023 04:00,4.26,7.88
27/02/2023 05:00,4.83,8.06
27/02/2023 06:00,6.68,9.14
27/02/2023 07:00,9.78,10.2
27/02/2023 08:00,9.04,10.21
27/02/2023 09:00,8.49,10.21
27/02/2023 10:00,9.65,9.92
27/02/2023 11:00,9.44,9.05
27/02/2023 12:00,8.46,9.44
27/02/2023 13:00,10.12,9.44
27/02/2023 14:00,9.55,9.39
27/02/2023 15:00,8.76,8.96
27/02/2023 16:00,7.69,9.2
27/02/2023 17:00,7.31,9.28
27/02/2023 18:00,6.17,9.34
27/02/2023 19:00,6.37,9.74
27/02/2023 20:00,6.87,9.93
27/02/2023 21:00,6.53,9.06
27/02/2023 22:00,5.2,8.78
27/02/2023 23:00,5.12,8.4
28/02/2023 00:00,4.88,7.94
28/02/2023 01:00,17.77,7.66
28/02/2023 02:00,5.54,7.67
28/02/2023 03:00,5.98,7.62
28/02/2023 04:00,5.14,7.73
28/02/2023 05:00,5.88,7.99
28/02/2023 06:00,7.29,8.97
28/02/2023 07:00,9.15,10.68
28/02/2023 08:00,9.12,10.45
28/02/2023 09:00,9.46,9.87
28/02/2023 10:00,9.76,9.48
28/02/2023 11:00,10.19,9.14
28/02/2023 12:00,9.5,9.21
28/02/2023 13:00,8.8,9.49
28/02/2023 14:00,8.76,9.6
28/02/2023 15:00,8.16,9.25
28/02/2023 16:00,7.18,9.06
28/02/2023 17:00,7.57,9.03
28/02/2023 18:00,7.2,9.52
28/02/2023 19:00,8.2,9.6
28/02/2023 20:00,8.28,10.19
28/02/2023 21:00,6.53,9.27
28/02/2023 22:00,5.63,8.51
28/02/2023 23:00,5.13,8.24
1/3/2023 0:00,5.69,7.83
1/3/2023 1:00,4.63,7.67
1/3/2023 2:00,3.41,7.62
1/3/2023 3:00,3.39,7.5
1/3/2023 4:00,3.35,7.7
1/3/2023 5:00,4.03,7.92
1/3/2023 6:00,7.27,9.13
1/3/2023 7:00,8.5,10.58
1/3/2023 8:00,9.2,10.07
1/3/2023 9:00,9.46,9.72
1/3/2023 10:00,9.31,9.21
1/3/2023 11:00,8.96,8.82
1/3/2023 12:00,8.43,9.36
1/3/2023 13:00,8.33,9.14
1/3/2023 14:00,8.78,8.94
1/3/2023 15:00,7.8,8.73
1/3/2023 16:00,7.05,9.05
1/3/2023 17:00,6.75,9.04
1/3/2023 18:00,8.46,9.81
1/3/2023 19:00,7.81,9.94
1/3/2023 20:00,7.72,9.7
1/3/2023 21:00,6.74,9.37
1/3/2023 22:00,4.93,8.6
1/3/2023 23:00,4.81,8.25
2/3/2023 0:00,4.79,7.89
2/3/2023 1:00,4.8,7.7
2/3/2023 2:00,4.59,7.67
2/3/2023 3:00,4.04,7.55
2/3/2023 4:00,3.26,7.69
2/3/2023 5:00,3.68,7.81
2/3/2023 6:00,6.69,9.13
2/3/2023 7:00,8.95,10.29
2/3/2023 8:00,9.33,10.32
2/3/2023 9:00,9.87,9.57
2/3/2023 10:00,10.64,9.53
2/3/2023 11:00,9.37,9.28
2/3/2023 12:00,9.11,9.11
2/3/2023 13:00,8.91,9.03
2/3/2023 14:00,8.83,8.99
2/3/2023 15:00,8.41,9.29
2/3/2023 16:00,7.12,7.98
2/3/2023 17:00,6.79,9.31
2/3/2023 18:00,6.99,9.54
2/3/2023 19:00,7.57,9.63
2/3/2023 20:00,8.12,9.96
2/3/2023 21:00,7.41,9.47
2/3/2023 22:00,5.67,8.59
2/3/2023 23:00,5.76,8.28
3/3/2023 0:00,5.53,7.82
3/3/2023 1:00,4.14,7.63
3/3/2023 2:00,4.9,7.68
3/3/2023 3:00,3.38,7.84
3/3/2023 4:00,3.69,7.73
3/3/2023 5:00,5.17,8.01
3/3/2023 6:00,7.32,9.4
3/3/2023 7:00,8.24,10.17
3/3/2023 8:00,9.73,10.1
3/3/2023 9:00,9.23,10.18
3/3/2023 10:00,9.35,9.23
3/3/2023 11:00,8.42,9.3
3/3/2023 12:00,9.39,9.36
3/3/2023 13:00,8.65,9.78
3/3/2023 14:00,8.1,9.21
3/3/2023 15:00,8.37,9.27
3/3/2023 16:00,6.57,9.61
3/3/2023 17:00,7.43,9.34
3/3/2023 18:00,6.75,9.43
3/3/2023 19:00,7.25,9.79
3/3/2023 20:00,7.27,9.28
3/3/2023 21:00,6.18,9.27
3/3/2023 22:00,5.03,8.68
3/3/2023 23:00,5.16,8.19
4/3/2023 0:00,4.76,7.95
4/3/2023 1:00,4.1,7.68
4/3/2023 2:00,4.64,7.67
4/3/2023 3:00,4.2,7.7
4/3/2023 4:00,2.77,7.69
4/3/2023 5:00,3.93,7.86
4/3/2023 6:00,6.09,8.43
4/3/2023 7:00,7.46,9.53
4/3/2023 8:00,9.08,10.91
4/3/2023 9:00,8.34,11.46
4/3/2023 10:00,9.23,11
4/3/2023 11:00,7.64,10.44
4/3/2023 12:00,7.56,10.37
4/3/2023 13:00,8.1,10.61
4/3/2023 14:00,7.58,10.01
4/3/2023 15:00,6.96,9.59
4/3/2023 16:00,6.78,9.88
4/3/2023 17:00,5.95,10.14
4/3/2023 18:00,6.64,9.58
4/3/2023 19:00,6.72,9.63
4/3/2023 20:00,7.86,9.4
4/3/2023 21:00,6.64,9.26
4/3/2023 22:00,5.75,8.63
4/3/2023 23:00,5.2,8.39
5/3/2023 0:00,5.23,8.15
5/3/2023 1:00,4.75,8.09
5/3/2023 2:00,3.49,7.73
5/3/2023 3:00,3.28,7.66
5/3/2023 4:00,3.76,7.67
5/3/2023 5:00,4.22,7.69
5/3/2023 6:00,6.93,8.22
5/3/2023 7:00,7.78,9.47
5/3/2023 8:00,8.08,10.89
5/3/2023 9:00,8.21,11.34
5/3/2023 10:00,8.42,11.49
5/3/2023 11:00,7.88,10.95
5/3/2023 12:00,7.29,10.77
5/3/2023 13:00,6.61,10.16
5/3/2023 14:00,6.99,10.06
5/3/2023 15:00,7.28,9.88
5/3/2023 16:00,6.49,9.62
5/3/2023 17:00,5.51,10.06
5/3/2023 18:00,6.89,10.05
5/3/2023 19:00,6.8,9.67
5/3/2023 20:00,7.09,9.84
5/3/2023 21:00,6.92,9.51
5/3/2023 22:00,8.98,8.86
5/3/2023 23:00,15.25,8.39
6/3/2023 0:00,5.05,7.76
6/3/2023 1:00,4.09,7.66
6/3/2023 2:00,4.34,7.6
6/3/2023 3:00,3.12,7.81
6/3/2023 4:00,3.07,7.91
6/3/2023 5:00,4.25,8.18
6/3/2023 6:00,8.41,9.6
6/3/2023 7:00,9.65,10.69
6/3/2023 8:00,9.65,10.35
6/3/2023 9:00,9.45,9.64
6/3/2023 10:00,9.59,9.12
6/3/2023 11:00,9.66,9.41
6/3/2023 12:00,8.9,9.2
6/3/2023 13:00,9.22,9.49
6/3/2023 14:00,9.13,9.11
6/3/2023 15:00,8.68,9.08
6/3/2023 16:00,7.86,9.4
6/3/2023 17:00,7.72,9.14
6/3/2023 18:00,8.07,9.44
6/3/2023 19:00,8.21,9.77
6/3/2023 20:00,8.97,9.95
6/3/2023 21:00,7.48,9.41
6/3/2023 22:00,6,8.76
6/3/2023 23:00,5.33,8.47
7/3/2023 0:00,5.25,8.03
7/3/2023 1:00,17.19,7.66
7/3/2023 2:00,3.7,7.75
7/3/2023 3:00,3.56,7.76
7/3/2023 4:00,2.63,7.85
7/3/2023 5:00,4.48,8.06
7/3/2023 6:00,6.44,9.32
7/3/2023 7:00,8.79,10.66
7/3/2023 8:00,8.95,10.2
7/3/2023 9:00,8.75,9.49
7/3/2023 10:00,8.99,9.4
7/3/2023 11:00,9.52,9.68
7/3/2023 12:00,10.01,8.88
7/3/2023 13:00,8.84,9.33
7/3/2023 14:00,8.49,8.81
7/3/2023 15:00,8,9.27
7/3/2023 16:00,7.21,9.11
7/3/2023 17:00,7.47,9.14
7/3/2023 18:00,7.65,9.82
7/3/2023 19:00,7.13,9.93
7/3/2023 20:00,7.52,9.95
7/3/2023 21:00,7.54,9.63
7/3/2023 22:00,5.12,8.77
7/3/2023 23:00,4.45,8.13
8/3/2023 0:00,3.7,7.72
8/3/2023 1:00,3.11,7.84
8/3/2023 2:00,2.78,7.68
8/3/2023 3:00,2.63,7.79
8/3/2023 4:00,2.8,7.96
8/3/2023 5:00,4.65,8.01
8/3/2023 6:00,7.72,9.1
8/3/2023 7:00,9.47,10.36
8/3/2023 8:00,9.1,10.28
8/3/2023 9:00,9.16,10.36
8/3/2023 10:00,10.12,9.66
8/3/2023 11:00,8.18,9.5
8/3/2023 12:00,8.86,9.88
8/3/2023 13:00,8.68,9.1
8/3/2023 14:00,8.58,9.25
8/3/2023 15:00,8.64,9.51
8/3/2023 16:00,6.79,9.77
8/3/2023 17:00,7.07,9.15
8/3/2023 18:00,7.3,9.3
8/3/2023 19:00,7.85,10.06
8/3/2023 20:00,7.99,10.14
8/3/2023 21:00,6.07,9.79
8/3/2023 22:00,5.6,8.76
8/3/2023 23:00,5.09,8.34
9/3/2023 0:00,5.38,8.03
9/3/2023 1:00,3.48,7.66
9/3/2023 2:00,3.8,7.7
9/3/2023 3:00,3.81,7.94
9/3/2023 4:00,2.82,8.03
9/3/2023 5:00,4.19,8.18
9/3/2023 6:00,6.22,9.59
9/3/2023 7:00,9.24,10.6
9/3/2023 8:00,9.19,9.94
9/3/2023 9:00,9.02,9.53
9/3/2023 10:00,8.79,9.38
9/3/2023 11:00,8.62,9.36
9/3/2023 12:00,9.3,8.91
9/3/2023 13:00,8.51,9.46
9/3/2023 14:00,8.87,9.72
9/3/2023 15:00,7.9,9.33
9/3/2023 16:00,6.52,9.36
9/3/2023 17:00,6.84,9.22
9/3/2023 18:00,7.34,9.33
9/3/2023 19:00,7.89,9.57
9/3/2023 20:00,8.22,9.95
9/3/2023 21:00,6.41,9.42
9/3/2023 22:00,5.23,8.55
9/3/2023 23:00,4.71,8.28
10/3/2023 0:00,4.76,8.01
10/3/2023 1:00,3.39,7.76
10/3/2023 2:00,4.02,7.8
10/3/2023 3:00,3.05,7.69
10/3/2023 4:00,3.28,7.87
10/3/2023 5:00,4.73,8.09
10/3/2023 6:00,6.92,9.76
10/3/2023 7:00,8.37,10.51
10/3/2023 8:00,9.24,9.97
10/3/2023 9:00,9.19,9.78
10/3/2023 10:00,8.47,9.15
10/3/2023 11:00,8.33,9.05
10/3/2023 12:00,9.06,9.28
10/3/2023 13:00,7.98,9.18
10/3/2023 14:00,9.23,9.49
10/3/2023 15:00,9.05,9.22
10/3/2023 16:00,9.02,9
10/3/2023 17:00,7.54,9.43
10/3/2023 18:00,7.18,9.7
10/3/2023 19:00,7.85,9.7
10/3/2023 20:00,7.37,9.66
10/3/2023 21:00,5.84,9.08
10/3/2023 22:00,4.1,8.65
10/3/2023 23:00,3.94,8.15
11/3/2023 0:00,4.15,7.89
11/3/2023 1:00,4.73,7.7
11/3/2023 2:00,5.92,7.62
11/3/2023 3:00,5.48,7.58
11/3/2023 4:00,4.5,7.65
11/3/2023 5:00,5.18,7.96
11/3/2023 6:00,6.46,8.34
11/3/2023 7:00,7.57,9.9
11/3/2023 8:00,8.31,11.4
11/3/2023 9:00,8.4,11.13
11/3/2023 10:00,8.07,10.77
11/3/2023 11:00,7.83,10.73
11/3/2023 12:00,7.34,10.38
11/3/2023 13:00,7.77,10.5
11/3/2023 14:00,7.16,9.74
11/3/2023 15:00,6.66,10.53
11/3/2023 16:00,7.12,9.66
11/3/2023 17:00,7.61,9.81
11/3/2023 18:00,7.2,9.91
11/3/2023 19:00,6.6,9.65
11/3/2023 20:00,7.69,9.31
11/3/2023 21:00,6.29,9.15
11/3/2023 22:00,5,8.63
11/3/2023 23:00,5.55,8.47
12/3/2023 0:00,3.49,8.03
12/3/2023 1:00,3.22,7.84
12/3/2023 2:00,2.93,7.64
12/3/2023 3:00,2.92,7.63
12/3/2023 4:00,4.49,7.62
12/3/2023 5:00,4.94,7.83
12/3/2023 6:00,6.14,8.32
12/3/2023 7:00,8.2,9.38
12/3/2023 8:00,8.33,10.81
12/3/2023 9:00,8,11.42
12/3/2023 10:00,7.9,11.35
12/3/2023 11:00,7.23,10.6
12/3/2023 12:00,7.34,10.95
12/3/2023 13:00,6.87,10.33
12/3/2023 14:00,7.68,9.62
12/3/2023 15:00,6.42,10
12/3/2023 16:00,6.16,9.86
12/3/2023 17:00,5.37,9.4
12/3/2023 18:00,6.87,9.9
12/3/2023 19:00,6.97,10.12
12/3/2023 20:00,8.07,9.96
12/3/2023 21:00,6.62,9.33
12/3/2023 22:00,8.37,8.8
12/3/2023 23:00,14.76,8.31
13/03/2023 00:00,5.51,7.86
13/03/2023 01:00,4.35,7.6
13/03/2023 02:00,4.79,7.47
13/03/2023 03:00,3.52,7.86
13/03/2023 04:00,3.46,7.86
13/03/2023 05:00,5.15,8.21
13/03/2023 06:00,7.4,9.35
13/03/2023 07:00,9.14,10.81
13/03/2023 08:00,9.54,10.15
13/03/2023 09:00,10.62,9.97
13/03/2023 10:00,9.52,9.57
13/03/2023 11:00,8.79,9.57
13/03/2023 12:00,8.73,9.52
13/03/2023 13:00,8.46,9.68
13/03/2023 14:00,9,9.47
13/03/2023 15:00,8.42,9
13/03/2023 16:00,7.46,9.08
13/03/2023 17:00,8.18,9.12
13/03/2023 18:00,7.25,9.63
13/03/2023 19:00,7.88,9.98
13/03/2023 20:00,7.5,9.69
13/03/2023 21:00,6.85,9.31
13/03/2023 22:00,5.81,8.52
13/03/2023 23:00,4.83,8.07
14/03/2023 00:00,5.19,7.89
14/03/2023 01:00,17.41,7.52
14/03/2023 02:00,3.91,7.74
14/03/2023 03:00,3.8,7.83
14/03/2023 04:00,3.03,7.83
14/03/2023 05:00,4.9,8.05
14/03/2023 06:00,6.82,9.41
14/03/2023 07:00,8.93,10.21
14/03/2023 08:00,8.97,10.14
14/03/2023 09:00,8.94,9.51
14/03/2023 10:00,11.03,9.14
14/03/2023 11:00,9.2,8.71
14/03/2023 12:00,8.99,9.07
14/03/2023 13:00,8.39,9.36
14/03/2023 14:00,8.26,9.12
14/03/2023 15:00,7.48,8.71
14/03/2023 16:00,6.58,8.75
14/03/2023 17:00,7.91,8.73
14/03/2023 18:00,7.05,9.37
14/03/2023 19:00,7.39,9.77
14/03/2023 20:00,7.65,10.22
14/03/2023 21:00,7.14,9.05
14/03/2023 22:00,6.27,8.7
14/03/2023 23:00,5.03,8.43
15/03/2023 00:00,3.66,7.85
15/03/2023 01:00,3.61,7.54
15/03/2023 02:00,3.43,NaN
15/03/2023 03:00,3.95,7.77
15/03/2023 04:00,5.99,7.78
15/03/2023 05:00,5.27,7.75
15/03/2023 06:00,8.31,9.22
15/03/2023 07:00,9.61,10.55
15/03/2023 08:00,9.14,10.2
15/03/2023 09:00,9.83,9.8
15/03/2023 10:00,10.58,9.39
15/03/2023 11:00,8.38,9.12
15/03/2023 12:00,8.59,8.92
15/03/2023 13:00,9.55,9.17
15/03/2023 14:00,8.94,8.92
15/03/2023 15:00,7.79,9.43
15/03/2023 16:00,7.31,8.9
15/03/2023 17:00,8.18,8.94
15/03/2023 18:00,8.16,9.42
15/03/2023 19:00,8.73,9.63
15/03/2023 20:00,8.35,9.99
15/03/2023 21:00,6.85,9.17
15/03/2023 22:00,5.73,8.44
15/03/2023 23:00,5.03,8.15
16/03/2023 00:00,4.26,7.63
16/03/2023 01:00,4.12,7.52
16/03/2023 02:00,4.71,7.47
16/03/2023 03:00,5.15,7.61
16/03/2023 04:00,5.63,7.77
16/03/2023 05:00,7.11,7.74
16/03/2023 06:00,10.66,9.45
16/03/2023 07:00,8.51,10.67
16/03/2023 08:00,9.1,10.5
16/03/2023 09:00,9.6,9.76
16/03/2023 10:00,9.66,9.57
16/03/2023 11:00,8.31,9.11
16/03/2023 12:00,8.56,9.22
16/03/2023 13:00,8.9,9.22
16/03/2023 14:00,10.06,9.32
16/03/2023 15:00,8.73,9.38
16/03/2023 16:00,8.24,9.04
16/03/2023 17:00,8.74,9.3
16/03/2023 18:00,8.25,9.65
16/03/2023 19:00,7.83,9.89
16/03/2023 20:00,8.23,9.93
16/03/2023 21:00,6.76,9.34
16/03/2023 22:00,5.54,8.74
16/03/2023 23:00,3.69,8.36
17/03/2023 00:00,3.72,7.88
17/03/2023 01:00,3.99,7.59
17/03/2023 02:00,4.62,7.67
17/03/2023 03:00,4.32,7.41
17/03/2023 04:00,4.61,7.51
17/03/2023 05:00,4.94,7.78
17/03/2023 06:00,7.3,9.56
17/03/2023 07:00,9.11,11.17
17/03/2023 08:00,9.43,10.23
17/03/2023 09:00,9.95,9.7
17/03/2023 10:00,10.86,9.29
17/03/2023 11:00,9.2,9.18
17/03/2023 12:00,8.72,9.04
17/03/2023 13:00,8.25,8.93
17/03/2023 14:00,8.34,9.39
17/03/2023 15:00,8.52,9.16
17/03/2023 16:00,8.05,9.06
17/03/2023 17:00,8.24,9.06
17/03/2023 18:00,7.73,9.79
17/03/2023 19:00,7.91,9.85
17/03/2023 20:00,7.71,9.58
17/03/2023 21:00,6.9,9.47
17/03/2023 22:00,5.31,8.61
17/03/2023 23:00,5.08,8.11
18/03/2023 00:00,4.89,7.71
18/03/2023 01:00,3.77,7.57
18/03/2023 02:00,4.51,7.4
18/03/2023 03:00,4.42,7.6
18/03/2023 04:00,4.81,7.78
18/03/2023 05:00,4.95,7.75
18/03/2023 06:00,6.41,8.25
18/03/2023 07:00,7.51,9.85
18/03/2023 08:00,8.69,11.06
18/03/2023 09:00,8.89,11.28
18/03/2023 10:00,8.79,10.88
18/03/2023 11:00,7.28,10.7
18/03/2023 12:00,7.97,10.59
18/03/2023 13:00,7.44,10.42
18/03/2023 14:00,7.35,10.48
18/03/2023 15:00,6.83,9.8
18/03/2023 16:00,6.39,10.23
18/03/2023 17:00,8.29,10.78
18/03/2023 18:00,7.67,10.17
18/03/2023 19:00,7.85,9.44
18/03/2023 20:00,7.84,9.84
18/03/2023 21:00,6.56,9.16
18/03/2023 22:00,6.03,8.59
18/03/2023 23:00,5.5,8.41
19/03/2023 00:00,4.32,7.88
19/03/2023 01:00,3.8,7.63
19/03/2023 02:00,3.5,7.69
19/03/2023 03:00,3.32,7.52
19/03/2023 04:00,4.12,7.66
19/03/2023 05:00,4.85,7.71
19/03/2023 06:00,5.85,8.21
19/03/2023 07:00,6.73,9.32
19/03/2023 08:00,9.09,11.17
19/03/2023 09:00,8.75,11.86
19/03/2023 10:00,8.72,11.1
19/03/2023 11:00,8.59,10.74
19/03/2023 12:00,7.72,11.13
19/03/2023 13:00,7.23,10.76
19/03/2023 14:00,7.46,9.95
19/03/2023 15:00,8.14,9.67
19/03/2023 16:00,6.43,9.71
19/03/2023 17:00,6.43,9.26
19/03/2023 18:00,7.59,9.47
19/03/2023 19:00,7.44,9.94
19/03/2023 20:00,7.63,9.82
19/03/2023 21:00,7.23,9.25
19/03/2023 22:00,9.44,8.64
19/03/2023 23:00,14.33,8.08
20/03/2023 00:00,4.75,7.62
20/03/2023 01:00,3.79,7.53
20/03/2023 02:00,4.57,7.37
20/03/2023 03:00,3.51,7.48
20/03/2023 04:00,3.12,7.57
20/03/2023 05:00,5.06,7.87
20/03/2023 06:00,8.62,9.3
20/03/2023 07:00,9.1,10.37
20/03/2023 08:00,9.9,9.98
20/03/2023 09:00,10.6,9.64
20/03/2023 10:00,11.36,9.18
20/03/2023 11:00,9.13,9.07
20/03/2023 12:00,8.31,9.37
20/03/2023 13:00,8.55,9.72
20/03/2023 14:00,9.19,9.14
20/03/2023 15:00,8.27,9.03
20/03/2023 16:00,7.86,9.16
20/03/2023 17:00,7.8,8.83
20/03/2023 18:00,7.49,9.58
20/03/2023 19:00,7.64,9.73
20/03/2023 20:00,8.27,9.75
20/03/2023 21:00,7.1,9.17
20/03/2023 22:00,5.22,8.69
20/03/2023 23:00,5.1,8.05
21/03/2023 00:00,3.94,7.7
21/03/2023 01:00,17.72,7.56
21/03/2023 02:00,4.74,7.49
21/03/2023 03:00,4.94,7.51
21/03/2023 04:00,5.16,7.57
21/03/2023 05:00,5.42,7.95
21/03/2023 06:00,8.21,9.57
21/03/2023 07:00,10.24,10.51
21/03/2023 08:00,9.7,10.03
21/03/2023 09:00,9.3,10.54
21/03/2023 10:00,8.69,9.31
21/03/2023 11:00,8.43,9.11
21/03/2023 12:00,8.99,9.6
21/03/2023 13:00,8.95,9.46
21/03/2023 14:00,9.38,9.33
21/03/2023 15:00,10.2,9.32
21/03/2023 16:00,9.45,9.28
21/03/2023 17:00,8.1,9.77
21/03/2023 18:00,7.44,9.82
21/03/2023 19:00,8.1,10.28
21/03/2023 20:00,7.74,10.12
21/03/2023 21:00,5.69,9.5
21/03/2023 22:00,4,8.88
21/03/2023 23:00,3.64,8.13
22/03/2023 00:00,3.36,7.89
22/03/2023 01:00,3.61,7.58
22/03/2023 02:00,4.51,7.59
22/03/2023 03:00,4.5,7.52
22/03/2023 04:00,4.61,7.65
22/03/2023 05:00,5.07,7.97
22/03/2023 06:00,6.85,9.13
22/03/2023 07:00,8.92,10.67
22/03/2023 08:00,9.29,10.34
22/03/2023 09:00,10.76,9.83
22/03/2023 10:00,9.27,9.42
22/03/2023 11:00,8.65,9
22/03/2023 12:00,8.5,9.08
22/03/2023 13:00,8.39,9.73
22/03/2023 14:00,9.48,9.25
22/03/2023 15:00,8.34,9.45
22/03/2023 16:00,8.37,9.2
22/03/2023 17:00,9.07,9.36
22/03/2023 18:00,8.53,9.54
22/03/2023 19:00,7.7,10.07
22/03/2023 20:00,7.71,9.8
22/03/2023 21:00,6.63,9.24
22/03/2023 22:00,4.31,8.61
22/03/2023 23:00,3.71,8.2
23/03/2023 00:00,3.61,7.82
23/03/2023 01:00,3.35,7.59
23/03/2023 02:00,4.95,7.61
23/03/2023 03:00,5.41,7.54
23/03/2023 04:00,4.71,7.86
23/03/2023 05:00,4.87,8.37
23/03/2023 06:00,8.4,9.79
23/03/2023 07:00,10.09,11.26
23/03/2023 08:00,9.68,10.76
23/03/2023 09:00,9.39,9.41
23/03/2023 10:00,8.72,9.26
23/03/2023 11:00,8.19,9.08
23/03/2023 12:00,9.07,9.49
23/03/2023 13:00,9.74,9.8
23/03/2023 14:00,10.57,9.6
23/03/2023 15:00,8.75,9.38
23/03/2023 16:00,7.56,9.39
23/03/2023 17:00,8.34,9.84
23/03/2023 18:00,7.04,9.61
23/03/2023 19:00,7.03,9.71
23/03/2023 20:00,8.28,9.63
23/03/2023 21:00,7.34,9.48
23/03/2023 22:00,5.04,8.47
23/03/2023 23:00,4.76,8.16
24/03/2023 00:00,3.6,7.8
24/03/2023 01:00,3.58,7.66
24/03/2023 02:00,4.37,7.55
24/03/2023 03:00,4.59,7.57
24/03/2023 04:00,4.11,7.65
24/03/2023 05:00,4.19,7.98
24/03/2023 06:00,6.97,9.25
24/03/2023 07:00,9.44,11.14
24/03/2023 08:00,8.72,10.15
24/03/2023 09:00,9.33,9.75
24/03/2023 10:00,10.69,9.41
24/03/2023 11:00,9.31,9.16
24/03/2023 12:00,9,9.35
24/03/2023 13:00,9.24,9.3
24/03/2023 14:00,9,9.38
24/03/2023 15:00,8.89,9.25
24/03/2023 16:00,8.32,9.4
24/03/2023 17:00,7.98,9.68
24/03/2023 18:00,7.81,9.9
24/03/2023 19:00,8.74,10
24/03/2023 20:00,8.44,9.6
24/03/2023 21:00,7.49,9.08
24/03/2023 22:00,6.5,8.71
24/03/2023 23:00,5.53,8.16
25/03/2023 00:00,3.57,7.97
25/03/2023 01:00,3.87,7.7
25/03/2023 02:00,5.2,7.57
25/03/2023 03:00,4.79,7.58
25/03/2023 04:00,4.69,7.57
25/03/2023 05:00,4.74,7.81
25/03/2023 06:00,6.94,8.51
25/03/2023 07:00,8.1,9.72
25/03/2023 08:00,8.16,10.52
25/03/2023 09:00,8.67,11.23
25/03/2023 10:00,8.24,10.4
25/03/2023 11:00,7.5,9.76
25/03/2023 12:00,8.05,9.92
25/03/2023 13:00,9.06,9.94
25/03/2023 14:00,8.18,9.86
25/03/2023 15:00,7.28,9.5
25/03/2023 16:00,7.53,9.3
25/03/2023 17:00,7.3,9.52
25/03/2023 18:00,6.32,9.63
25/03/2023 19:00,6.93,9.91
25/03/2023 20:00,7.41,9.34
25/03/2023 21:00,6.59,9.19
25/03/2023 22:00,5.27,8.62
25/03/2023 23:00,5.37,8.45
26/03/2023 00:00,4.29,7.87
26/03/2023 01:00,3.89,7.73
26/03/2023 03:00,3.38,7.75
26/03/2023 04:00,4.23,7.58
26/03/2023 05:00,4.84,7.62
26/03/2023 06:00,5.59,7.88
26/03/2023 07:00,6.88,8.5
26/03/2023 08:00,7.72,9.98
26/03/2023 09:00,8.28,10.83
26/03/2023 10:00,8.63,11.27
26/03/2023 11:00,9.06,11.1
26/03/2023 12:00,7.23,11.45
26/03/2023 13:00,6.9,10.6
26/03/2023 14:00,6.83,10.1
26/03/2023 15:00,6.66,9.86
26/03/2023 16:00,5.85,10.18
26/03/2023 17:00,5.74,9.64
26/03/2023 18:00,6.77,9.9
26/03/2023 19:00,8.76,10.16
26/03/2023 20:00,9.54,10
26/03/2023 21:00,7.27,9.25
26/03/2023 22:00,5.9,8.98
26/03/2023 23:00,9.1,8.58
27/03/2023 00:00,13.77,7.99
27/03/2023 01:00,3.75,7.76
27/03/2023 02:00,4.2,7.66
27/03/2023 03:00,4.99,7.55
27/03/2023 04:00,3.39,7.67
27/03/2023 05:00,4.47,7.94
27/03/2023 06:00,7.01,8.73
27/03/2023 07:00,9.47,10.62
27/03/2023 08:00,9.52,10.21
27/03/2023 09:00,9.59,9.85
27/03/2023 10:00,9.46,9.23
27/03/2023 11:00,9.73,9.2
27/03/2023 12:00,8.96,8.94
27/03/2023 13:00,9.34,10.04
27/03/2023 14:00,8.71,9.45
27/03/2023 15:00,8.11,9.1
27/03/2023 16:00,7.2,8.98
27/03/2023 17:00,7.37,9.35
27/03/2023 18:00,8.45,9.42
27/03/2023 19:00,8.6,9.97
27/03/2023 20:00,8.24,10.18
27/03/2023 21:00,7.16,9.73
27/03/2023 22:00,5.41,8.71
27/03/2023 23:00,5.44,8.28
28/03/2023 00:00,5.87,7.96
28/03/2023 01:00,3.81,7.73
28/03/2023 02:00,16.67,7.63
28/03/2023 03:00,4.23,7.53
28/03/2023 04:00,4.4,7.66
28/03/2023 05:00,4.38,7.85
28/03/2023 06:00,7.6,9.34
28/03/2023 07:00,9.25,10.49
28/03/2023 08:00,10.22,10.31
28/03/2023 09:00,9.68,9.49
28/03/2023 10:00,10.05,9.91
28/03/2023 11:00,9.72,9.38
28/03/2023 12:00,9.2,9.47
28/03/2023 13:00,10.57,9.44
28/03/2023 14:00,9.9,9.3
28/03/2023 15:00,8.15,9.45
28/03/2023 16:00,6.96,9.12
28/03/2023 17:00,9.06,9.14
28/03/2023 18:00,8.2,9.62
28/03/2023 19:00,8.34,9.87
28/03/2023 20:00,8.64,9.98
28/03/2023 21:00,6.69,9.7
28/03/2023 22:00,5.45,9.04
28/03/2023 23:00,5.61,8.34
29/03/2023 00:00,5.89,7.91
29/03/2023 01:00,4.63,7.58
29/03/2023 02:00,3.93,7.59
29/03/2023 03:00,3.37,7.58
29/03/2023 04:00,3.18,7.6
29/03/2023 05:00,5.33,8
29/03/2023 06:00,7.27,8.85
29/03/2023 07:00,10.49,10.69
29/03/2023 08:00,9.94,10.3
29/03/2023 09:00,10.05,9.79
29/03/2023 10:00,10.15,9.31
29/03/2023 11:00,8.72,9.24
29/03/2023 12:00,9.72,9.06
29/03/2023 13:00,10.32,9.4
29/03/2023 14:00,9.48,9.28
29/03/2023 15:00,9.35,9.22
29/03/2023 16:00,7.33,9.89
29/03/2023 17:00,7.67,9.82
29/03/2023 18:00,8.27,10.32
29/03/2023 19:00,9.38,10.13
29/03/2023 20:00,9.37,10.34
29/03/2023 21:00,7.34,9.76
29/03/2023 22:00,5.55,8.73
29/03/2023 23:00,5.06,8.43
30/03/2023 00:00,5.5,8.05
30/03/2023 01:00,3.89,7.89
30/03/2023 02:00,4.15,7.73
30/03/2023 03:00,4.92,7.74
30/03/2023 04:00,4.37,7.83
30/03/2023 05:00,5.3,8.36
30/03/2023 06:00,7.01,9.54
30/03/2023 07:00,9.63,10.53
30/03/2023 08:00,9.25,10.31
30/03/2023 09:00,11.28,9.91
30/03/2023 10:00,10.52,9.16
30/03/2023 11:00,9.55,9.19
30/03/2023 12:00,8.83,9.51
30/03/2023 13:00,8.96,9.28
30/03/2023 14:00,9.11,9.3
30/03/2023 15:00,8.96,8.88
30/03/2023 16:00,10.12,8.9
30/03/2023 17:00,10.64,8.92
30/03/2023 18:00,7.97,9.52
30/03/2023 19:00,8.6,9.9
30/03/2023 20:00,8.17,9.87
30/03/2023 21:00,6.72,9.66
30/03/2023 22:00,5.84,8.68
30/03/2023 23:00,5.82,8.35
31/03/2023 00:00,5.3,7.97
31/03/2023 01:00,3.66,7.59
31/03/2023 02:00,3.83,7.53
31/03/2023 03:00,4.63,7.72
31/03/2023 04:00,4.34,7.87
31/03/2023 05:00,5.32,7.88
31/03/2023 06:00,6.86,9.16
31/03/2023 07:00,10.14,10.33
31/03/2023 08:00,10.37,10.05
31/03/2023 09:00,9.94,9.63
31/03/2023 10:00,9.88,9.27
31/03/2023 11:00,9.63,8.97
31/03/2023 12:00,8.86,8.79
31/03/2023 13:00,8.95,9.25
31/03/2023 14:00,10.69,9.37
31/03/2023 15:00,9.22,9.29
31/03/2023 16:00,6.7,9.48
31/03/2023 17:00,8.14,9.06
31/03/2023 18:00,8.25,9.46
31/03/2023 19:00,7.89,9.74
31/03/2023 20:00,7.94,9.87
31/03/2023 21:00,7.3,9.05
31/03/2023 22:00,6.72,8.91
31/03/2023 23:00,5.52,8.79
